Transaction_ID,Transaction_Date,Customer_ID,Branch_ID,Transaction_Type,Channel,Amount_INR,Status,Fee_Revenue_INR
T000001,2025-04-11,C0167,B003,Card,Branch,1688.75,Success,3.38
T000002,2025-02-28,C0301,B008,UPI,POS,6968.15,Success,0.0
T000003,2025-02-13,C0303,B001,NEFT,Web,971.75,Success,0.0
T000004,2025-07-18,C0262,B006,Card,Web,540.21,Success,1.08
T000005,2025-03-27,C0285,B004,Card,ATM,601.67,Success,0.0
T000006,2025-01-05,C0488,B002,Card,Branch,633.35,Success,0.63
T000007,2025-09-09,C0351,B003,Card,Web,4630.47,Success,0.0
T000008,2025-01-17,C0150,B005,UPI,POS,1599.69,Success,1.6
T000009,2025-02-27,C0262,B006,Card,POS,619.23,Failed,0.0
T000010,2025-01-22,C0422,B005,IMPS,ATM,1301.51,Success,0.0
T000011,2025-01-17,C0448,B004,Card,Web,358.74,Success,0.0
T000012,2025-10-29,C0108,B007,NEFT,Web,7253.53,Success,14.51
T000013,2025-04-16,C0402,B003,ATM,POS,5008.02,Success,10.02
T000014,2025-06-15,C0087,B006,Branch Transfer,POS,643.81,Failed,0.0
T000015,2025-12-14,C0461,B007,ATM,Web,1259.89,Success,0.0
T000016,2025-03-16,C0128,B004,IMPS,Web,15717.09,Success,15.72
T000017,2025-11-20,C0296,B002,UPI,Branch,1131.71,Success,0.0
T000018,2025-05-23,C0264,B004,NEFT,Mobile,4851.49,Success,9.7
T000019,2025-02-17,C0445,B007,IMPS,POS,1197.23,Success,0.0
T000020,2025-04-22,C0204,B002,Branch Transfer,ATM,4460.04,Success,0.0
T000021,2025-10-23,C0281,B007,UPI,ATM,98.81,Success,0.0
T000022,2025-02-12,C0129,B006,Card,Web,3395.27,Success,0.0
T000023,2025-12-02,C0220,B002,UPI,Web,612.22,Success,1.22
T000024,2025-12-15,C0266,B003,Card,Web,409.26,Success,0.41
T000025,2025-02-06,C0245,B004,UPI,Web,504.55,Success,0.5
T000026,2025-12-13,C0329,B002,UPI,ATM,1560.54,Success,1.56
T000027,2025-04-20,C0370,B005,NEFT,Mobile,535.59,Success,0.0
T000028,2025-02-21,C0460,B004,UPI,ATM,947.33,Success,0.0
T000029,2025-02-13,C0331,B003,UPI,ATM,2755.7,Success,0.0
T000030,2025-09-23,C0106,B007,NEFT,Branch,615.14,Success,0.0
T000031,2025-02-27,C0198,B007,UPI,ATM,1910.25,Success,0.0
T000032,2025-06-12,C0479,B005,UPI,Branch,6211.15,Success,0.0
T000033,2025-02-07,C0489,B007,UPI,Branch,541.56,Success,0.0
T000034,2025-05-27,C0260,B005,NEFT,POS,1484.86,Success,0.0
T000035,2025-11-12,C0276,B001,UPI,ATM,615.14,Success,0.0
T000036,2025-08-12,C0358,B006,IMPS,Mobile,421.89,Success,0.84
T000037,2025-12-08,C0159,B005,IMPS,Web,2365.77,Success,0.0
T000038,2025-06-27,C0255,B004,Card,ATM,8421.83,Success,0.0
T000039,2025-03-02,C0376,B005,IMPS,Mobile,974.71,Success,1.95
T000040,2025-08-22,C0255,B004,Card,Mobile,751.33,Success,1.5
T000041,2025-09-18,C0117,B002,UPI,Mobile,435.02,Success,0.0
T000042,2025-12-02,C0284,B005,Card,Mobile,876.82,Success,0.0
T000043,2025-07-10,C0293,B001,UPI,Mobile,2026.12,Success,4.05
T000044,2025-07-25,C0489,B007,UPI,Mobile,1361.8,Success,0.0
T000045,2025-08-22,C0284,B005,UPI,Web,456.12,Success,0.91
T000046,2025-07-08,C0238,B006,Card,Web,1407.98,Success,2.82
T000047,2025-01-04,C0078,B002,Branch Transfer,Mobile,3167.79,Success,0.0
T000048,2025-12-03,C0389,B006,Card,Branch,2669.94,Success,0.0
T000049,2025-01-31,C0252,B002,Branch Transfer,POS,631.5,Success,0.0
T000050,2025-12-25,C0212,B004,ATM,Web,1115.78,Success,2.23
T000051,2025-07-21,C0327,B002,UPI,Web,1818.78,Failed,0.0
T000052,2025-05-14,C0150,B005,ATM,ATM,4934.48,Success,0.0
T000053,2025-05-20,C0232,B006,UPI,Branch,2490.21,Success,2.49
T000054,2025-07-28,C0161,B008,UPI,ATM,513.6,Success,0.51
T000055,2025-03-03,C0437,B008,UPI,Mobile,3160.26,Success,6.32
T000056,2025-06-17,C0111,B001,UPI,Mobile,1227.63,Success,0.0
T000057,2025-07-27,C0488,B002,ATM,Web,1832.38,Success,0.0
T000058,2025-01-07,C0063,B006,UPI,ATM,2751.11,Success,2.75
T000059,2025-11-19,C0352,B001,Branch Transfer,Mobile,263.97,Success,0.0
T000060,2025-04-12,C0034,B004,Branch Transfer,Mobile,1324.26,Success,0.0
T000061,2025-08-25,C0022,B007,UPI,Mobile,5343.39,Success,5.34
T000062,2025-12-16,C0196,B008,Card,Web,96.3,Success,0.1
T000063,2025-11-11,C0018,B008,NEFT,Branch,797.36,Success,1.59
T000064,2025-02-14,C0032,B007,UPI,Web,680.35,Success,1.36
T000065,2025-10-06,C0323,B002,IMPS,POS,870.75,Success,1.74
T000066,2025-07-18,C0165,B003,UPI,POS,207.67,Success,0.0
T000067,2025-03-23,C0120,B003,UPI,Web,2136.43,Success,0.0
T000068,2025-07-18,C0295,B007,Card,POS,378.55,Success,0.0
T000069,2025-12-27,C0015,B004,IMPS,Branch,8599.16,Success,0.0
T000070,2025-06-08,C0278,B001,UPI,POS,1768.61,Success,0.0
T000071,2025-03-08,C0104,B007,UPI,POS,191.22,Success,0.0
T000072,2025-07-06,C0441,B004,Branch Transfer,Web,1212.89,Success,0.0
T000073,2025-08-12,C0375,B004,IMPS,Branch,2790.12,Success,0.0
T000074,2025-12-19,C0158,B007,UPI,Mobile,3331.84,Success,6.66
T000075,2025-11-05,C0094,B007,UPI,Branch,5786.04,Success,0.0
T000076,2025-06-19,C0073,B004,IMPS,Web,12153.28,Success,0.0
T000077,2025-12-21,C0128,B004,UPI,Branch,927.02,Success,0.93
T000078,2025-08-03,C0376,B005,Branch Transfer,Branch,5439.34,Success,10.88
T000079,2025-09-03,C0052,B001,IMPS,Mobile,2575.73,Success,2.58
T000080,2025-01-18,C0410,B005,UPI,ATM,667.02,Success,0.0
T000081,2025-11-11,C0305,B001,ATM,Branch,2743.33,Success,5.49
T000082,2025-01-28,C0081,B005,UPI,ATM,793.45,Success,1.59
T000083,2025-05-25,C0339,B008,UPI,Web,472.55,Success,0.47
T000084,2025-07-04,C0028,B008,UPI,Web,2237.13,Success,0.0
T000085,2025-05-30,C0327,B002,Branch Transfer,Branch,1406.33,Success,1.41
T000086,2025-12-05,C0459,B007,UPI,ATM,2202.54,Success,2.2
T000087,2025-08-17,C0096,B008,UPI,Mobile,1286.47,Success,2.57
T000088,2025-12-23,C0078,B002,NEFT,Web,501.15,Success,1.0
T000089,2025-02-01,C0284,B005,ATM,POS,3787.89,Success,3.79
T000090,2025-05-01,C0452,B001,Card,POS,3097.65,Success,6.2
T000091,2025-03-03,C0076,B003,Branch Transfer,Web,266.06,Success,0.0
T000092,2025-01-22,C0065,B002,Card,Web,6526.41,Failed,0.0
T000093,2025-11-01,C0428,B004,UPI,ATM,439.69,Success,0.0
T000094,2025-08-23,C0267,B003,Branch Transfer,Web,2945.93,Success,0.0
T000095,2025-10-29,C0291,B004,Card,Mobile,458.46,Success,0.46
T000096,2025-05-22,C0089,B008,Card,ATM,2794.83,Success,2.79
T000097,2025-05-02,C0354,B002,UPI,ATM,1396.71,Success,0.0
T000098,2025-05-24,C0160,B008,ATM,Web,10405.33,Failed,0.0
T000099,2025-06-03,C0069,B003,Branch Transfer,POS,845.29,Success,0.85
T000100,2025-02-15,C0331,B003,UPI,POS,8255.65,Success,0.0
T000101,2025-03-23,C0406,B001,UPI,POS,2704.31,Success,5.41
T000102,2025-03-30,C0015,B004,UPI,ATM,671.39,Success,0.0
T000103,2025-08-26,C0189,B005,Card,Branch,1929.75,Success,0.0
T000104,2025-08-17,C0305,B001,UPI,ATM,6894.4,Success,0.0
T000105,2025-12-19,C0384,B002,UPI,ATM,788.86,Success,0.0
T000106,2025-07-29,C0334,B005,Card,POS,2682.08,Success,0.0
T000107,2025-01-05,C0411,B004,UPI,Branch,38603.87,Success,0.0
T000108,2025-07-12,C0459,B007,ATM,POS,1352.93,Success,2.71
T000109,2025-10-27,C0204,B002,UPI,POS,1569.48,Success,0.0
T000110,2025-11-01,C0332,B004,NEFT,ATM,1004.63,Success,0.0
T000111,2025-05-22,C0442,B008,UPI,POS,986.28,Success,0.0
T000112,2025-12-05,C0207,B006,UPI,Branch,1470.86,Success,1.47
T000113,2025-01-19,C0378,B008,Card,ATM,579.02,Success,0.58
T000114,2025-06-03,C0260,B005,ATM,POS,807.4,Success,0.0
T000115,2025-04-04,C0391,B004,Branch Transfer,ATM,10761.54,Success,0.0
T000116,2025-06-19,C0216,B007,Card,POS,1946.44,Success,0.0
T000117,2025-11-14,C0298,B006,UPI,POS,5638.76,Success,5.64
T000118,2025-07-31,C0153,B001,UPI,POS,2994.34,Success,2.99
T000119,2025-08-23,C0458,B007,UPI,Web,3160.54,Success,0.0
T000120,2025-11-21,C0161,B008,UPI,Web,1334.03,Success,2.67
T000121,2025-02-15,C0251,B003,UPI,Branch,1212.81,Success,1.21
T000122,2025-01-20,C0003,B004,Card,Web,1562.76,Success,0.0
T000123,2025-06-26,C0356,B001,UPI,Mobile,375.3,Success,0.0
T000124,2025-05-29,C0153,B001,Card,ATM,1592.62,Success,0.0
T000125,2025-09-08,C0462,B002,Card,Web,4927.25,Success,0.0
T000126,2025-01-12,C0376,B005,Card,Branch,603.94,Success,0.0
T000127,2025-11-24,C0449,B001,UPI,Mobile,1575.97,Failed,0.0
T000128,2025-01-11,C0335,B003,UPI,Branch,452.08,Success,0.0
T000129,2025-03-20,C0360,B006,UPI,POS,1272.84,Success,2.55
T000130,2025-03-12,C0359,B008,Card,Mobile,6003.72,Success,0.0
T000131,2025-02-24,C0402,B003,Card,ATM,3436.36,Success,0.0
T000132,2025-07-29,C0361,B001,UPI,ATM,308.31,Success,0.31
T000133,2025-01-02,C0121,B008,UPI,POS,1903.51,Failed,0.0
T000134,2025-02-21,C0039,B007,Branch Transfer,ATM,2335.08,Failed,0.0
T000135,2025-01-26,C0238,B006,UPI,Mobile,242.04,Success,0.0
T000136,2025-01-24,C0436,B004,UPI,POS,255.1,Success,0.26
T000137,2025-02-17,C0138,B002,Card,ATM,1091.74,Success,1.09
T000138,2025-07-17,C0428,B004,NEFT,Mobile,1387.78,Success,0.0
T000139,2025-12-23,C0068,B004,IMPS,Branch,1381.67,Success,2.76
T000140,2025-07-03,C0399,B004,NEFT,Mobile,1398.69,Success,1.4
T000141,2025-05-14,C0033,B007,NEFT,ATM,1747.72,Success,0.0
T000142,2025-09-25,C0266,B003,NEFT,ATM,2116.78,Success,2.12
T000143,2025-12-13,C0340,B002,NEFT,POS,8413.4,Success,0.0
T000144,2025-08-29,C0435,B003,ATM,Mobile,1452.62,Failed,0.0
T000145,2025-04-25,C0260,B005,Card,POS,474.21,Success,0.47
T000146,2025-02-15,C0230,B001,ATM,Mobile,1335.37,Success,0.0
T000147,2025-07-31,C0207,B006,UPI,ATM,2401.45,Success,4.8
T000148,2025-09-18,C0456,B006,Card,Web,2410.79,Success,0.0
T000149,2025-08-21,C0433,B008,UPI,Branch,4659.95,Success,0.0
T000150,2025-02-19,C0059,B005,IMPS,POS,717.13,Success,0.0
T000151,2025-07-11,C0268,B006,IMPS,ATM,167.59,Success,0.0
T000152,2025-04-11,C0313,B007,UPI,ATM,4992.48,Success,0.0
T000153,2025-08-01,C0056,B004,UPI,Branch,2972.58,Success,2.97
T000154,2025-10-29,C0338,B001,Branch Transfer,POS,423.84,Success,0.0
T000155,2025-08-10,C0479,B005,ATM,POS,1394.72,Success,0.0
T000156,2025-03-07,C0089,B008,UPI,Branch,2939.96,Success,2.94
T000157,2025-12-21,C0312,B007,IMPS,POS,6471.5,Success,6.47
T000158,2025-09-20,C0359,B008,UPI,Web,17705.08,Success,35.41
T000159,2025-04-18,C0103,B005,NEFT,POS,855.13,Success,0.0
T000160,2025-12-22,C0278,B001,NEFT,POS,6690.74,Success,13.38
T000161,2025-12-08,C0483,B003,IMPS,Mobile,24746.4,Success,24.75
T000162,2025-02-24,C0268,B006,UPI,ATM,233.87,Success,0.0
T000163,2025-05-09,C0350,B008,UPI,Mobile,489.45,Success,0.49
T000164,2025-12-12,C0316,B008,IMPS,Mobile,1699.12,Success,0.0
T000165,2025-07-15,C0475,B007,Card,Web,722.27,Success,0.0
T000166,2025-08-15,C0318,B005,ATM,Web,4163.87,Success,8.33
T000167,2025-04-10,C0398,B006,UPI,POS,258.83,Success,0.0
T000168,2025-07-13,C0062,B002,UPI,Mobile,884.45,Success,0.0
T000169,2025-08-27,C0170,B008,IMPS,POS,735.28,Success,0.0
T000170,2025-12-05,C0432,B006,UPI,POS,4472.07,Success,0.0
T000171,2025-04-05,C0113,B006,Card,Mobile,2654.96,Success,2.65
T000172,2025-04-24,C0179,B005,ATM,POS,2250.44,Success,4.5
T000173,2025-10-15,C0244,B007,ATM,POS,2496.95,Success,4.99
T000174,2025-01-21,C0125,B005,NEFT,Mobile,5130.98,Success,0.0
T000175,2025-09-22,C0467,B002,ATM,ATM,498.75,Success,0.0
T000176,2025-11-30,C0460,B004,UPI,POS,2345.55,Success,4.69
T000177,2025-11-17,C0004,B007,UPI,Mobile,5380.84,Success,5.38
T000178,2025-10-03,C0106,B007,ATM,Mobile,807.31,Success,0.0
T000179,2025-06-19,C0236,B007,UPI,Branch,936.49,Success,0.0
T000180,2025-08-19,C0199,B005,NEFT,Mobile,1317.02,Success,2.63
T000181,2025-11-13,C0329,B002,UPI,ATM,3752.39,Success,0.0
T000182,2025-02-14,C0311,B008,UPI,Branch,4833.58,Success,0.0
T000183,2025-10-01,C0081,B005,UPI,Web,11883.8,Success,0.0
T000184,2025-12-13,C0153,B001,ATM,ATM,1818.72,Success,0.0
T000185,2025-06-26,C0108,B007,UPI,Web,698.07,Success,0.0
T000186,2025-04-03,C0059,B005,NEFT,Branch,1672.51,Success,3.35
T000187,2025-10-09,C0331,B003,UPI,Branch,2193.09,Success,4.39
T000188,2025-06-19,C0488,B002,Card,Web,2173.08,Success,0.0
T000189,2025-09-06,C0163,B004,Card,POS,1973.29,Success,3.95
T000190,2025-06-11,C0187,B007,Branch Transfer,ATM,646.96,Success,0.65
T000191,2025-07-04,C0431,B006,UPI,Mobile,1340.25,Success,2.68
T000192,2025-11-27,C0090,B004,NEFT,Mobile,388.17,Success,0.0
T000193,2025-01-10,C0457,B002,ATM,Web,4940.54,Success,9.88
T000194,2025-01-19,C0465,B003,Card,POS,1196.45,Success,0.0
T000195,2025-05-29,C0376,B005,UPI,Web,1483.44,Success,0.0
T000196,2025-11-11,C0435,B003,NEFT,POS,2473.27,Success,4.95
T000197,2025-03-16,C0338,B001,IMPS,Web,1416.39,Success,1.42
T000198,2025-05-16,C0033,B007,Card,Mobile,4425.13,Success,4.43
T000199,2025-11-29,C0021,B003,UPI,POS,3072.5,Success,0.0
T000200,2025-10-19,C0279,B005,UPI,POS,2242.54,Success,0.0
T000201,2025-07-12,C0129,B006,Branch Transfer,Branch,665.09,Success,0.0
T000202,2025-09-04,C0406,B001,ATM,Web,1294.78,Success,0.0
T000203,2025-04-06,C0077,B007,UPI,ATM,3851.24,Success,3.85
T000204,2025-02-28,C0369,B005,Card,Mobile,1413.68,Success,1.41
T000205,2025-01-23,C0125,B005,UPI,Web,1777.73,Success,3.56
T000206,2025-03-27,C0029,B001,UPI,Mobile,2187.66,Success,0.0
T000207,2025-08-18,C0111,B001,NEFT,POS,1346.67,Success,1.35
T000208,2025-10-26,C0074,B005,ATM,Branch,297.84,Success,0.0
T000209,2025-10-30,C0306,B007,UPI,POS,1163.56,Success,2.33
T000210,2025-08-03,C0351,B003,ATM,Mobile,1844.66,Success,3.69
T000211,2025-09-30,C0450,B008,Card,POS,416.83,Success,0.83
T000212,2025-01-01,C0424,B007,ATM,Mobile,5677.85,Success,0.0
T000213,2025-09-29,C0358,B006,Card,POS,6325.37,Success,0.0
T000214,2025-12-23,C0412,B004,Card,ATM,1247.05,Success,0.0
T000215,2025-10-06,C0307,B008,Card,POS,236.45,Success,0.47
T000216,2025-09-24,C0061,B004,UPI,Mobile,3460.38,Success,0.0
T000217,2025-08-07,C0080,B002,NEFT,Web,1203.85,Success,1.2
T000218,2025-10-10,C0212,B004,IMPS,ATM,1411.27,Success,0.0
T000219,2025-06-26,C0296,B002,IMPS,Web,1208.63,Success,0.0
T000220,2025-12-25,C0229,B006,Branch Transfer,POS,366.96,Success,0.73
T000221,2025-12-17,C0357,B008,IMPS,POS,1314.94,Success,0.0
T000222,2025-07-16,C0020,B003,Branch Transfer,Mobile,901.68,Success,1.8
T000223,2025-03-31,C0485,B006,NEFT,ATM,1298.35,Success,2.6
T000224,2025-01-18,C0100,B008,IMPS,ATM,1571.85,Success,0.0
T000225,2025-12-02,C0123,B007,UPI,Web,3107.9,Success,6.22
T000226,2025-01-08,C0266,B003,IMPS,ATM,168.72,Success,0.0
T000227,2025-05-22,C0494,B002,UPI,ATM,6354.68,Success,0.0
T000228,2025-07-28,C0090,B004,Card,POS,1812.47,Success,0.0
T000229,2025-05-12,C0490,B008,ATM,POS,5238.1,Success,5.24
T000230,2025-05-05,C0248,B006,IMPS,Mobile,6388.1,Success,12.78
T000231,2025-03-01,C0247,B007,UPI,ATM,571.14,Success,0.0
T000232,2025-06-30,C0212,B004,Card,Mobile,919.51,Success,0.0
T000233,2025-04-02,C0284,B005,Card,Branch,137.35,Success,0.0
T000234,2025-04-13,C0378,B008,UPI,POS,810.47,Success,0.0
T000235,2025-03-21,C0183,B003,IMPS,Mobile,6913.25,Success,13.83
T000236,2025-09-04,C0435,B003,Card,POS,6878.33,Success,0.0
T000237,2025-07-23,C0144,B002,UPI,POS,1701.13,Success,1.7
T000238,2025-09-15,C0017,B006,UPI,Mobile,1361.74,Success,0.0
T000239,2025-12-12,C0007,B005,UPI,Web,1818.95,Success,0.0
T000240,2025-05-15,C0281,B007,UPI,Branch,1303.68,Success,1.3
T000241,2025-08-03,C0108,B007,IMPS,POS,329.06,Success,0.0
T000242,2025-10-22,C0068,B004,NEFT,Branch,10205.0,Success,20.41
T000243,2025-07-15,C0439,B008,UPI,Web,10600.57,Success,0.0
T000244,2025-09-13,C0216,B007,UPI,Branch,9197.08,Success,0.0
T000245,2025-05-09,C0154,B001,Card,Web,1796.22,Success,0.0
T000246,2025-05-11,C0417,B006,Card,ATM,2219.31,Success,0.0
T000247,2025-10-13,C0287,B006,Branch Transfer,ATM,2145.39,Success,0.0
T000248,2025-12-11,C0167,B003,Card,ATM,3471.04,Success,6.94
T000249,2025-11-20,C0238,B006,Branch Transfer,POS,8584.5,Success,8.58
T000250,2025-07-27,C0293,B001,ATM,POS,748.05,Success,0.0
T000251,2025-07-22,C0331,B003,UPI,POS,743.21,Success,1.49
T000252,2025-08-19,C0495,B004,Card,Mobile,4703.88,Failed,0.0
T000253,2025-03-27,C0108,B007,Card,Mobile,1410.05,Success,2.82
T000254,2025-05-15,C0054,B007,NEFT,Web,1158.39,Success,1.16
T000255,2025-09-27,C0068,B004,ATM,ATM,3700.26,Success,7.4
T000256,2025-08-16,C0281,B007,UPI,POS,7863.61,Success,7.86
T000257,2025-09-26,C0223,B007,NEFT,Mobile,2797.16,Success,0.0
T000258,2025-06-07,C0227,B002,Card,ATM,819.2,Success,0.0
T000259,2025-08-29,C0147,B005,Card,Mobile,2790.62,Success,0.0
T000260,2025-08-09,C0393,B001,IMPS,Branch,3357.09,Success,0.0
T000261,2025-10-15,C0452,B001,Card,Web,328.6,Success,0.33
T000262,2025-02-10,C0135,B001,Card,ATM,221.96,Success,0.0
T000263,2025-09-30,C0333,B004,ATM,Mobile,533.91,Success,0.0
T000264,2025-08-22,C0327,B002,NEFT,Web,525.2,Success,0.0
T000265,2025-10-01,C0026,B005,UPI,Mobile,4576.69,Success,4.58
T000266,2025-02-16,C0120,B003,UPI,ATM,1455.73,Success,1.46
T000267,2025-12-23,C0238,B006,IMPS,Mobile,230.13,Failed,0.0
T000268,2025-07-20,C0137,B008,UPI,Mobile,1389.36,Success,1.39
T000269,2025-05-08,C0063,B006,Card,Branch,2311.31,Success,0.0
T000270,2025-12-15,C0200,B005,Branch Transfer,ATM,6862.46,Success,0.0
T000271,2025-11-23,C0247,B007,UPI,Web,1149.87,Success,0.0
T000272,2025-08-11,C0325,B003,UPI,Mobile,672.97,Success,0.0
T000273,2025-01-22,C0497,B003,Card,Web,4231.08,Success,0.0
T000274,2025-09-13,C0081,B005,UPI,Mobile,28096.03,Failed,0.0
T000275,2025-07-02,C0031,B008,NEFT,ATM,7756.22,Success,0.0
T000276,2025-11-27,C0286,B007,IMPS,ATM,3766.2,Success,3.77
T000277,2025-03-10,C0371,B008,UPI,Web,1847.23,Success,3.69
T000278,2025-06-28,C0279,B005,UPI,Web,982.69,Success,1.97
T000279,2025-09-29,C0036,B001,UPI,POS,919.8,Success,0.0
T000280,2025-04-05,C0195,B006,ATM,Mobile,2044.7,Success,0.0
T000281,2025-10-03,C0338,B001,ATM,POS,276.02,Success,0.0
T000282,2025-06-15,C0145,B003,Card,Web,1055.91,Success,0.0
T000283,2025-01-17,C0092,B008,UPI,Branch,1439.65,Success,1.44
T000284,2025-11-16,C0270,B003,IMPS,Mobile,764.51,Success,0.0
T000285,2025-04-17,C0477,B003,NEFT,ATM,1271.87,Success,1.27
T000286,2025-12-29,C0407,B007,UPI,Mobile,2266.35,Success,0.0
T000287,2025-04-21,C0484,B008,Branch Transfer,POS,1582.9,Success,0.0
T000288,2025-04-02,C0321,B004,Card,ATM,2192.63,Success,4.39
T000289,2025-08-23,C0346,B006,IMPS,Branch,1287.37,Success,2.57
T000290,2025-06-22,C0259,B003,NEFT,POS,1711.91,Success,0.0
T000291,2025-07-10,C0167,B003,Card,POS,5512.86,Success,0.0
T000292,2025-04-20,C0280,B004,Card,Branch,2074.4,Success,2.07
T000293,2025-07-23,C0492,B008,UPI,ATM,485.08,Success,0.0
T000294,2025-06-03,C0004,B007,Branch Transfer,POS,724.8,Success,0.0
T000295,2025-10-12,C0262,B006,Card,Web,1695.34,Success,0.0
T000296,2025-07-07,C0136,B002,ATM,Branch,831.33,Success,1.66
T000297,2025-04-22,C0292,B008,IMPS,Mobile,9434.07,Success,18.87
T000298,2025-11-25,C0305,B001,UPI,ATM,3768.42,Success,0.0
T000299,2025-08-11,C0179,B005,Card,Branch,383.67,Success,0.0
T000300,2025-06-06,C0028,B008,Card,Web,726.02,Success,0.0
T000301,2025-12-11,C0026,B005,IMPS,Mobile,1062.66,Success,2.13
T000302,2025-08-10,C0114,B002,UPI,Mobile,1201.22,Success,2.4
T000303,2025-07-24,C0281,B007,UPI,Branch,1088.08,Success,0.0
T000304,2025-04-12,C0287,B006,Card,Web,2048.57,Success,4.1
T000305,2025-02-06,C0125,B005,UPI,Branch,1011.76,Success,0.0
T000306,2025-07-07,C0217,B006,UPI,Web,694.21,Success,0.0
T000307,2025-11-12,C0180,B002,ATM,Web,5875.41,Success,0.0
T000308,2025-07-11,C0351,B003,UPI,POS,2272.8,Success,0.0
T000309,2025-03-17,C0475,B007,ATM,ATM,2151.86,Success,0.0
T000310,2025-10-03,C0108,B007,UPI,Web,2036.57,Success,4.07
T000311,2025-12-24,C0356,B001,NEFT,Web,155.57,Success,0.0
T000312,2025-05-26,C0031,B008,UPI,Mobile,2351.14,Success,0.0
T000313,2025-12-05,C0199,B005,UPI,ATM,8751.84,Success,0.0
T000314,2025-11-29,C0445,B007,Card,Branch,7901.46,Success,0.0
T000315,2025-11-02,C0444,B005,Card,Mobile,504.05,Success,0.0
T000316,2025-09-29,C0127,B008,UPI,ATM,1383.59,Success,0.0
T000317,2025-06-04,C0321,B004,UPI,Branch,7669.45,Success,0.0
T000318,2025-01-16,C0456,B006,Branch Transfer,Web,4003.42,Success,4.0
T000319,2025-07-15,C0045,B003,Card,Web,16296.95,Success,16.3
T000320,2025-03-20,C0294,B005,Card,Web,654.84,Success,0.0
T000321,2025-03-12,C0335,B003,Card,Web,2199.13,Success,4.4
T000322,2025-03-16,C0221,B006,NEFT,Mobile,1689.39,Success,3.38
T000323,2025-06-12,C0095,B008,ATM,Web,4608.74,Success,0.0
T000324,2025-04-07,C0399,B004,UPI,POS,151.92,Success,0.0
T000325,2025-11-10,C0291,B004,UPI,Web,340.47,Success,0.34
T000326,2025-11-06,C0258,B008,Card,Web,2027.26,Success,2.03
T000327,2025-04-09,C0084,B001,UPI,Mobile,347.86,Success,0.0
T000328,2025-08-13,C0091,B001,ATM,Branch,1442.95,Success,0.0
T000329,2025-01-22,C0208,B002,NEFT,POS,10813.5,Success,21.63
T000330,2025-09-26,C0275,B004,NEFT,Mobile,2130.66,Success,2.13
T000331,2025-05-06,C0450,B008,Card,Mobile,752.79,Success,1.51
T000332,2025-05-30,C0098,B002,Card,POS,952.77,Success,0.0
T000333,2025-03-14,C0463,B003,Card,POS,1949.96,Success,0.0
T000334,2025-12-23,C0481,B008,Card,POS,1128.73,Success,1.13
T000335,2025-12-31,C0460,B004,ATM,Mobile,627.16,Success,0.0
T000336,2025-02-28,C0047,B008,IMPS,POS,1903.51,Success,3.81
T000337,2025-03-23,C0487,B007,Card,Web,611.65,Success,1.22
T000338,2025-03-16,C0084,B001,UPI,ATM,2770.39,Success,2.77
T000339,2025-04-03,C0321,B004,UPI,Mobile,669.89,Success,0.0
T000340,2025-09-12,C0235,B006,ATM,Web,1595.69,Success,0.0
T000341,2025-12-04,C0302,B008,Card,POS,1252.09,Success,0.0
T000342,2025-11-14,C0143,B002,NEFT,ATM,2960.43,Success,0.0
T000343,2025-03-16,C0019,B005,ATM,Mobile,8678.44,Success,0.0
T000344,2025-08-02,C0056,B004,Branch Transfer,POS,657.29,Success,1.31
T000345,2025-10-15,C0404,B001,UPI,ATM,1234.01,Success,0.0
T000346,2025-07-08,C0166,B005,ATM,ATM,14393.0,Success,0.0
T000347,2025-03-10,C0242,B006,UPI,Web,3711.44,Success,0.0
T000348,2025-01-30,C0314,B008,UPI,Branch,4282.18,Failed,0.0
T000349,2025-12-19,C0371,B008,NEFT,ATM,7992.16,Success,0.0
T000350,2025-10-22,C0270,B003,Branch Transfer,Branch,1109.78,Success,2.22
T000351,2025-04-03,C0253,B007,ATM,Mobile,775.69,Success,0.0
T000352,2025-11-17,C0239,B002,IMPS,Branch,2474.86,Success,2.47
T000353,2025-06-20,C0024,B002,UPI,ATM,2882.93,Success,0.0
T000354,2025-02-04,C0405,B006,UPI,ATM,1505.64,Success,0.0
T000355,2025-10-19,C0203,B002,NEFT,Mobile,954.16,Success,0.95
T000356,2025-03-11,C0331,B003,Card,Branch,11176.96,Success,0.0
T000357,2025-07-31,C0402,B003,Branch Transfer,POS,301.77,Success,0.0
T000358,2025-01-10,C0275,B004,UPI,Mobile,7240.22,Success,0.0
T000359,2025-03-18,C0497,B003,UPI,Web,5867.37,Success,5.87
T000360,2025-03-01,C0305,B001,ATM,ATM,6400.4,Success,0.0
T000361,2025-02-14,C0212,B004,Card,Web,651.2,Failed,0.0
T000362,2025-06-04,C0269,B002,UPI,Branch,1183.03,Success,0.0
T000363,2025-01-13,C0260,B005,IMPS,ATM,870.43,Success,0.0
T000364,2025-02-20,C0074,B005,ATM,ATM,1160.44,Success,0.0
T000365,2025-01-23,C0478,B008,NEFT,Mobile,1767.25,Success,0.0
T000366,2025-12-04,C0267,B003,IMPS,ATM,2001.12,Success,0.0
T000367,2025-06-13,C0273,B002,IMPS,Mobile,2216.35,Success,0.0
T000368,2025-11-15,C0491,B003,Card,Web,333.25,Success,0.0
T000369,2025-12-27,C0483,B003,ATM,POS,1725.65,Success,0.0
T000370,2025-01-26,C0228,B006,UPI,Mobile,1268.12,Success,0.0
T000371,2025-07-20,C0219,B001,UPI,POS,2219.23,Success,2.22
T000372,2025-06-09,C0183,B003,UPI,Branch,173.58,Success,0.0
T000373,2025-03-09,C0291,B004,UPI,Branch,8274.51,Success,0.0
T000374,2025-04-29,C0241,B008,Branch Transfer,ATM,771.2,Success,0.0
T000375,2025-09-07,C0233,B004,UPI,ATM,1386.8,Success,0.0
T000376,2025-06-28,C0394,B005,NEFT,Branch,631.33,Success,1.26
T000377,2025-10-30,C0206,B002,Card,Branch,2341.9,Failed,0.0
T000378,2025-06-24,C0034,B004,UPI,POS,2657.76,Failed,0.0
T000379,2025-06-25,C0404,B001,Card,Branch,387.0,Success,0.77
T000380,2025-10-31,C0059,B005,Card,Branch,1062.11,Success,0.0
T000381,2025-11-03,C0036,B001,UPI,Mobile,15620.33,Success,15.62
T000382,2025-04-22,C0047,B008,ATM,POS,726.08,Success,0.73
T000383,2025-08-17,C0296,B002,UPI,Branch,2334.74,Success,0.0
T000384,2025-06-26,C0368,B008,Branch Transfer,ATM,2133.02,Success,0.0
T000385,2025-07-09,C0032,B007,Branch Transfer,POS,582.41,Success,0.58
T000386,2025-11-17,C0202,B002,UPI,Branch,1069.41,Success,0.0
T000387,2025-04-07,C0072,B008,Card,Web,3717.13,Success,0.0
T000388,2025-01-06,C0069,B003,UPI,Mobile,1421.54,Failed,0.0
T000389,2025-11-25,C0071,B004,ATM,Branch,2180.97,Success,2.18
T000390,2025-04-26,C0182,B003,UPI,POS,2264.37,Success,0.0
T000391,2025-07-30,C0138,B002,Branch Transfer,ATM,1695.14,Success,1.7
T000392,2025-10-25,C0058,B005,Card,Branch,2166.63,Success,0.0
T000393,2025-02-10,C0265,B001,Card,POS,1901.09,Success,0.0
T000394,2025-10-24,C0409,B007,UPI,Branch,460.01,Success,0.46
T000395,2025-08-29,C0263,B007,Card,ATM,947.02,Failed,0.0
T000396,2025-03-27,C0149,B005,UPI,POS,3613.61,Success,3.61
T000397,2025-10-21,C0087,B006,UPI,Mobile,1996.27,Success,3.99
T000398,2025-05-23,C0436,B004,UPI,POS,1947.08,Success,0.0
T000399,2025-10-30,C0090,B004,IMPS,Branch,2282.96,Success,0.0
T000400,2025-09-28,C0093,B003,ATM,Branch,1102.74,Success,0.0
T000401,2025-07-31,C0386,B002,IMPS,POS,663.12,Success,0.0
T000402,2025-06-26,C0376,B005,UPI,Branch,157.65,Success,0.16
T000403,2025-06-04,C0244,B007,Card,Web,349.43,Success,0.0
T000404,2025-08-11,C0272,B007,UPI,Mobile,5595.49,Success,11.19
T000405,2025-09-30,C0050,B003,NEFT,ATM,5868.12,Success,0.0
T000406,2025-05-17,C0139,B001,ATM,POS,539.5,Success,0.0
T000407,2025-04-10,C0395,B004,Card,Web,1074.15,Success,0.0
T000408,2025-05-26,C0372,B005,UPI,POS,227.46,Success,0.0
T000409,2025-03-04,C0327,B002,IMPS,Web,233.28,Success,0.47
T000410,2025-02-26,C0459,B007,NEFT,ATM,669.24,Success,0.67
T000411,2025-08-07,C0394,B005,NEFT,ATM,5169.82,Success,0.0
T000412,2025-02-01,C0398,B006,Card,ATM,1090.7,Failed,0.0
T000413,2025-08-14,C0092,B008,UPI,Branch,880.47,Success,1.76
T000414,2025-11-11,C0112,B002,NEFT,Web,1742.93,Success,1.74
T000415,2025-11-24,C0335,B003,UPI,Branch,403.11,Success,0.0
T000416,2025-01-02,C0295,B007,Card,POS,6514.19,Success,0.0
T000417,2025-01-02,C0116,B004,Card,ATM,6468.45,Success,12.94
T000418,2025-12-16,C0171,B004,UPI,Mobile,2202.97,Success,0.0
T000419,2025-08-24,C0431,B006,IMPS,Web,941.83,Success,0.94
T000420,2025-12-23,C0154,B001,Card,Web,1209.9,Success,0.0
T000421,2025-04-09,C0019,B005,UPI,POS,589.52,Success,0.59
T000422,2025-08-19,C0495,B004,Branch Transfer,Branch,421.74,Success,0.0
T000423,2025-04-19,C0061,B004,ATM,Web,2514.8,Success,5.03
T000424,2025-10-24,C0380,B004,UPI,Mobile,1451.83,Success,2.9
T000425,2025-12-26,C0125,B005,NEFT,Mobile,250.38,Success,0.0
T000426,2025-09-12,C0059,B005,Card,Branch,1829.37,Success,0.0
T000427,2025-03-03,C0167,B003,Branch Transfer,Mobile,1721.7,Success,0.0
T000428,2025-03-30,C0304,B005,UPI,POS,693.93,Success,0.0
T000429,2025-08-13,C0085,B006,UPI,Branch,1741.14,Success,3.48
T000430,2025-03-22,C0399,B004,UPI,POS,1447.36,Success,0.0
T000431,2025-05-26,C0455,B002,Card,Web,15044.45,Success,0.0
T000432,2025-05-19,C0328,B007,Card,POS,129.33,Success,0.0
T000433,2025-09-13,C0093,B003,NEFT,Mobile,823.21,Success,0.0
T000434,2025-02-18,C0272,B007,NEFT,ATM,1516.48,Success,0.0
T000435,2025-04-10,C0028,B008,UPI,Mobile,6032.06,Success,0.0
T000436,2025-07-06,C0331,B003,UPI,Mobile,1250.94,Success,1.25
T000437,2025-01-27,C0054,B007,Branch Transfer,POS,1438.0,Success,1.44
T000438,2025-06-16,C0297,B001,Card,Branch,879.72,Success,0.0
T000439,2025-04-13,C0446,B004,Card,Web,598.33,Success,0.6
T000440,2025-11-09,C0111,B001,Card,ATM,1183.44,Success,0.0
T000441,2025-06-21,C0104,B007,UPI,Branch,2102.03,Success,2.1
T000442,2025-03-29,C0215,B006,IMPS,Web,748.55,Success,1.5
T000443,2025-10-11,C0296,B002,ATM,ATM,20.74,Success,0.02
T000444,2025-08-08,C0008,B007,IMPS,Web,775.82,Success,1.55
T000445,2025-10-21,C0468,B005,ATM,POS,1277.18,Failed,0.0
T000446,2025-08-06,C0018,B008,Card,Branch,1241.31,Success,1.24
T000447,2025-02-12,C0124,B008,Card,ATM,547.72,Success,0.55
T000448,2025-12-27,C0083,B007,Card,Branch,1978.32,Failed,0.0
T000449,2025-03-12,C0396,B006,ATM,Mobile,683.61,Success,0.68
T000450,2025-11-18,C0441,B004,UPI,ATM,4071.53,Success,4.07
T000451,2025-11-10,C0358,B006,Card,Mobile,15986.44,Success,0.0
T000452,2025-12-12,C0264,B004,Card,ATM,425.49,Success,0.0
T000453,2025-03-31,C0188,B008,NEFT,ATM,3295.02,Success,0.0
T000454,2025-10-04,C0123,B007,UPI,Web,807.3,Success,0.0
T000455,2025-06-30,C0165,B003,ATM,ATM,1496.08,Success,0.0
T000456,2025-09-06,C0232,B006,Card,ATM,4302.98,Success,8.61
T000457,2025-11-14,C0232,B006,Card,Mobile,3901.62,Failed,0.0
T000458,2025-08-23,C0097,B005,UPI,Mobile,1178.06,Failed,0.0
T000459,2025-03-26,C0056,B004,UPI,Mobile,2896.54,Success,5.79
T000460,2025-08-02,C0151,B007,Branch Transfer,Mobile,1606.63,Success,1.61
T000461,2025-04-07,C0150,B005,UPI,ATM,3397.7,Failed,0.0
T000462,2025-10-24,C0211,B003,UPI,POS,2147.18,Success,4.29
T000463,2025-08-23,C0228,B006,UPI,Mobile,691.59,Success,0.0
T000464,2025-06-30,C0076,B003,UPI,Web,423.14,Success,0.0
T000465,2025-05-02,C0083,B007,UPI,ATM,1260.32,Success,0.0
T000466,2025-03-17,C0177,B006,Card,Branch,1606.27,Success,0.0
T000467,2025-09-13,C0477,B003,IMPS,Branch,1738.38,Success,0.0
T000468,2025-05-29,C0459,B007,Branch Transfer,ATM,6176.31,Success,6.18
T000469,2025-02-27,C0353,B005,IMPS,Branch,1679.66,Success,0.0
T000470,2025-02-17,C0183,B003,UPI,Web,1864.08,Success,0.0
T000471,2025-02-12,C0012,B006,Card,Branch,1113.33,Success,2.23
T000472,2025-09-09,C0100,B008,UPI,Branch,35774.72,Success,0.0
T000473,2025-08-07,C0076,B003,Card,POS,1091.19,Success,1.09
T000474,2025-04-21,C0045,B003,IMPS,Branch,3079.02,Success,3.08
T000475,2025-10-28,C0072,B008,Card,POS,615.6,Failed,0.0
T000476,2025-02-03,C0172,B001,Branch Transfer,Branch,1899.24,Success,0.0
T000477,2025-10-12,C0090,B004,Card,ATM,5817.78,Success,5.82
T000478,2025-09-09,C0284,B005,UPI,Mobile,690.02,Success,0.0
T000479,2025-05-15,C0079,B007,UPI,Branch,2873.99,Success,0.0
T000480,2025-09-09,C0092,B008,Branch Transfer,Mobile,1911.52,Success,1.91
T000481,2025-07-05,C0307,B008,Card,Mobile,3478.91,Success,3.48
T000482,2025-09-20,C0192,B003,IMPS,ATM,1744.21,Success,0.0
T000483,2025-01-28,C0084,B001,UPI,ATM,307.69,Success,0.0
T000484,2025-11-24,C0272,B007,Branch Transfer,POS,1639.02,Success,0.0
T000485,2025-03-27,C0386,B002,Card,Mobile,2330.89,Success,0.0
T000486,2025-10-24,C0274,B005,Card,Branch,729.09,Success,0.73
T000487,2025-03-25,C0175,B001,UPI,POS,691.69,Success,1.38
T000488,2025-09-27,C0354,B002,ATM,Branch,5037.58,Success,5.04
T000489,2025-02-09,C0470,B003,UPI,POS,637.24,Success,0.64
T000490,2025-06-25,C0268,B006,UPI,Web,398.93,Success,0.0
T000491,2025-04-27,C0353,B005,UPI,Branch,858.89,Success,0.0
T000492,2025-08-09,C0388,B004,UPI,Mobile,1517.14,Success,0.0
T000493,2025-06-04,C0034,B004,NEFT,POS,11010.11,Success,0.0
T000494,2025-04-13,C0462,B002,UPI,POS,1118.64,Success,0.0
T000495,2025-06-30,C0179,B005,UPI,Mobile,1486.25,Success,2.97
T000496,2025-10-24,C0051,B002,IMPS,Web,1761.79,Failed,0.0
T000497,2025-10-03,C0462,B002,UPI,Web,1282.17,Success,0.0
T000498,2025-07-01,C0428,B004,Branch Transfer,Mobile,1132.2,Success,0.0
T000499,2025-02-26,C0239,B002,Card,Mobile,1463.76,Success,0.0
T000500,2025-09-10,C0168,B007,UPI,Web,584.67,Success,0.58
T000501,2025-07-28,C0284,B005,UPI,ATM,3138.54,Success,3.14
T000502,2025-01-07,C0092,B008,Branch Transfer,Mobile,1456.79,Success,0.0
T000503,2025-07-22,C0074,B005,Card,Mobile,1759.78,Success,0.0
T000504,2025-04-12,C0187,B007,UPI,POS,2528.74,Success,5.06
T000505,2025-11-26,C0140,B002,Branch Transfer,Branch,705.83,Failed,0.0
T000506,2025-05-23,C0262,B006,UPI,Web,1354.71,Success,0.0
T000507,2025-02-20,C0016,B006,IMPS,Branch,4578.42,Success,0.0
T000508,2025-12-14,C0310,B005,UPI,Branch,602.98,Success,1.21
T000509,2025-08-27,C0406,B001,UPI,POS,2554.25,Success,0.0
T000510,2025-01-10,C0280,B004,Branch Transfer,Branch,361.13,Success,0.36
T000511,2025-07-12,C0162,B003,Card,Branch,5113.22,Success,0.0
T000512,2025-03-10,C0221,B006,UPI,POS,660.94,Success,0.66
T000513,2025-10-04,C0351,B003,Card,ATM,1114.62,Success,1.11
T000514,2025-10-30,C0254,B003,Branch Transfer,ATM,2018.18,Failed,0.0
T000515,2025-01-15,C0032,B007,Card,Mobile,540.93,Success,1.08
T000516,2025-11-17,C0392,B001,UPI,Mobile,515.52,Success,0.0
T000517,2025-05-06,C0339,B008,UPI,ATM,2761.31,Success,0.0
T000518,2025-06-22,C0059,B005,UPI,POS,1585.2,Success,1.59
T000519,2025-08-04,C0264,B004,UPI,Branch,3347.37,Failed,0.0
T000520,2025-07-19,C0293,B001,UPI,ATM,384.21,Success,0.0
T000521,2025-09-15,C0255,B004,ATM,Web,2089.28,Success,2.09
T000522,2025-11-22,C0255,B004,ATM,Branch,1613.66,Success,3.23
T000523,2025-04-26,C0412,B004,NEFT,POS,2056.32,Success,4.11
T000524,2025-08-07,C0244,B007,UPI,Branch,6345.69,Success,0.0
T000525,2025-10-04,C0340,B002,UPI,Web,1216.43,Success,2.43
T000526,2025-01-10,C0452,B001,NEFT,ATM,1531.83,Success,1.53
T000527,2025-11-23,C0480,B003,Card,Mobile,3464.07,Success,6.93
T000528,2025-04-13,C0268,B006,Card,Branch,726.8,Success,0.0
T000529,2025-06-13,C0211,B003,ATM,ATM,10165.12,Success,0.0
T000530,2025-03-24,C0331,B003,UPI,Mobile,1982.87,Success,0.0
T000531,2025-06-08,C0126,B007,Card,Web,1775.81,Success,0.0
T000532,2025-05-20,C0082,B005,UPI,Mobile,179.52,Success,0.0
T000533,2025-09-06,C0494,B002,IMPS,ATM,939.4,Success,0.94
T000534,2025-12-03,C0344,B008,ATM,Mobile,490.69,Success,0.0
T000535,2025-09-14,C0293,B001,Branch Transfer,POS,1845.05,Failed,0.0
T000536,2025-09-12,C0129,B006,ATM,POS,887.2,Success,0.0
T000537,2025-07-19,C0378,B008,ATM,Branch,861.25,Success,0.0
T000538,2025-05-11,C0210,B004,ATM,ATM,289.18,Success,0.0
T000539,2025-08-05,C0280,B004,Card,ATM,810.4,Success,0.0
T000540,2025-07-08,C0244,B007,ATM,Web,4652.19,Success,0.0
T000541,2025-10-10,C0130,B006,Card,POS,3282.0,Success,0.0
T000542,2025-05-02,C0444,B005,ATM,ATM,177.52,Success,0.0
T000543,2025-05-01,C0047,B008,UPI,Branch,3084.77,Success,0.0
T000544,2025-01-18,C0405,B006,UPI,Branch,1402.23,Success,0.0
T000545,2025-02-21,C0449,B001,ATM,POS,2950.53,Success,5.9
T000546,2025-06-17,C0378,B008,Card,Mobile,2854.87,Success,0.0
T000547,2025-04-13,C0206,B002,NEFT,Web,1045.03,Success,2.09
T000548,2025-11-01,C0434,B006,NEFT,ATM,3095.29,Success,0.0
T000549,2025-12-18,C0089,B008,Card,Web,980.59,Success,0.0
T000550,2025-07-13,C0202,B002,Branch Transfer,POS,3464.1,Failed,0.0
T000551,2025-11-10,C0332,B004,NEFT,POS,261.72,Success,0.26
T000552,2025-11-04,C0220,B002,UPI,Mobile,485.25,Failed,0.0
T000553,2025-09-27,C0008,B007,Card,Web,5535.28,Success,0.0
T000554,2025-04-15,C0366,B008,UPI,POS,721.17,Success,0.0
T000555,2025-05-25,C0111,B001,IMPS,ATM,772.65,Success,0.0
T000556,2025-05-15,C0500,B003,UPI,Mobile,1323.61,Success,1.32
T000557,2025-08-29,C0006,B002,UPI,Branch,551.27,Success,0.55
T000558,2025-11-02,C0377,B004,UPI,POS,1017.67,Success,2.04
T000559,2025-01-24,C0364,B002,UPI,ATM,1499.05,Failed,0.0
T000560,2025-10-14,C0068,B004,UPI,Branch,763.11,Success,0.0
T000561,2025-02-15,C0068,B004,UPI,Web,1573.12,Success,0.0
T000562,2025-05-24,C0256,B003,IMPS,ATM,4104.05,Success,8.21
T000563,2025-06-10,C0265,B001,Card,POS,166.63,Success,0.0
T000564,2025-12-03,C0437,B008,NEFT,Mobile,1303.84,Success,0.0
T000565,2025-05-14,C0241,B008,UPI,Mobile,1388.83,Success,1.39
T000566,2025-07-02,C0227,B002,Branch Transfer,Mobile,1794.59,Success,0.0
T000567,2025-02-17,C0179,B005,UPI,POS,156.97,Success,0.0
T000568,2025-12-06,C0457,B002,Card,Web,1642.51,Success,0.0
T000569,2025-09-13,C0394,B005,NEFT,Mobile,3920.47,Success,7.84
T000570,2025-06-15,C0429,B004,UPI,POS,2443.83,Failed,0.0
T000571,2025-01-03,C0337,B005,UPI,POS,320.51,Failed,0.0
T000572,2025-04-19,C0067,B001,ATM,POS,3045.67,Success,0.0
T000573,2025-11-05,C0488,B002,Card,Branch,1198.6,Failed,0.0
T000574,2025-01-11,C0046,B001,ATM,ATM,333.27,Success,0.0
T000575,2025-08-10,C0252,B002,IMPS,POS,1952.87,Success,0.0
T000576,2025-09-08,C0103,B005,Card,Branch,1138.6,Success,0.0
T000577,2025-07-08,C0416,B001,NEFT,Branch,1215.68,Success,0.0
T000578,2025-04-25,C0347,B008,NEFT,Branch,1690.29,Success,1.69
T000579,2025-09-02,C0041,B002,UPI,Mobile,938.5,Success,1.88
T000580,2025-02-09,C0283,B002,Branch Transfer,POS,1551.58,Success,1.55
T000581,2025-05-10,C0417,B006,Card,Web,2791.97,Success,2.79
T000582,2025-04-04,C0403,B008,ATM,POS,389.01,Success,0.0
T000583,2025-08-21,C0371,B008,IMPS,Web,946.88,Success,0.0
T000584,2025-02-10,C0095,B008,IMPS,Mobile,5945.57,Success,11.89
T000585,2025-07-22,C0003,B004,UPI,Branch,504.21,Success,1.01
T000586,2025-11-13,C0156,B006,ATM,Branch,2828.34,Failed,0.0
T000587,2025-06-04,C0412,B004,UPI,Mobile,682.95,Success,0.0
T000588,2025-09-04,C0108,B007,NEFT,Web,2333.9,Success,4.67
T000589,2025-06-04,C0045,B003,IMPS,Branch,521.11,Success,0.0
T000590,2025-09-06,C0494,B002,Card,Branch,6556.02,Success,13.11
T000591,2025-06-20,C0027,B003,UPI,Branch,3228.49,Failed,0.0
T000592,2025-10-24,C0378,B008,Card,POS,1688.09,Success,1.69
T000593,2025-11-10,C0303,B001,Branch Transfer,ATM,907.19,Success,1.81
T000594,2025-02-02,C0284,B005,UPI,ATM,14689.94,Success,29.38
T000595,2025-12-24,C0230,B001,Card,Web,177.32,Success,0.18
T000596,2025-04-23,C0260,B005,Card,Branch,12444.9,Success,0.0
T000597,2025-08-02,C0492,B008,ATM,POS,4531.87,Success,0.0
T000598,2025-05-25,C0107,B007,NEFT,POS,375.1,Success,0.0
T000599,2025-02-21,C0252,B002,IMPS,Mobile,6642.9,Success,13.29
T000600,2025-07-03,C0010,B004,ATM,Mobile,1106.02,Success,2.21
T000601,2025-02-02,C0414,B008,UPI,ATM,628.68,Success,0.63
T000602,2025-07-01,C0175,B001,IMPS,POS,4213.3,Success,8.43
T000603,2025-02-23,C0343,B002,IMPS,Mobile,5442.05,Success,0.0
T000604,2025-11-09,C0401,B008,NEFT,Web,1840.01,Success,0.0
T000605,2025-07-05,C0467,B002,UPI,Web,781.68,Success,0.0
T000606,2025-07-06,C0332,B004,UPI,Branch,1237.94,Success,0.0
T000607,2025-05-27,C0175,B001,Card,Web,476.36,Success,0.0
T000608,2025-09-29,C0078,B002,Card,Branch,140.84,Success,0.14
T000609,2025-09-22,C0488,B002,IMPS,POS,1159.33,Success,0.0
T000610,2025-02-05,C0484,B008,UPI,Mobile,5477.9,Success,10.96
T000611,2025-12-05,C0324,B003,ATM,ATM,5981.15,Success,11.96
T000612,2025-06-10,C0370,B005,Branch Transfer,Web,2695.51,Success,2.7
T000613,2025-10-06,C0455,B002,NEFT,Web,2129.09,Success,2.13
T000614,2025-06-04,C0452,B001,UPI,POS,1644.64,Success,0.0
T000615,2025-05-26,C0277,B003,UPI,Mobile,1524.03,Success,0.0
T000616,2025-10-04,C0015,B004,Card,Mobile,207.51,Success,0.42
T000617,2025-01-31,C0375,B004,ATM,Branch,641.08,Success,0.0
T000618,2025-10-21,C0153,B001,IMPS,POS,4294.31,Success,8.59
T000619,2025-06-29,C0120,B003,UPI,Branch,6964.32,Success,0.0
T000620,2025-05-07,C0267,B003,UPI,Mobile,1532.96,Success,1.53
T000621,2025-12-31,C0076,B003,Card,Branch,1253.62,Success,0.0
T000622,2025-08-17,C0110,B002,UPI,ATM,2459.97,Success,2.46
T000623,2025-09-13,C0300,B006,NEFT,Branch,1248.57,Success,1.25
T000624,2025-12-27,C0067,B001,Card,Web,1743.46,Success,0.0
T000625,2025-10-14,C0484,B008,Card,POS,1238.53,Success,0.0
T000626,2025-03-02,C0079,B007,Card,Branch,1318.65,Success,2.64
T000627,2025-06-06,C0025,B005,ATM,Branch,1448.23,Success,0.0
T000628,2025-10-21,C0247,B007,UPI,Web,1308.47,Success,2.62
T000629,2025-03-12,C0391,B004,Card,Mobile,1310.51,Success,0.0
T000630,2025-11-16,C0410,B005,NEFT,Mobile,1209.44,Success,2.42
T000631,2025-12-10,C0491,B003,ATM,POS,4642.43,Success,0.0
T000632,2025-12-29,C0323,B002,UPI,POS,2978.99,Success,5.96
T000633,2025-01-28,C0296,B002,Branch Transfer,Mobile,1719.19,Success,0.0
T000634,2025-09-30,C0338,B001,UPI,Mobile,335.51,Success,0.34
T000635,2025-10-01,C0414,B008,NEFT,ATM,1240.9,Success,0.0
T000636,2025-04-03,C0224,B004,Card,Mobile,3655.01,Success,0.0
T000637,2025-03-28,C0278,B001,UPI,Web,141.23,Success,0.14
T000638,2025-11-11,C0031,B008,Branch Transfer,ATM,220.07,Success,0.0
T000639,2025-07-31,C0073,B004,ATM,POS,488.62,Success,0.98
T000640,2025-02-28,C0198,B007,UPI,Branch,737.02,Success,0.0
T000641,2025-04-30,C0325,B003,Branch Transfer,ATM,1745.04,Success,0.0
T000642,2025-07-28,C0291,B004,Card,ATM,4861.62,Success,0.0
T000643,2025-03-28,C0277,B003,IMPS,Mobile,1655.31,Success,1.66
T000644,2025-08-26,C0001,B005,Branch Transfer,Branch,2689.14,Success,0.0
T000645,2025-11-03,C0140,B002,UPI,Mobile,3121.99,Success,0.0
T000646,2025-10-01,C0083,B007,Card,POS,840.85,Success,0.0
T000647,2025-08-10,C0144,B002,UPI,ATM,1543.45,Success,0.0
T000648,2025-12-29,C0386,B002,Card,Web,895.21,Success,0.0
T000649,2025-01-02,C0331,B003,NEFT,Branch,419.56,Success,0.42
T000650,2025-02-11,C0276,B001,IMPS,Mobile,1953.3,Success,1.95
T000651,2025-07-12,C0181,B006,ATM,Mobile,1100.88,Success,0.0
T000652,2025-07-09,C0237,B004,Branch Transfer,ATM,1310.11,Success,0.0
T000653,2025-02-16,C0099,B003,ATM,ATM,4543.33,Success,4.54
T000654,2025-05-24,C0019,B005,Card,Mobile,3599.36,Success,3.6
T000655,2025-05-23,C0446,B004,Card,POS,1446.76,Success,2.89
T000656,2025-03-31,C0290,B005,UPI,ATM,567.48,Success,1.13
T000657,2025-12-14,C0099,B003,UPI,Branch,2737.8,Success,0.0
T000658,2025-12-11,C0329,B002,Branch Transfer,POS,440.51,Success,0.0
T000659,2025-01-23,C0389,B006,ATM,ATM,769.37,Success,0.77
T000660,2025-07-20,C0003,B004,UPI,Branch,277.13,Success,0.0
T000661,2025-02-08,C0491,B003,Branch Transfer,Mobile,681.81,Success,0.0
T000662,2025-08-10,C0246,B002,ATM,Web,2263.74,Success,0.0
T000663,2025-08-31,C0056,B004,UPI,Mobile,1108.95,Success,0.0
T000664,2025-11-04,C0398,B006,NEFT,Mobile,4960.72,Success,0.0
T000665,2025-01-18,C0470,B003,Card,POS,2068.06,Success,0.0
T000666,2025-05-31,C0027,B003,ATM,POS,952.67,Success,1.91
T000667,2025-08-21,C0006,B002,Card,Branch,2017.74,Success,0.0
T000668,2025-06-18,C0265,B001,Card,Web,3636.65,Success,7.27
T000669,2025-09-18,C0327,B002,UPI,Web,904.96,Success,0.0
T000670,2025-01-23,C0409,B007,UPI,ATM,834.89,Failed,0.0
T000671,2025-10-26,C0160,B008,ATM,ATM,2576.88,Success,0.0
T000672,2025-01-05,C0189,B005,Card,Mobile,2030.88,Success,4.06
T000673,2025-06-26,C0217,B006,UPI,POS,3112.65,Success,3.11
T000674,2025-06-19,C0355,B006,ATM,Web,1755.8,Success,0.0
T000675,2025-08-21,C0054,B007,ATM,Web,5986.27,Success,0.0
T000676,2025-11-16,C0239,B002,UPI,Web,1283.59,Success,1.28
T000677,2025-04-05,C0205,B006,ATM,Web,856.21,Success,0.86
T000678,2025-10-27,C0324,B003,Branch Transfer,Web,719.82,Success,0.0
T000679,2025-10-11,C0174,B006,UPI,Mobile,786.04,Success,0.0
T000680,2025-12-13,C0426,B002,UPI,ATM,14920.83,Success,0.0
T000681,2025-05-03,C0234,B005,Card,Branch,1136.52,Success,2.27
T000682,2025-12-31,C0450,B008,UPI,ATM,2767.98,Success,0.0
T000683,2025-08-08,C0307,B008,Branch Transfer,ATM,1892.15,Success,0.0
T000684,2025-01-28,C0127,B008,NEFT,Branch,961.11,Success,1.92
T000685,2025-02-11,C0108,B007,IMPS,POS,5411.47,Success,5.41
T000686,2025-09-13,C0192,B003,Card,Branch,218.03,Success,0.22
T000687,2025-05-18,C0243,B008,Card,Web,4589.72,Success,0.0
T000688,2025-04-14,C0459,B007,Card,POS,826.22,Success,0.83
T000689,2025-07-11,C0081,B005,UPI,Branch,712.87,Success,0.0
T000690,2025-11-15,C0263,B007,UPI,ATM,1277.08,Success,1.28
T000691,2025-07-15,C0140,B002,UPI,ATM,1291.79,Success,0.0
T000692,2025-09-14,C0432,B006,Card,Mobile,4679.38,Success,0.0
T000693,2025-07-04,C0037,B004,UPI,ATM,780.56,Success,0.0
T000694,2025-12-28,C0098,B002,NEFT,ATM,3333.44,Success,0.0
T000695,2025-06-27,C0422,B005,IMPS,Branch,1121.37,Success,0.0
T000696,2025-09-20,C0335,B003,Branch Transfer,POS,273.36,Success,0.0
T000697,2025-10-10,C0301,B008,IMPS,Web,3007.1,Success,0.0
T000698,2025-12-24,C0220,B002,Card,POS,723.91,Success,0.0
T000699,2025-03-07,C0448,B004,UPI,ATM,3346.25,Success,0.0
T000700,2025-08-03,C0116,B004,Card,ATM,9204.21,Success,0.0
T000701,2025-01-12,C0301,B008,Card,Branch,2650.3,Success,5.3
T000702,2025-04-15,C0196,B008,Branch Transfer,POS,437.09,Success,0.0
T000703,2025-08-20,C0493,B008,NEFT,Mobile,987.85,Success,0.0
T000704,2025-12-19,C0424,B007,NEFT,POS,4670.91,Success,0.0
T000705,2025-08-21,C0036,B001,UPI,Branch,1538.23,Success,1.54
T000706,2025-02-26,C0081,B005,UPI,Web,858.42,Success,0.0
T000707,2025-04-16,C0446,B004,UPI,ATM,7532.12,Success,15.06
T000708,2025-04-14,C0301,B008,Card,Branch,2293.04,Success,0.0
T000709,2025-07-24,C0033,B007,NEFT,Branch,775.0,Success,0.78
T000710,2025-10-22,C0237,B004,UPI,ATM,203.72,Success,0.0
T000711,2025-11-10,C0201,B004,ATM,Branch,4129.94,Success,8.26
T000712,2025-07-16,C0235,B006,Branch Transfer,Web,420.37,Success,0.0
T000713,2025-03-22,C0454,B001,UPI,Branch,2018.89,Success,0.0
T000714,2025-10-11,C0211,B003,UPI,Branch,589.54,Success,0.0
T000715,2025-03-26,C0231,B004,UPI,Branch,1509.21,Success,1.51
T000716,2025-07-24,C0176,B005,ATM,ATM,1237.46,Success,0.0
T000717,2025-08-26,C0344,B008,Card,Web,287.07,Success,0.29
T000718,2025-05-23,C0242,B006,ATM,Web,560.64,Success,0.56
T000719,2025-12-10,C0040,B006,IMPS,Mobile,2120.67,Success,0.0
T000720,2025-12-12,C0458,B007,Card,Mobile,1333.57,Success,2.67
T000721,2025-12-20,C0200,B005,UPI,Web,11011.29,Success,0.0
T000722,2025-02-16,C0103,B005,UPI,Web,8251.36,Success,0.0
T000723,2025-03-27,C0371,B008,UPI,POS,1662.88,Success,0.0
T000724,2025-10-05,C0107,B007,Card,Web,1259.94,Success,0.0
T000725,2025-07-25,C0008,B007,NEFT,ATM,363.62,Success,0.73
T000726,2025-02-04,C0023,B001,ATM,POS,768.08,Success,0.0
T000727,2025-10-19,C0406,B001,UPI,Branch,2434.6,Success,0.0
T000728,2025-06-21,C0035,B004,UPI,POS,5339.41,Success,0.0
T000729,2025-12-27,C0301,B008,Branch Transfer,Web,447.79,Success,0.0
T000730,2025-08-08,C0378,B008,IMPS,Web,1841.91,Success,0.0
T000731,2025-07-12,C0078,B002,UPI,Web,33144.9,Success,0.0
T000732,2025-06-12,C0143,B002,NEFT,ATM,3762.0,Failed,0.0
T000733,2025-01-13,C0385,B008,UPI,Web,2718.45,Success,0.0
T000734,2025-12-18,C0411,B004,NEFT,Branch,1548.62,Success,0.0
T000735,2025-04-09,C0036,B001,UPI,Web,680.36,Success,0.0
T000736,2025-02-10,C0260,B005,Card,Web,1383.57,Success,1.38
T000737,2025-05-08,C0311,B008,UPI,Web,765.55,Success,0.77
T000738,2025-08-14,C0242,B006,Card,Mobile,2061.6,Success,2.06
T000739,2025-07-15,C0391,B004,Card,ATM,705.91,Success,0.0
T000740,2025-08-26,C0195,B006,UPI,Web,633.13,Success,0.0
T000741,2025-08-29,C0367,B006,UPI,ATM,1030.42,Success,1.03
T000742,2025-09-08,C0197,B002,UPI,Mobile,2871.34,Success,0.0
T000743,2025-07-17,C0334,B005,Branch Transfer,Mobile,2524.03,Success,0.0
T000744,2025-12-07,C0358,B006,NEFT,Web,697.9,Success,0.0
T000745,2025-10-24,C0309,B006,Branch Transfer,POS,5471.16,Success,5.47
T000746,2025-02-11,C0499,B004,Card,ATM,586.93,Success,0.0
T000747,2025-09-30,C0257,B002,NEFT,Mobile,1107.03,Success,0.0
T000748,2025-10-21,C0326,B006,IMPS,ATM,1084.22,Success,1.08
T000749,2025-03-28,C0004,B007,ATM,Web,3007.81,Success,3.01
T000750,2025-07-11,C0091,B001,UPI,Branch,436.34,Success,0.0
T000751,2025-04-19,C0291,B004,UPI,Branch,2698.07,Success,2.7
T000752,2025-11-16,C0321,B004,UPI,ATM,1909.04,Success,0.0
T000753,2025-06-25,C0033,B007,UPI,Mobile,611.67,Success,0.0
T000754,2025-01-04,C0137,B008,NEFT,ATM,136.92,Success,0.27
T000755,2025-09-06,C0478,B008,Card,ATM,906.85,Success,0.0
T000756,2025-05-03,C0419,B001,Branch Transfer,ATM,2334.65,Success,0.0
T000757,2025-02-21,C0413,B004,UPI,Mobile,4284.07,Success,0.0
T000758,2025-03-04,C0309,B006,ATM,Branch,420.73,Success,0.0
T000759,2025-12-18,C0317,B003,NEFT,Mobile,1376.78,Success,0.0
T000760,2025-07-04,C0325,B003,ATM,Mobile,2204.51,Success,4.41
T000761,2025-08-08,C0179,B005,Branch Transfer,Branch,6283.57,Success,0.0
T000762,2025-11-07,C0151,B007,UPI,Mobile,413.44,Success,0.83
T000763,2025-09-12,C0066,B006,IMPS,Web,521.98,Success,0.52
T000764,2025-08-17,C0459,B007,Branch Transfer,Mobile,1384.93,Success,0.0
T000765,2025-08-11,C0055,B002,Branch Transfer,Branch,913.44,Success,0.0
T000766,2025-12-10,C0488,B002,UPI,ATM,386.65,Success,0.0
T000767,2025-04-25,C0447,B007,Branch Transfer,Branch,4648.11,Success,4.65
T000768,2025-11-25,C0335,B003,IMPS,Mobile,6127.96,Success,0.0
T000769,2025-02-14,C0149,B005,UPI,POS,755.9,Success,0.0
T000770,2025-03-07,C0189,B005,ATM,POS,9331.66,Success,0.0
T000771,2025-04-08,C0275,B004,ATM,POS,4963.89,Success,0.0
T000772,2025-11-05,C0340,B002,Card,Web,3581.93,Success,0.0
T000773,2025-12-15,C0256,B003,Card,POS,1814.92,Success,0.0
T000774,2025-06-08,C0164,B002,Card,Branch,2310.74,Success,4.62
T000775,2025-04-21,C0324,B003,Card,ATM,2596.37,Failed,0.0
T000776,2025-04-18,C0079,B007,ATM,Branch,3872.84,Success,0.0
T000777,2025-07-20,C0373,B003,UPI,Branch,1074.98,Success,0.0
T000778,2025-02-06,C0201,B004,Card,Branch,434.47,Success,0.87
T000779,2025-03-09,C0050,B003,UPI,Branch,559.35,Success,0.56
T000780,2025-03-16,C0150,B005,UPI,POS,2833.15,Success,0.0
T000781,2025-12-14,C0053,B006,IMPS,Web,3969.09,Failed,0.0
T000782,2025-01-29,C0475,B007,UPI,Branch,2788.56,Failed,0.0
T000783,2025-01-18,C0126,B007,UPI,Branch,1147.94,Success,0.0
T000784,2025-12-21,C0398,B006,Branch Transfer,ATM,2042.1,Success,2.04
T000785,2025-12-01,C0324,B003,Card,Mobile,242.71,Success,0.0
T000786,2025-10-21,C0301,B008,Branch Transfer,Web,1319.71,Success,2.64
T000787,2025-09-05,C0197,B002,Branch Transfer,Mobile,2430.13,Success,0.0
T000788,2025-10-03,C0366,B008,UPI,Mobile,1821.57,Success,1.82
T000789,2025-10-27,C0266,B003,Card,Mobile,7117.89,Success,0.0
T000790,2025-11-03,C0093,B003,NEFT,Web,318.86,Success,0.0
T000791,2025-04-16,C0295,B007,NEFT,Mobile,571.7,Success,0.0
T000792,2025-06-02,C0260,B005,Card,Mobile,1689.35,Failed,0.0
T000793,2025-06-03,C0128,B004,UPI,ATM,691.76,Success,0.69
T000794,2025-06-30,C0268,B006,NEFT,Web,1569.04,Success,0.0
T000795,2025-04-07,C0019,B005,UPI,Web,3224.05,Success,6.45
T000796,2025-07-03,C0303,B001,UPI,Branch,2921.96,Success,0.0
T000797,2025-03-25,C0333,B004,Card,POS,567.59,Success,0.0
T000798,2025-02-06,C0105,B001,NEFT,POS,503.57,Success,0.0
T000799,2025-11-28,C0337,B005,ATM,Branch,2018.76,Success,2.02
T000800,2025-11-06,C0014,B004,UPI,Mobile,637.98,Success,0.64
T000801,2025-11-24,C0169,B005,UPI,Web,962.49,Failed,0.0
T000802,2025-02-23,C0194,B006,IMPS,Branch,378.42,Success,0.76
T000803,2025-09-28,C0049,B001,UPI,Mobile,1758.84,Success,0.0
T000804,2025-06-12,C0088,B004,Branch Transfer,POS,1108.4,Success,2.22
T000805,2025-07-26,C0305,B001,Card,POS,1521.66,Success,1.52
T000806,2025-05-17,C0377,B004,UPI,Web,2378.14,Success,2.38
T000807,2025-07-01,C0225,B008,IMPS,ATM,1488.14,Success,0.0
T000808,2025-02-14,C0326,B006,Branch Transfer,Mobile,1172.21,Success,0.0
T000809,2025-05-03,C0374,B006,Branch Transfer,Branch,3776.69,Success,0.0
T000810,2025-09-18,C0347,B008,Branch Transfer,Mobile,427.53,Success,0.86
T000811,2025-01-08,C0208,B002,NEFT,POS,5091.51,Success,0.0
T000812,2025-11-08,C0351,B003,UPI,Web,1331.49,Success,2.66
T000813,2025-02-08,C0090,B004,Card,Branch,559.64,Success,0.56
T000814,2025-07-11,C0088,B004,Branch Transfer,ATM,622.55,Success,0.0
T000815,2025-09-05,C0154,B001,UPI,ATM,226.11,Success,0.0
T000816,2025-11-26,C0476,B003,Card,Web,1343.54,Success,0.0
T000817,2025-07-01,C0206,B002,UPI,Branch,1276.74,Success,0.0
T000818,2025-09-07,C0064,B008,UPI,ATM,2741.98,Success,0.0
T000819,2025-08-08,C0187,B007,ATM,Branch,1612.51,Failed,0.0
T000820,2025-03-13,C0083,B007,Card,Mobile,1240.4,Success,0.0
T000821,2025-05-26,C0098,B002,UPI,Web,730.36,Success,0.0
T000822,2025-09-03,C0486,B006,Branch Transfer,ATM,1426.27,Success,0.0
T000823,2025-07-24,C0385,B008,Card,Web,1194.89,Success,0.0
T000824,2025-06-26,C0080,B002,Card,Branch,2699.44,Success,0.0
T000825,2025-11-02,C0500,B003,IMPS,Web,1263.25,Success,1.26
T000826,2025-03-20,C0317,B003,IMPS,Web,701.14,Success,0.0
T000827,2025-08-08,C0342,B006,UPI,POS,9544.2,Success,19.09
T000828,2025-04-07,C0093,B003,Branch Transfer,Branch,2271.09,Success,0.0
T000829,2025-05-21,C0020,B003,Branch Transfer,Mobile,5340.82,Success,0.0
T000830,2025-07-28,C0195,B006,Card,Mobile,644.42,Success,0.64
T000831,2025-02-26,C0156,B006,UPI,Mobile,828.75,Success,0.0
T000832,2025-01-21,C0094,B007,UPI,POS,2221.01,Success,0.0
T000833,2025-08-09,C0052,B001,UPI,Mobile,4956.78,Success,0.0
T000834,2025-10-10,C0350,B008,IMPS,POS,549.03,Success,1.1
T000835,2025-07-10,C0310,B005,UPI,Web,587.17,Success,0.0
T000836,2025-11-05,C0323,B002,UPI,Web,8029.53,Success,0.0
T000837,2025-08-17,C0361,B001,Branch Transfer,Web,296.35,Success,0.3
T000838,2025-03-20,C0274,B005,UPI,ATM,456.41,Success,0.91
T000839,2025-07-07,C0459,B007,Card,Mobile,413.05,Success,0.83
T000840,2025-11-03,C0086,B008,UPI,Mobile,4577.98,Failed,0.0
T000841,2025-12-22,C0407,B007,UPI,Mobile,4309.39,Success,8.62
T000842,2025-08-13,C0085,B006,IMPS,Web,601.36,Success,0.0
T000843,2025-01-02,C0095,B008,UPI,Branch,299.99,Success,0.6
T000844,2025-12-29,C0258,B008,IMPS,Mobile,918.2,Success,0.0
T000845,2025-05-02,C0274,B005,UPI,Web,953.62,Success,0.0
T000846,2025-04-18,C0422,B005,Card,ATM,1970.32,Success,3.94
T000847,2025-03-10,C0370,B005,Card,ATM,1964.87,Success,0.0
T000848,2025-05-24,C0113,B006,UPI,POS,8508.99,Failed,0.0
T000849,2025-12-19,C0055,B002,Card,Web,11274.85,Success,22.55
T000850,2025-08-15,C0419,B001,UPI,Web,573.56,Success,0.57
T000851,2025-04-29,C0229,B006,IMPS,Web,1295.77,Success,1.3
T000852,2025-04-05,C0236,B007,ATM,Web,407.01,Failed,0.0
T000853,2025-05-25,C0332,B004,UPI,Web,732.7,Success,1.47
T000854,2025-03-15,C0036,B001,UPI,Mobile,1751.33,Success,3.5
T000855,2025-07-16,C0194,B006,UPI,Web,15808.13,Success,0.0
T000856,2025-02-12,C0128,B004,UPI,Mobile,9694.99,Success,0.0
T000857,2025-06-23,C0278,B001,ATM,Mobile,3233.66,Success,0.0
T000858,2025-12-21,C0279,B005,UPI,ATM,1597.89,Success,3.2
T000859,2025-09-19,C0053,B006,ATM,ATM,803.05,Success,0.0
T000860,2025-12-17,C0116,B004,Card,ATM,664.68,Success,0.0
T000861,2025-02-09,C0183,B003,NEFT,Web,1841.11,Success,3.68
T000862,2025-08-06,C0348,B007,UPI,Mobile,2232.47,Success,0.0
T000863,2025-09-13,C0139,B001,NEFT,Web,2191.79,Success,0.0
T000864,2025-03-17,C0164,B002,Card,Mobile,8696.2,Success,0.0
T000865,2025-08-07,C0296,B002,Branch Transfer,Web,974.75,Failed,0.0
T000866,2025-07-17,C0393,B001,Card,POS,1452.21,Failed,0.0
T000867,2025-11-22,C0407,B007,UPI,POS,6620.12,Success,6.62
T000868,2025-10-03,C0255,B004,Card,Branch,2022.19,Success,4.04
T000869,2025-10-23,C0270,B003,IMPS,Mobile,2933.85,Success,0.0
T000870,2025-01-09,C0105,B001,Card,ATM,1405.82,Success,0.0
T000871,2025-03-13,C0435,B003,UPI,Mobile,113.79,Success,0.0
T000872,2025-12-23,C0493,B008,IMPS,ATM,1192.84,Failed,0.0
T000873,2025-12-26,C0028,B008,UPI,Mobile,1934.48,Success,0.0
T000874,2025-07-07,C0076,B003,UPI,Web,3918.06,Success,3.92
T000875,2025-09-28,C0384,B002,NEFT,ATM,825.12,Success,0.0
T000876,2025-03-21,C0057,B004,UPI,Mobile,2744.63,Success,0.0
T000877,2025-08-05,C0203,B002,NEFT,POS,6289.83,Success,12.58
T000878,2025-12-30,C0157,B003,UPI,Web,4090.69,Success,4.09
T000879,2025-04-19,C0381,B002,Card,POS,422.68,Success,0.85
T000880,2025-02-09,C0431,B006,ATM,Web,1368.07,Success,1.37
T000881,2025-07-10,C0028,B008,NEFT,ATM,822.73,Success,1.65
T000882,2025-05-03,C0015,B004,UPI,Web,1597.66,Success,0.0
T000883,2025-04-14,C0283,B002,NEFT,POS,493.88,Failed,0.0
T000884,2025-10-16,C0023,B001,Branch Transfer,Mobile,1437.73,Success,0.0
T000885,2025-05-25,C0183,B003,Branch Transfer,Web,1481.1,Success,0.0
T000886,2025-12-12,C0360,B006,UPI,Mobile,800.17,Success,0.0
T000887,2025-07-15,C0301,B008,Card,Web,237.52,Success,0.0
T000888,2025-04-21,C0453,B002,ATM,POS,4649.23,Success,9.3
T000889,2025-11-08,C0374,B006,NEFT,ATM,4540.02,Success,0.0
T000890,2025-11-16,C0185,B005,ATM,Web,500.52,Success,0.5
T000891,2025-11-09,C0107,B007,NEFT,Mobile,9083.58,Failed,0.0
T000892,2025-01-08,C0413,B004,UPI,Mobile,6023.1,Failed,0.0
T000893,2025-02-18,C0256,B003,Card,ATM,662.23,Success,1.32
T000894,2025-02-15,C0181,B006,UPI,ATM,2893.29,Failed,0.0
T000895,2025-08-15,C0391,B004,NEFT,ATM,732.08,Success,0.0
T000896,2025-05-27,C0440,B002,Card,ATM,541.81,Success,0.0
T000897,2025-12-16,C0043,B003,Card,Mobile,736.27,Failed,0.0
T000898,2025-11-26,C0318,B005,UPI,Mobile,7787.78,Success,0.0
T000899,2025-07-12,C0149,B005,UPI,Mobile,1228.58,Success,1.23
T000900,2025-08-27,C0179,B005,Card,Mobile,2062.2,Success,0.0
T000901,2025-07-23,C0470,B003,IMPS,Branch,686.75,Success,1.37
T000902,2025-12-26,C0109,B008,IMPS,Web,440.07,Success,0.44
T000903,2025-04-20,C0328,B007,UPI,Branch,58.43,Success,0.06
T000904,2025-01-28,C0110,B002,UPI,Mobile,1240.42,Success,0.0
T000905,2025-07-27,C0141,B004,UPI,ATM,4764.18,Success,0.0
T000906,2025-01-28,C0095,B008,UPI,Web,4218.29,Success,0.0
T000907,2025-08-03,C0179,B005,Card,Branch,1962.19,Failed,0.0
T000908,2025-12-21,C0182,B003,Card,Mobile,5229.23,Success,0.0
T000909,2025-12-08,C0371,B008,Card,Mobile,241.09,Success,0.0
T000910,2025-08-23,C0078,B002,Branch Transfer,ATM,1478.24,Success,1.48
T000911,2025-01-02,C0267,B003,Branch Transfer,Web,2801.85,Success,0.0
T000912,2025-04-07,C0382,B003,Card,Web,1627.52,Success,0.0
T000913,2025-04-08,C0488,B002,Branch Transfer,ATM,1692.12,Success,0.0
T000914,2025-06-07,C0460,B004,Card,Branch,12066.9,Success,12.07
T000915,2025-06-30,C0211,B003,Card,Web,1724.66,Success,0.0
T000916,2025-08-08,C0235,B006,Card,Branch,1649.26,Success,0.0
T000917,2025-05-26,C0325,B003,IMPS,POS,2360.43,Success,4.72
T000918,2025-01-17,C0413,B004,NEFT,Branch,3182.94,Success,6.37
T000919,2025-04-11,C0059,B005,ATM,Branch,4867.09,Success,4.87
T000920,2025-11-27,C0465,B003,IMPS,ATM,1122.03,Success,0.0
T000921,2025-08-01,C0430,B004,NEFT,POS,1678.62,Success,0.0
T000922,2025-05-04,C0221,B006,Card,POS,910.8,Success,0.0
T000923,2025-03-07,C0220,B002,Branch Transfer,POS,741.39,Success,0.0
T000924,2025-08-12,C0082,B005,UPI,Branch,2235.91,Success,4.47
T000925,2025-11-18,C0432,B006,Branch Transfer,Mobile,2945.89,Success,0.0
T000926,2025-08-12,C0014,B004,UPI,Mobile,2557.94,Success,5.12
T000927,2025-07-15,C0293,B001,UPI,ATM,4176.22,Success,0.0
T000928,2025-10-02,C0100,B008,ATM,Mobile,11077.27,Success,0.0
T000929,2025-02-12,C0141,B004,Branch Transfer,Mobile,2709.66,Success,0.0
T000930,2025-11-02,C0236,B007,UPI,Branch,643.83,Success,0.0
T000931,2025-07-05,C0433,B008,Branch Transfer,Mobile,848.05,Success,0.85
T000932,2025-11-17,C0250,B007,UPI,Web,2476.05,Success,2.48
T000933,2025-06-02,C0093,B003,UPI,Mobile,414.08,Success,0.0
T000934,2025-06-25,C0500,B003,Branch Transfer,POS,1378.14,Success,0.0
T000935,2025-05-11,C0380,B004,Branch Transfer,Mobile,277.04,Success,0.0
T000936,2025-04-22,C0461,B007,UPI,Mobile,2156.7,Success,0.0
T000937,2025-12-29,C0179,B005,Card,Branch,370.64,Success,0.74
T000938,2025-04-09,C0473,B004,UPI,Branch,1772.37,Success,1.77
T000939,2025-08-17,C0453,B002,Card,Branch,14798.78,Success,29.6
T000940,2025-04-13,C0220,B002,Card,Mobile,821.65,Success,0.0
T000941,2025-09-19,C0491,B003,UPI,ATM,1001.64,Success,2.0
T000942,2025-01-16,C0204,B002,UPI,Mobile,3748.53,Success,0.0
T000943,2025-12-03,C0111,B001,Card,ATM,608.95,Success,0.0
T000944,2025-08-27,C0110,B002,Card,POS,993.34,Success,0.0
T000945,2025-09-27,C0109,B008,UPI,Mobile,2140.02,Failed,0.0
T000946,2025-11-27,C0294,B005,Card,Mobile,2819.33,Success,0.0
T000947,2025-09-10,C0411,B004,Card,POS,6330.87,Success,0.0
T000948,2025-10-30,C0168,B007,Card,Mobile,1778.19,Success,3.56
T000949,2025-08-25,C0467,B002,UPI,Mobile,3949.83,Success,7.9
T000950,2025-11-27,C0173,B007,UPI,ATM,1092.75,Success,0.0
T000951,2025-06-27,C0163,B004,Card,ATM,1704.45,Success,1.7
T000952,2025-08-21,C0357,B008,Card,Mobile,22107.8,Success,44.22
T000953,2025-04-25,C0015,B004,UPI,Mobile,559.61,Success,0.0
T000954,2025-07-08,C0098,B002,ATM,ATM,1579.32,Success,0.0
T000955,2025-01-23,C0453,B002,UPI,Web,695.01,Success,0.0
T000956,2025-03-12,C0474,B003,Card,Branch,567.94,Success,1.14
T000957,2025-08-17,C0327,B002,NEFT,ATM,1554.89,Success,1.55
T000958,2025-09-05,C0165,B003,UPI,Web,832.35,Success,1.66
T000959,2025-11-28,C0338,B001,IMPS,Mobile,856.41,Failed,0.0
T000960,2025-01-07,C0109,B008,NEFT,Web,1354.45,Success,0.0
T000961,2025-10-30,C0417,B006,IMPS,Branch,1532.72,Failed,0.0
T000962,2025-03-20,C0336,B006,ATM,POS,4738.41,Success,9.48
T000963,2025-07-24,C0104,B007,UPI,Mobile,938.24,Success,1.88
T000964,2025-08-25,C0076,B003,ATM,ATM,2574.73,Success,0.0
T000965,2025-09-01,C0015,B004,NEFT,ATM,1325.27,Success,0.0
T000966,2025-04-19,C0221,B006,UPI,ATM,1491.65,Success,0.0
T000967,2025-01-26,C0051,B002,NEFT,Web,2949.21,Success,2.95
T000968,2025-05-22,C0305,B001,Card,Mobile,1451.95,Success,0.0
T000969,2025-02-28,C0113,B006,UPI,ATM,499.96,Success,0.0
T000970,2025-11-14,C0116,B004,NEFT,Branch,1130.38,Success,0.0
T000971,2025-03-29,C0106,B007,IMPS,Mobile,1025.45,Success,0.0
T000972,2025-09-15,C0095,B008,Branch Transfer,Web,3304.21,Success,0.0
T000973,2025-12-15,C0162,B003,UPI,Mobile,1386.54,Success,0.0
T000974,2025-12-14,C0088,B004,IMPS,Branch,404.14,Success,0.0
T000975,2025-05-07,C0448,B004,Card,Web,2288.01,Success,4.58
T000976,2025-03-17,C0387,B003,IMPS,ATM,851.11,Success,1.7
T000977,2025-09-07,C0340,B002,UPI,POS,981.59,Success,0.0
T000978,2025-12-06,C0397,B004,ATM,Mobile,8157.23,Success,16.31
T000979,2025-07-30,C0076,B003,ATM,POS,2035.53,Success,0.0
T000980,2025-12-23,C0380,B004,Branch Transfer,Mobile,576.28,Success,0.58
T000981,2025-05-21,C0495,B004,ATM,ATM,183.58,Success,0.0
T000982,2025-06-19,C0455,B002,Card,POS,1052.44,Success,0.0
T000983,2025-08-10,C0063,B006,IMPS,Mobile,2568.83,Success,0.0
T000984,2025-12-17,C0256,B003,UPI,Web,2838.25,Success,5.68
T000985,2025-09-07,C0156,B006,UPI,Branch,493.56,Success,0.0
T000986,2025-01-03,C0157,B003,Card,POS,767.97,Success,1.54
T000987,2025-02-14,C0080,B002,IMPS,ATM,148.93,Success,0.0
T000988,2025-01-17,C0113,B006,Card,Branch,393.68,Success,0.39
T000989,2025-02-20,C0496,B007,ATM,ATM,8856.38,Success,8.86
T000990,2025-10-24,C0412,B004,UPI,ATM,2730.54,Success,0.0
T000991,2025-02-13,C0157,B003,UPI,Mobile,5766.51,Success,5.77
T000992,2025-09-27,C0071,B004,Card,Branch,2939.66,Success,2.94
T000993,2025-01-15,C0237,B004,Branch Transfer,ATM,1844.21,Success,3.69
T000994,2025-07-21,C0028,B008,UPI,Branch,2548.22,Success,5.1
T000995,2025-01-28,C0430,B004,UPI,Branch,280.96,Success,0.56
T000996,2025-06-19,C0354,B002,ATM,Web,310.0,Success,0.0
T000997,2025-03-15,C0265,B001,Card,Mobile,9709.22,Success,0.0
T000998,2025-09-06,C0413,B004,NEFT,POS,1548.7,Success,0.0
T000999,2025-07-20,C0228,B006,UPI,Web,497.9,Failed,0.0
T001000,2025-10-07,C0431,B006,UPI,Branch,2089.96,Success,0.0
T001001,2025-11-22,C0075,B007,UPI,Branch,595.43,Success,0.0
T001002,2025-05-29,C0246,B002,UPI,Branch,279.06,Success,0.0
T001003,2025-12-24,C0198,B007,IMPS,Branch,1062.66,Success,0.0
T001004,2025-10-16,C0062,B002,Card,Branch,1707.94,Success,3.42
T001005,2025-07-01,C0022,B007,Branch Transfer,ATM,1213.42,Success,0.0
T001006,2025-09-15,C0257,B002,UPI,Web,6336.22,Success,0.0
T001007,2025-12-02,C0181,B006,IMPS,ATM,562.29,Success,0.0
T001008,2025-07-21,C0473,B004,UPI,POS,4571.45,Failed,0.0
T001009,2025-04-03,C0338,B001,Card,ATM,1556.38,Success,3.11
T001010,2025-11-13,C0300,B006,ATM,Branch,2489.89,Success,2.49
T001011,2025-04-29,C0166,B005,Branch Transfer,Branch,10720.5,Success,0.0
T001012,2025-08-04,C0387,B003,Branch Transfer,Branch,543.11,Success,0.0
T001013,2025-07-11,C0391,B004,NEFT,POS,534.66,Success,1.07
T001014,2025-04-11,C0103,B005,UPI,Branch,1273.91,Success,0.0
T001015,2025-09-28,C0417,B006,ATM,Web,418.56,Success,0.0
T001016,2025-03-13,C0018,B008,ATM,ATM,985.36,Success,0.0
T001017,2025-12-16,C0095,B008,IMPS,POS,10622.47,Success,0.0
T001018,2025-08-31,C0424,B007,Card,Branch,126.97,Success,0.0
T001019,2025-11-17,C0219,B001,Card,Mobile,2952.22,Success,0.0
T001020,2025-10-04,C0308,B007,UPI,Web,3895.89,Success,0.0
T001021,2025-05-28,C0496,B007,UPI,ATM,3570.97,Success,7.14
T001022,2025-11-13,C0205,B006,UPI,Mobile,2167.01,Success,0.0
T001023,2025-06-23,C0017,B006,Card,Mobile,572.57,Success,0.0
T001024,2025-09-10,C0121,B008,UPI,Branch,6543.44,Success,0.0
T001025,2025-11-10,C0307,B008,Branch Transfer,Mobile,5299.92,Success,0.0
T001026,2025-09-12,C0019,B005,Card,Mobile,2330.12,Success,0.0
T001027,2025-01-29,C0477,B003,UPI,Mobile,2701.24,Success,2.7
T001028,2025-09-04,C0283,B002,UPI,POS,6611.3,Success,6.61
T001029,2025-03-01,C0071,B004,Card,Web,1117.16,Success,0.0
T001030,2025-02-17,C0119,B008,Card,POS,231.88,Success,0.46
T001031,2025-01-08,C0024,B002,ATM,Web,939.28,Success,0.94
T001032,2025-01-23,C0145,B003,UPI,Web,7357.25,Failed,0.0
T001033,2025-07-23,C0311,B008,Card,Web,578.79,Success,0.0
T001034,2025-06-04,C0228,B006,Branch Transfer,ATM,2920.82,Success,5.84
T001035,2025-12-24,C0164,B002,Card,Branch,523.86,Success,1.05
T001036,2025-02-10,C0144,B002,UPI,Web,246.87,Success,0.0
T001037,2025-05-01,C0019,B005,NEFT,Mobile,2370.38,Success,2.37
T001038,2025-05-23,C0139,B001,Card,Mobile,1208.41,Success,1.21
T001039,2025-04-16,C0115,B007,Card,POS,2662.04,Success,0.0
T001040,2025-06-28,C0391,B004,Branch Transfer,Web,288.57,Success,0.58
T001041,2025-01-15,C0388,B004,UPI,Mobile,4016.03,Success,0.0
T001042,2025-07-18,C0284,B005,Branch Transfer,POS,4193.0,Failed,0.0
T001043,2025-08-06,C0238,B006,Card,Branch,1888.55,Success,1.89
T001044,2025-05-02,C0382,B003,UPI,Mobile,579.22,Success,0.58
T001045,2025-05-21,C0316,B008,Card,Mobile,5195.24,Success,10.39
T001046,2025-06-07,C0064,B008,Card,Mobile,975.02,Success,0.98
T001047,2025-01-05,C0226,B006,Card,Branch,6888.54,Success,0.0
T001048,2025-10-24,C0030,B008,Branch Transfer,Branch,553.25,Success,0.0
T001049,2025-05-13,C0093,B003,IMPS,Mobile,262.44,Success,0.52
T001050,2025-02-28,C0120,B003,NEFT,Mobile,493.69,Success,0.0
T001051,2025-04-27,C0284,B005,UPI,POS,2432.69,Success,0.0
T001052,2025-01-23,C0368,B008,NEFT,Mobile,1119.41,Success,2.24
T001053,2025-04-15,C0122,B002,UPI,ATM,426.38,Success,0.43
T001054,2025-01-13,C0074,B005,UPI,Branch,3113.1,Success,0.0
T001055,2025-05-31,C0483,B003,NEFT,POS,4359.91,Success,8.72
T001056,2025-06-26,C0365,B003,Branch Transfer,Branch,899.58,Success,0.0
T001057,2025-11-29,C0391,B004,UPI,Branch,571.56,Success,1.14
T001058,2025-03-04,C0276,B001,ATM,POS,1556.51,Success,3.11
T001059,2025-06-12,C0226,B006,UPI,ATM,3345.59,Success,0.0
T001060,2025-08-22,C0119,B008,UPI,ATM,159.9,Success,0.0
T001061,2025-09-16,C0287,B006,UPI,Web,936.4,Success,0.94
T001062,2025-03-06,C0292,B008,Branch Transfer,ATM,3619.16,Success,0.0
T001063,2025-03-02,C0161,B008,UPI,Branch,2111.08,Success,0.0
T001064,2025-03-27,C0008,B007,UPI,Web,595.05,Success,0.0
T001065,2025-01-18,C0446,B004,ATM,Branch,327.01,Success,0.33
T001066,2025-03-07,C0182,B003,Card,POS,2078.0,Success,0.0
T001067,2025-11-12,C0312,B007,UPI,Branch,2233.9,Success,2.23
T001068,2025-08-19,C0323,B002,IMPS,POS,938.94,Success,0.0
T001069,2025-09-18,C0470,B003,UPI,Branch,7861.58,Success,7.86
T001070,2025-08-13,C0165,B003,UPI,ATM,2514.2,Success,0.0
T001071,2025-06-24,C0253,B007,UPI,ATM,1577.93,Success,1.58
T001072,2025-07-16,C0166,B005,UPI,Branch,777.52,Success,0.0
T001073,2025-05-23,C0266,B003,Card,ATM,1844.54,Success,0.0
T001074,2025-09-07,C0141,B004,Card,Mobile,3748.47,Success,7.5
T001075,2025-04-29,C0474,B003,NEFT,Mobile,680.97,Success,0.0
T001076,2025-01-21,C0307,B008,Branch Transfer,ATM,2079.6,Success,0.0
T001077,2025-05-25,C0105,B001,Branch Transfer,ATM,2334.83,Success,2.33
T001078,2025-02-26,C0471,B003,IMPS,ATM,5522.08,Success,0.0
T001079,2025-12-09,C0375,B004,UPI,ATM,1127.22,Success,0.0
T001080,2025-09-17,C0081,B005,UPI,ATM,1094.6,Success,0.0
T001081,2025-01-20,C0457,B002,Card,Mobile,205.59,Success,0.0
T001082,2025-03-12,C0126,B007,Card,Web,3356.48,Success,3.36
T001083,2025-04-06,C0249,B008,IMPS,Web,929.49,Success,1.86
T001084,2025-08-11,C0002,B002,UPI,ATM,1677.65,Success,1.68
T001085,2025-07-14,C0315,B006,NEFT,ATM,736.0,Success,0.0
T001086,2025-04-29,C0431,B006,ATM,ATM,2605.24,Success,5.21
T001087,2025-09-04,C0279,B005,UPI,Mobile,1153.42,Success,1.15
T001088,2025-08-26,C0091,B001,Branch Transfer,Branch,2258.21,Success,0.0
T001089,2025-09-08,C0431,B006,NEFT,Branch,2060.62,Success,0.0
T001090,2025-10-15,C0032,B007,IMPS,Branch,812.95,Success,0.81
T001091,2025-05-14,C0205,B006,Branch Transfer,ATM,343.01,Success,0.0
T001092,2025-07-29,C0230,B001,UPI,POS,5936.12,Success,0.0
T001093,2025-06-18,C0313,B007,UPI,Mobile,5837.64,Success,5.84
T001094,2025-12-27,C0400,B008,UPI,POS,502.72,Success,0.0
T001095,2025-07-05,C0108,B007,Card,ATM,784.34,Success,0.0
T001096,2025-07-31,C0170,B008,UPI,Mobile,1053.72,Success,0.0
T001097,2025-11-20,C0118,B007,IMPS,Branch,815.79,Success,0.82
T001098,2025-05-19,C0068,B004,ATM,Mobile,341.66,Success,0.34
T001099,2025-10-05,C0008,B007,NEFT,POS,154.27,Success,0.0
T001100,2025-06-09,C0440,B002,IMPS,Web,897.34,Success,0.9
T001101,2025-05-16,C0052,B001,Branch Transfer,Branch,1825.65,Success,0.0
T001102,2025-05-23,C0288,B006,Card,Branch,6622.43,Success,0.0
T001103,2025-07-21,C0373,B003,Branch Transfer,Mobile,7179.35,Success,14.36
T001104,2025-04-29,C0204,B002,Card,Mobile,1415.65,Success,0.0
T001105,2025-10-15,C0049,B001,UPI,Branch,5048.0,Success,0.0
T001106,2025-08-31,C0316,B008,Card,Web,332.4,Success,0.0
T001107,2025-06-14,C0019,B005,NEFT,POS,5526.71,Success,0.0
T001108,2025-09-08,C0407,B007,Card,POS,588.87,Success,0.59
T001109,2025-02-11,C0285,B004,Branch Transfer,Web,1289.27,Success,0.0
T001110,2025-03-04,C0267,B003,UPI,Branch,374.93,Success,0.75
T001111,2025-10-08,C0072,B008,Card,POS,3622.44,Success,0.0
T001112,2025-03-26,C0333,B004,UPI,POS,1556.41,Success,0.0
T001113,2025-05-09,C0310,B005,Card,Web,705.45,Success,0.0
T001114,2025-08-31,C0269,B002,UPI,ATM,1250.14,Success,0.0
T001115,2025-04-07,C0360,B006,UPI,Branch,408.73,Success,0.82
T001116,2025-03-22,C0305,B001,UPI,Web,10993.24,Success,0.0
T001117,2025-05-26,C0141,B004,ATM,Branch,6766.08,Success,13.53
T001118,2025-05-11,C0479,B005,Card,Web,2007.47,Success,0.0
T001119,2025-04-02,C0144,B002,UPI,POS,2808.2,Success,5.62
T001120,2025-11-12,C0142,B007,NEFT,Mobile,1401.31,Success,0.0
T001121,2025-11-11,C0476,B003,UPI,Branch,80.41,Success,0.16
T001122,2025-12-07,C0218,B004,Card,Branch,360.91,Success,0.36
T001123,2025-07-17,C0397,B004,IMPS,POS,316.79,Success,0.0
T001124,2025-04-20,C0432,B006,Branch Transfer,ATM,14247.36,Success,14.25
T001125,2025-03-03,C0351,B003,Card,Branch,1248.89,Success,0.0
T001126,2025-12-10,C0395,B004,UPI,Branch,1053.59,Success,0.0
T001127,2025-04-02,C0192,B003,Branch Transfer,Mobile,1100.81,Success,0.0
T001128,2025-07-08,C0467,B002,Branch Transfer,Branch,1487.5,Success,0.0
T001129,2025-01-23,C0204,B002,Branch Transfer,Mobile,2398.96,Success,4.8
T001130,2025-08-30,C0442,B008,Branch Transfer,Mobile,2310.2,Success,4.62
T001131,2025-07-09,C0020,B003,UPI,Mobile,3290.29,Success,0.0
T001132,2025-03-03,C0215,B006,UPI,ATM,1903.64,Success,3.81
T001133,2025-04-10,C0437,B008,NEFT,Web,2725.55,Success,0.0
T001134,2025-10-28,C0464,B001,IMPS,Mobile,1172.93,Success,1.17
T001135,2025-04-09,C0034,B004,ATM,Mobile,1494.66,Success,1.49
T001136,2025-11-08,C0142,B007,UPI,ATM,1497.18,Success,0.0
T001137,2025-10-15,C0141,B004,Card,Branch,788.5,Success,1.58
T001138,2025-03-01,C0046,B001,Branch Transfer,Web,815.5,Success,0.0
T001139,2025-01-06,C0404,B001,UPI,ATM,1171.11,Success,0.0
T001140,2025-12-15,C0429,B004,NEFT,ATM,3468.4,Success,0.0
T001141,2025-07-14,C0028,B008,IMPS,Web,778.5,Success,0.0
T001142,2025-04-13,C0140,B002,UPI,ATM,462.57,Success,0.46
T001143,2025-07-06,C0297,B001,UPI,Mobile,2303.33,Success,0.0
T001144,2025-10-27,C0487,B007,Card,ATM,1607.57,Success,0.0
T001145,2025-06-25,C0107,B007,NEFT,POS,1537.58,Success,0.0
T001146,2025-04-18,C0396,B006,UPI,Branch,1397.96,Success,0.0
T001147,2025-08-28,C0072,B008,Card,ATM,1040.85,Success,0.0
T001148,2025-02-23,C0360,B006,NEFT,Web,1208.75,Success,0.0
T001149,2025-07-03,C0468,B005,UPI,Branch,1380.36,Success,2.76
T001150,2025-10-22,C0304,B005,NEFT,POS,3142.07,Success,0.0
T001151,2025-09-05,C0173,B007,NEFT,POS,5971.84,Success,0.0
T001152,2025-10-31,C0206,B002,UPI,Web,1938.45,Success,3.88
T001153,2025-10-18,C0488,B002,IMPS,Mobile,571.27,Failed,0.0
T001154,2025-03-14,C0159,B005,ATM,Web,1359.87,Success,0.0
T001155,2025-03-30,C0453,B002,UPI,Web,576.82,Success,0.0
T001156,2025-12-17,C0079,B007,Card,Branch,1704.58,Success,1.7
T001157,2025-08-26,C0426,B002,IMPS,Branch,2438.42,Success,0.0
T001158,2025-06-17,C0396,B006,ATM,POS,11324.17,Success,11.32
T001159,2025-06-27,C0037,B004,Card,Web,4013.1,Success,8.03
T001160,2025-05-01,C0394,B005,Card,Mobile,312.84,Success,0.31
T001161,2025-04-28,C0331,B003,UPI,Branch,750.96,Success,0.0
T001162,2025-04-03,C0335,B003,Card,ATM,811.1,Success,0.0
T001163,2025-08-04,C0491,B003,UPI,ATM,1030.93,Success,0.0
T001164,2025-02-21,C0352,B001,NEFT,POS,633.5,Success,0.0
T001165,2025-07-16,C0260,B005,NEFT,ATM,2454.17,Success,2.45
T001166,2025-11-21,C0380,B004,UPI,ATM,1504.4,Success,3.01
T001167,2025-04-02,C0058,B005,Branch Transfer,Mobile,1616.86,Success,0.0
T001168,2025-12-29,C0173,B007,Card,Mobile,3030.57,Success,0.0
T001169,2025-09-08,C0063,B006,Card,POS,1001.81,Success,0.0
T001170,2025-04-02,C0137,B008,UPI,POS,1144.6,Success,0.0
T001171,2025-07-02,C0058,B005,IMPS,Mobile,1617.83,Success,3.24
T001172,2025-03-16,C0065,B002,NEFT,POS,1257.69,Failed,0.0
T001173,2025-09-26,C0125,B005,Card,Mobile,459.33,Success,0.92
T001174,2025-09-20,C0196,B008,Branch Transfer,Mobile,3104.21,Success,0.0
T001175,2025-08-10,C0429,B004,Branch Transfer,POS,4788.48,Failed,0.0
T001176,2025-10-04,C0264,B004,ATM,Web,166.24,Success,0.17
T001177,2025-08-12,C0390,B008,UPI,POS,2203.7,Success,0.0
T001178,2025-04-03,C0205,B006,NEFT,Web,766.75,Success,0.77
T001179,2025-05-17,C0141,B004,Card,Mobile,5788.92,Success,0.0
T001180,2025-06-16,C0364,B002,UPI,POS,2989.76,Success,2.99
T001181,2025-11-22,C0216,B007,Card,ATM,1695.32,Success,0.0
T001182,2025-06-27,C0164,B002,ATM,ATM,1474.74,Success,1.47
T001183,2025-01-17,C0207,B006,NEFT,Mobile,1690.5,Success,0.0
T001184,2025-09-29,C0107,B007,Card,Web,878.64,Success,0.0
T001185,2025-10-27,C0320,B008,UPI,Mobile,946.0,Failed,0.0
T001186,2025-05-26,C0385,B008,Card,Branch,1449.94,Success,0.0
T001187,2025-03-05,C0311,B008,UPI,POS,1716.01,Success,1.72
T001188,2025-06-30,C0210,B004,IMPS,Mobile,1042.89,Success,0.0
T001189,2025-12-18,C0341,B008,Branch Transfer,Web,2858.94,Success,2.86
T001190,2025-07-26,C0440,B002,Card,Branch,1036.84,Success,0.0
T001191,2025-01-02,C0148,B004,Card,Branch,870.31,Success,0.0
T001192,2025-12-01,C0298,B006,Card,Web,1245.31,Success,0.0
T001193,2025-11-14,C0313,B007,Card,ATM,277.02,Success,0.0
T001194,2025-05-08,C0313,B007,UPI,Mobile,2928.02,Failed,0.0
T001195,2025-11-04,C0381,B002,ATM,Branch,2671.07,Success,0.0
T001196,2025-05-03,C0189,B005,UPI,POS,962.81,Success,0.0
T001197,2025-08-24,C0237,B004,UPI,Web,1480.91,Success,0.0
T001198,2025-08-25,C0126,B007,IMPS,Branch,2504.91,Success,2.5
T001199,2025-08-02,C0037,B004,Branch Transfer,POS,6133.25,Success,12.27
T001200,2025-01-13,C0366,B008,Card,Branch,2213.45,Success,4.43
T001201,2025-03-05,C0220,B002,UPI,Branch,2855.67,Success,0.0
T001202,2025-06-23,C0337,B005,UPI,Mobile,631.51,Success,0.0
T001203,2025-12-30,C0235,B006,Card,ATM,819.1,Success,0.82
T001204,2025-08-19,C0404,B001,NEFT,POS,1975.57,Success,0.0
T001205,2025-01-14,C0148,B004,UPI,POS,1045.59,Success,0.0
T001206,2025-06-06,C0325,B003,Card,Web,1278.81,Success,0.0
T001207,2025-05-30,C0312,B007,ATM,ATM,863.29,Success,1.73
T001208,2025-10-27,C0076,B003,UPI,Branch,921.3,Success,1.84
T001209,2025-11-13,C0245,B004,Branch Transfer,Branch,1997.44,Success,2.0
T001210,2025-03-28,C0332,B004,ATM,ATM,1394.56,Success,0.0
T001211,2025-06-08,C0116,B004,UPI,Web,319.31,Success,0.0
T001212,2025-09-13,C0183,B003,Card,ATM,4107.27,Success,0.0
T001213,2025-01-17,C0341,B008,Card,POS,530.37,Success,1.06
T001214,2025-10-03,C0434,B006,ATM,Web,1723.58,Success,0.0
T001215,2025-12-20,C0117,B002,IMPS,Web,848.81,Success,0.0
T001216,2025-06-05,C0268,B006,UPI,Mobile,479.17,Success,0.48
T001217,2025-01-27,C0275,B004,UPI,Branch,1970.16,Success,0.0
T001218,2025-02-21,C0102,B005,Card,Branch,570.48,Success,1.14
T001219,2025-02-27,C0441,B004,IMPS,Branch,1124.01,Success,2.25
T001220,2025-05-09,C0001,B005,IMPS,Branch,2085.33,Success,4.17
T001221,2025-05-26,C0264,B004,Branch Transfer,POS,111.11,Success,0.0
T001222,2025-06-08,C0258,B008,NEFT,Mobile,5860.2,Success,0.0
T001223,2025-08-10,C0390,B008,NEFT,Mobile,624.21,Success,0.0
T001224,2025-04-29,C0391,B004,UPI,ATM,1486.96,Success,0.0
T001225,2025-11-09,C0475,B007,UPI,Web,2289.43,Success,2.29
T001226,2025-03-22,C0437,B008,NEFT,Branch,14032.26,Success,0.0
T001227,2025-06-05,C0479,B005,Card,Branch,438.63,Success,0.0
T001228,2025-08-06,C0158,B007,Card,ATM,951.68,Success,0.95
T001229,2025-12-27,C0010,B004,UPI,ATM,2150.88,Success,0.0
T001230,2025-07-15,C0219,B001,UPI,Branch,1683.31,Success,3.37
T001231,2025-05-21,C0439,B008,UPI,Branch,770.25,Success,1.54
T001232,2025-01-24,C0488,B002,IMPS,POS,2373.73,Failed,0.0
T001233,2025-01-31,C0193,B001,UPI,Mobile,2060.85,Success,0.0
T001234,2025-03-10,C0242,B006,ATM,ATM,14324.99,Success,28.65
T001235,2025-04-13,C0294,B005,Card,POS,1264.49,Success,0.0
T001236,2025-05-30,C0272,B007,NEFT,Branch,12267.24,Success,0.0
T001237,2025-04-20,C0383,B005,UPI,ATM,1338.39,Success,0.0
T001238,2025-01-12,C0310,B005,UPI,POS,2266.76,Success,0.0
T001239,2025-09-20,C0031,B008,Card,Mobile,778.01,Success,0.0
T001240,2025-02-08,C0377,B004,Card,POS,1940.19,Success,0.0
T001241,2025-08-28,C0473,B004,NEFT,Web,3311.89,Success,3.31
T001242,2025-06-19,C0334,B005,UPI,Mobile,2173.66,Success,2.17
T001243,2025-10-22,C0206,B002,UPI,Branch,2096.09,Success,0.0
T001244,2025-05-13,C0078,B002,ATM,POS,2760.95,Success,0.0
T001245,2025-07-01,C0474,B003,ATM,Web,3537.85,Success,0.0
T001246,2025-04-03,C0158,B007,UPI,POS,4158.84,Success,0.0
T001247,2025-02-05,C0179,B005,UPI,Web,980.95,Success,0.0
T001248,2025-05-19,C0218,B004,UPI,Mobile,1297.82,Success,2.6
T001249,2025-03-31,C0048,B005,Card,Mobile,1954.38,Success,0.0
T001250,2025-09-08,C0482,B008,IMPS,ATM,1231.05,Success,2.46
T001251,2025-05-11,C0245,B004,Card,Mobile,1038.09,Failed,0.0
T001252,2025-07-04,C0182,B003,Branch Transfer,Web,4106.37,Success,0.0
T001253,2025-02-13,C0360,B006,NEFT,Mobile,1536.34,Success,0.0
T001254,2025-04-18,C0306,B007,ATM,Branch,2297.26,Success,0.0
T001255,2025-03-31,C0089,B008,Branch Transfer,Web,2837.0,Success,0.0
T001256,2025-09-12,C0016,B006,UPI,ATM,1137.19,Success,2.27
T001257,2025-01-14,C0015,B004,UPI,Web,424.6,Success,0.85
T001258,2025-02-21,C0081,B005,UPI,Branch,120.58,Success,0.24
T001259,2025-11-05,C0069,B003,ATM,ATM,3723.26,Success,7.45
T001260,2025-11-11,C0490,B008,NEFT,Web,377.99,Success,0.76
T001261,2025-04-23,C0065,B002,Card,Branch,2727.53,Success,0.0
T001262,2025-11-11,C0145,B003,UPI,Branch,832.12,Success,0.0
T001263,2025-10-30,C0343,B002,Card,ATM,4615.32,Success,0.0
T001264,2025-07-11,C0217,B006,NEFT,Mobile,11881.27,Success,11.88
T001265,2025-04-12,C0407,B007,Branch Transfer,POS,3149.14,Success,0.0
T001266,2025-09-05,C0247,B007,ATM,Branch,5761.03,Failed,0.0
T001267,2025-05-15,C0319,B008,Card,ATM,596.01,Success,0.0
T001268,2025-04-06,C0457,B002,UPI,ATM,4135.3,Success,0.0
T001269,2025-09-23,C0391,B004,UPI,Web,3440.73,Success,6.88
T001270,2025-04-27,C0049,B001,Branch Transfer,ATM,2817.71,Success,0.0
T001271,2025-08-20,C0158,B007,Card,Web,5276.9,Success,10.55
T001272,2025-12-15,C0073,B004,UPI,POS,790.05,Success,1.58
T001273,2025-09-30,C0025,B005,Card,POS,1611.08,Success,0.0
T001274,2025-03-19,C0116,B004,Card,Branch,5742.06,Success,0.0
T001275,2025-07-19,C0152,B001,Branch Transfer,Mobile,1389.17,Success,0.0
T001276,2025-12-29,C0129,B006,Card,Web,410.57,Success,0.0
T001277,2025-03-23,C0201,B004,NEFT,Web,1174.01,Success,0.0
T001278,2025-05-22,C0494,B002,UPI,Web,798.68,Success,0.0
T001279,2025-03-14,C0228,B006,NEFT,Branch,570.71,Success,1.14
T001280,2025-12-05,C0119,B008,Card,Mobile,4939.73,Success,0.0
T001281,2025-06-24,C0451,B002,ATM,POS,3225.17,Success,3.23
T001282,2025-12-30,C0087,B006,NEFT,Mobile,11984.32,Success,0.0
T001283,2025-11-05,C0375,B004,Branch Transfer,Branch,3379.56,Success,3.38
T001284,2025-01-30,C0216,B007,NEFT,ATM,3534.48,Success,0.0
T001285,2025-09-18,C0328,B007,UPI,Mobile,2170.21,Success,0.0
T001286,2025-09-06,C0366,B008,UPI,Branch,1449.43,Success,0.0
T001287,2025-11-07,C0288,B006,ATM,Mobile,950.64,Success,0.95
T001288,2025-02-25,C0309,B006,Card,POS,1714.72,Success,0.0
T001289,2025-12-30,C0345,B007,Branch Transfer,Branch,1186.54,Success,0.0
T001290,2025-08-24,C0437,B008,Card,Mobile,2844.25,Success,2.84
T001291,2025-10-18,C0111,B001,UPI,Mobile,2066.64,Success,2.07
T001292,2025-08-22,C0374,B006,ATM,ATM,144.3,Success,0.0
T001293,2025-01-25,C0229,B006,UPI,Web,3771.82,Success,0.0
T001294,2025-10-08,C0286,B007,NEFT,Branch,7894.86,Success,0.0
T001295,2025-02-15,C0439,B008,UPI,ATM,3189.54,Success,0.0
T001296,2025-06-06,C0425,B005,UPI,Web,4255.71,Success,4.26
T001297,2025-07-15,C0388,B004,UPI,ATM,4850.39,Success,4.85
T001298,2025-03-23,C0387,B003,Branch Transfer,POS,1051.31,Success,2.1
T001299,2025-10-14,C0152,B001,Card,POS,832.91,Success,0.0
T001300,2025-12-06,C0469,B004,Card,Web,354.67,Success,0.35
T001301,2025-07-17,C0472,B005,UPI,ATM,3794.7,Success,0.0
T001302,2025-08-15,C0116,B004,ATM,Mobile,883.71,Failed,0.0
T001303,2025-04-25,C0254,B003,ATM,ATM,389.24,Success,0.0
T001304,2025-01-11,C0125,B005,ATM,Web,1406.49,Success,2.81
T001305,2025-04-06,C0212,B004,ATM,ATM,2148.05,Success,2.15
T001306,2025-07-06,C0362,B004,ATM,ATM,777.37,Success,0.0
T001307,2025-07-02,C0277,B003,UPI,POS,2412.95,Success,0.0
T001308,2025-03-07,C0297,B001,UPI,Web,3194.79,Success,6.39
T001309,2025-06-28,C0369,B005,IMPS,Branch,2585.56,Failed,0.0
T001310,2025-10-22,C0138,B002,ATM,Web,1311.14,Success,0.0
T001311,2025-10-14,C0012,B006,Card,Mobile,17590.75,Success,0.0
T001312,2025-07-01,C0350,B008,UPI,Mobile,3542.89,Failed,0.0
T001313,2025-11-03,C0366,B008,Card,Web,1238.96,Success,0.0
T001314,2025-09-18,C0292,B008,Branch Transfer,Mobile,393.2,Success,0.0
T001315,2025-11-09,C0498,B004,UPI,POS,4264.82,Success,0.0
T001316,2025-09-29,C0033,B007,Card,Web,719.35,Failed,0.0
T001317,2025-04-03,C0428,B004,UPI,Branch,1076.46,Success,1.08
T001318,2025-12-23,C0196,B008,Card,Branch,3069.21,Success,0.0
T001319,2025-05-10,C0451,B002,Card,ATM,599.42,Success,0.0
T001320,2025-02-18,C0232,B006,Card,POS,1139.42,Failed,0.0
T001321,2025-01-03,C0007,B005,UPI,Mobile,280.87,Success,0.0
T001322,2025-03-30,C0490,B008,UPI,Mobile,1907.27,Success,0.0
T001323,2025-12-16,C0447,B007,Branch Transfer,POS,2211.79,Success,0.0
T001324,2025-08-16,C0077,B007,UPI,Mobile,267.43,Failed,0.0
T001325,2025-06-09,C0414,B008,Branch Transfer,Mobile,177.18,Success,0.0
T001326,2025-04-09,C0255,B004,NEFT,POS,1693.72,Success,0.0
T001327,2025-06-23,C0034,B004,UPI,Branch,1370.73,Success,0.0
T001328,2025-12-04,C0416,B001,IMPS,POS,1637.9,Success,3.28
T001329,2025-12-26,C0295,B007,Card,Web,992.1,Success,0.0
T001330,2025-04-12,C0230,B001,UPI,Mobile,2129.84,Success,2.13
T001331,2025-02-23,C0252,B002,UPI,Mobile,1415.71,Success,0.0
T001332,2025-01-22,C0271,B007,UPI,Mobile,3990.88,Success,0.0
T001333,2025-01-15,C0274,B005,UPI,Mobile,976.09,Failed,0.0
T001334,2025-12-17,C0422,B005,ATM,Mobile,3497.08,Success,0.0
T001335,2025-04-20,C0467,B002,UPI,POS,2193.11,Success,0.0
T001336,2025-11-10,C0328,B007,UPI,Mobile,3684.91,Success,0.0
T001337,2025-05-04,C0464,B001,NEFT,Web,4291.63,Success,4.29
T001338,2025-07-25,C0191,B006,UPI,POS,654.93,Success,0.65
T001339,2025-11-17,C0364,B002,UPI,Branch,4921.6,Success,4.92
T001340,2025-04-08,C0143,B002,ATM,Mobile,1407.33,Success,1.41
T001341,2025-08-18,C0357,B008,UPI,Branch,2100.14,Success,0.0
T001342,2025-04-04,C0035,B004,Card,Branch,164.75,Failed,0.0
T001343,2025-10-02,C0146,B008,UPI,Web,3380.71,Success,3.38
T001344,2025-02-14,C0487,B007,Card,Branch,1474.4,Failed,0.0
T001345,2025-02-25,C0246,B002,UPI,Web,405.41,Success,0.0
T001346,2025-11-12,C0224,B004,Card,Web,3080.38,Success,6.16
T001347,2025-04-18,C0394,B005,IMPS,Branch,881.37,Success,0.0
T001348,2025-03-20,C0195,B006,Branch Transfer,Branch,1498.75,Success,0.0
T001349,2025-08-14,C0013,B002,UPI,POS,586.93,Success,0.0
T001350,2025-06-12,C0494,B002,UPI,Web,2533.0,Success,5.07
T001351,2025-06-14,C0371,B008,Card,POS,707.4,Success,0.71
T001352,2025-04-25,C0062,B002,IMPS,POS,256.02,Success,0.26
T001353,2025-07-17,C0331,B003,UPI,POS,2125.49,Success,2.13
T001354,2025-06-26,C0129,B006,Branch Transfer,POS,2322.09,Success,2.32
T001355,2025-07-04,C0451,B002,UPI,Branch,380.26,Failed,0.0
T001356,2025-03-24,C0132,B003,Card,Web,477.76,Success,0.96
T001357,2025-03-06,C0206,B002,ATM,Branch,1173.4,Success,1.17
T001358,2025-07-06,C0238,B006,UPI,Web,2053.43,Success,0.0
T001359,2025-04-08,C0365,B003,Card,ATM,3183.35,Success,3.18
T001360,2025-06-07,C0330,B003,UPI,Branch,2150.09,Success,4.3
T001361,2025-04-13,C0027,B003,UPI,Branch,1644.45,Success,3.29
T001362,2025-08-15,C0093,B003,UPI,Web,462.17,Success,0.92
T001363,2025-07-25,C0329,B002,Card,Web,2718.02,Success,0.0
T001364,2025-09-07,C0391,B004,UPI,Mobile,10058.64,Success,0.0
T001365,2025-02-03,C0403,B008,UPI,ATM,812.54,Success,0.0
T001366,2025-06-11,C0320,B008,Card,ATM,4327.76,Success,0.0
T001367,2025-10-15,C0052,B001,UPI,Branch,3230.02,Success,6.46
T001368,2025-10-15,C0082,B005,Card,Mobile,64.93,Success,0.0
T001369,2025-03-17,C0340,B002,Branch Transfer,POS,5101.65,Success,0.0
T001370,2025-07-05,C0353,B005,Branch Transfer,POS,1768.7,Success,1.77
T001371,2025-06-23,C0177,B006,Branch Transfer,Mobile,604.98,Success,0.0
T001372,2025-12-09,C0479,B005,UPI,ATM,2049.58,Success,0.0
T001373,2025-09-11,C0309,B006,UPI,Web,4685.14,Success,0.0
T001374,2025-05-24,C0263,B007,Branch Transfer,ATM,1018.82,Success,0.0
T001375,2025-08-10,C0230,B001,UPI,Web,3259.26,Success,0.0
T001376,2025-11-16,C0447,B007,UPI,Branch,1774.38,Success,1.77
T001377,2025-01-19,C0199,B005,NEFT,Branch,787.86,Success,1.58
T001378,2025-12-29,C0209,B005,UPI,Mobile,1764.81,Success,1.76
T001379,2025-12-08,C0413,B004,Branch Transfer,Web,2680.78,Success,0.0
T001380,2025-05-02,C0293,B001,IMPS,ATM,7785.43,Success,7.79
T001381,2025-12-07,C0403,B008,UPI,Web,165.34,Success,0.0
T001382,2025-02-16,C0047,B008,UPI,Branch,2842.0,Success,0.0
T001383,2025-11-17,C0165,B003,Card,POS,1406.42,Failed,0.0
T001384,2025-04-06,C0362,B004,Card,Web,3917.53,Success,3.92
T001385,2025-01-04,C0260,B005,UPI,Web,4465.66,Success,8.93
T001386,2025-03-05,C0359,B008,IMPS,Web,604.74,Success,0.0
T001387,2025-11-22,C0203,B002,ATM,Branch,817.81,Success,0.0
T001388,2025-06-26,C0129,B006,IMPS,ATM,1723.04,Failed,0.0
T001389,2025-03-24,C0145,B003,UPI,Branch,471.65,Success,0.94
T001390,2025-12-12,C0041,B002,IMPS,POS,2343.97,Success,0.0
T001391,2025-02-03,C0348,B007,Card,ATM,2623.52,Success,2.62
T001392,2025-06-03,C0256,B003,IMPS,Branch,408.62,Success,0.0
T001393,2025-08-25,C0239,B002,UPI,Web,418.2,Success,0.0
T001394,2025-07-17,C0378,B008,Card,Web,2159.44,Success,0.0
T001395,2025-04-05,C0304,B005,UPI,Mobile,307.3,Success,0.0
T001396,2025-07-20,C0255,B004,UPI,Branch,924.4,Success,0.92
T001397,2025-03-23,C0223,B007,Card,Branch,2298.11,Success,0.0
T001398,2025-05-29,C0312,B007,UPI,Mobile,1577.57,Success,1.58
T001399,2025-06-07,C0490,B008,NEFT,Mobile,990.6,Success,1.98
T001400,2025-03-08,C0307,B008,Card,ATM,958.13,Success,0.0
T001401,2025-08-31,C0290,B005,UPI,Web,1266.83,Success,0.0
T001402,2025-06-10,C0466,B007,NEFT,POS,5519.59,Success,0.0
T001403,2025-06-19,C0407,B007,NEFT,POS,4579.88,Success,9.16
T001404,2025-05-08,C0122,B002,Card,Branch,1404.0,Success,0.0
T001405,2025-03-17,C0385,B008,NEFT,Mobile,361.05,Success,0.0
T001406,2025-07-19,C0231,B004,IMPS,Branch,2952.47,Success,0.0
T001407,2025-04-25,C0127,B008,NEFT,ATM,272.53,Success,0.0
T001408,2025-06-13,C0490,B008,Card,POS,96.57,Success,0.0
T001409,2025-03-03,C0310,B005,UPI,Branch,1605.69,Success,1.61
T001410,2025-01-06,C0359,B008,UPI,Mobile,719.95,Success,0.72
T001411,2025-08-27,C0189,B005,IMPS,POS,6825.78,Success,0.0
T001412,2025-06-10,C0228,B006,UPI,ATM,865.64,Success,0.87
T001413,2025-10-28,C0084,B001,UPI,Branch,6063.18,Success,0.0
T001414,2025-01-14,C0282,B003,NEFT,ATM,2242.38,Success,0.0
T001415,2025-10-17,C0166,B005,IMPS,Branch,293.45,Success,0.0
T001416,2025-02-04,C0033,B007,UPI,ATM,654.85,Success,0.0
T001417,2025-07-02,C0498,B004,UPI,Mobile,811.18,Success,1.62
T001418,2025-08-02,C0269,B002,NEFT,Branch,1198.52,Success,0.0
T001419,2025-03-01,C0082,B005,IMPS,Mobile,3356.33,Success,6.71
T001420,2025-11-26,C0027,B003,ATM,POS,789.79,Success,0.0
T001421,2025-06-15,C0164,B002,Card,Branch,2167.69,Success,0.0
T001422,2025-12-09,C0013,B002,IMPS,Web,1265.77,Success,0.0
T001423,2025-10-26,C0118,B007,Card,Web,1117.61,Success,2.24
T001424,2025-04-19,C0204,B002,UPI,Web,1972.1,Success,1.97
T001425,2025-04-14,C0428,B004,IMPS,Mobile,880.16,Success,0.88
T001426,2025-05-27,C0334,B005,Card,Web,81.82,Success,0.08
T001427,2025-02-27,C0095,B008,UPI,POS,11294.05,Success,0.0
T001428,2025-06-02,C0377,B004,ATM,Branch,20673.86,Success,0.0
T001429,2025-11-28,C0028,B008,NEFT,Mobile,3991.21,Success,7.98
T001430,2025-01-07,C0159,B005,UPI,ATM,650.78,Success,0.65
T001431,2025-07-20,C0235,B006,NEFT,Web,478.32,Success,0.0
T001432,2025-11-12,C0040,B006,UPI,Mobile,1045.8,Failed,0.0
T001433,2025-07-08,C0028,B008,UPI,ATM,590.15,Success,0.0
T001434,2025-12-01,C0214,B001,UPI,Mobile,933.93,Success,0.0
T001435,2025-11-22,C0471,B003,IMPS,Web,2042.03,Success,2.04
T001436,2025-02-27,C0008,B007,UPI,Branch,2016.76,Success,4.03
T001437,2025-12-21,C0033,B007,UPI,Web,297.47,Success,0.3
T001438,2025-01-07,C0499,B004,Card,Web,2815.64,Success,2.82
T001439,2025-05-17,C0411,B004,UPI,POS,649.29,Success,0.0
T001440,2025-08-11,C0428,B004,Card,ATM,7891.65,Success,0.0
T001441,2025-02-15,C0187,B007,Card,POS,1284.02,Success,0.0
T001442,2025-03-16,C0277,B003,UPI,Branch,2215.05,Success,0.0
T001443,2025-05-30,C0178,B008,UPI,ATM,21564.83,Success,21.56
T001444,2025-08-10,C0493,B008,UPI,Branch,905.99,Success,0.91
T001445,2025-10-04,C0386,B002,ATM,ATM,1599.88,Success,3.2
T001446,2025-11-20,C0277,B003,ATM,Mobile,285.69,Success,0.29
T001447,2025-10-06,C0257,B002,UPI,Branch,703.51,Success,0.0
T001448,2025-06-16,C0060,B003,IMPS,Web,4573.49,Success,4.57
T001449,2025-06-29,C0296,B002,IMPS,Mobile,395.08,Success,0.0
T001450,2025-09-16,C0458,B007,IMPS,Web,1342.4,Success,0.0
T001451,2025-07-27,C0387,B003,UPI,Web,372.84,Failed,0.0
T001452,2025-01-09,C0013,B002,UPI,Mobile,666.26,Success,0.0
T001453,2025-08-20,C0130,B006,Branch Transfer,ATM,1201.72,Success,2.4
T001454,2025-07-18,C0176,B005,Card,POS,611.5,Success,1.22
T001455,2025-12-14,C0022,B007,Card,Branch,454.29,Success,0.45
T001456,2025-10-03,C0386,B002,IMPS,Mobile,1073.65,Success,1.07
T001457,2025-01-20,C0195,B006,Branch Transfer,Mobile,2408.27,Success,0.0
T001458,2025-11-20,C0126,B007,Branch Transfer,Mobile,1085.97,Success,1.09
T001459,2025-06-08,C0166,B005,Card,Mobile,2801.25,Success,0.0
T001460,2025-03-07,C0351,B003,Card,POS,2017.0,Success,0.0
T001461,2025-08-26,C0093,B003,UPI,ATM,2595.79,Success,0.0
T001462,2025-03-02,C0300,B006,NEFT,Mobile,1266.19,Success,0.0
T001463,2025-11-04,C0149,B005,UPI,Branch,670.32,Success,0.0
T001464,2025-05-08,C0249,B008,UPI,Mobile,17128.17,Success,17.13
T001465,2025-04-04,C0155,B007,UPI,Mobile,6674.07,Success,6.67
T001466,2025-03-26,C0052,B001,UPI,Mobile,1793.0,Success,1.79
T001467,2025-09-26,C0363,B007,ATM,ATM,902.39,Success,0.0
T001468,2025-10-13,C0224,B004,IMPS,Web,10228.07,Success,20.46
T001469,2025-03-12,C0465,B003,UPI,POS,383.82,Success,0.38
T001470,2025-10-13,C0192,B003,UPI,Web,590.22,Success,0.0
T001471,2025-06-03,C0076,B003,UPI,ATM,202.66,Success,0.0
T001472,2025-03-12,C0451,B002,UPI,Branch,635.07,Success,0.64
T001473,2025-04-20,C0246,B002,UPI,Web,875.88,Success,0.0
T001474,2025-03-07,C0342,B006,ATM,Web,33.87,Success,0.0
T001475,2025-07-31,C0321,B004,ATM,Branch,1089.83,Success,0.0
T001476,2025-06-14,C0022,B007,IMPS,Web,4979.3,Success,0.0
T001477,2025-11-11,C0246,B002,Branch Transfer,Web,1521.72,Success,0.0
T001478,2025-09-24,C0307,B008,UPI,POS,3380.97,Success,0.0
T001479,2025-12-27,C0044,B002,ATM,ATM,271.62,Success,0.27
T001480,2025-11-29,C0238,B006,ATM,ATM,4135.52,Success,0.0
T001481,2025-08-29,C0438,B008,Card,POS,324.84,Success,0.65
T001482,2025-12-05,C0307,B008,IMPS,POS,579.01,Success,0.0
T001483,2025-11-12,C0265,B001,NEFT,POS,826.88,Success,0.0
T001484,2025-04-27,C0263,B007,UPI,POS,1761.35,Success,0.0
T001485,2025-07-30,C0347,B008,UPI,Web,2459.54,Success,4.92
T001486,2025-12-19,C0411,B004,UPI,Web,2447.2,Success,0.0
T001487,2025-08-25,C0409,B007,Card,Web,193.58,Success,0.0
T001488,2025-11-21,C0307,B008,ATM,Branch,316.63,Success,0.0
T001489,2025-05-19,C0248,B006,Branch Transfer,ATM,1330.63,Success,0.0
T001490,2025-07-12,C0064,B008,ATM,POS,5687.56,Failed,0.0
T001491,2025-05-22,C0421,B007,Card,Branch,1229.36,Failed,0.0
T001492,2025-02-25,C0305,B001,Card,Mobile,1187.52,Success,0.0
T001493,2025-02-05,C0022,B007,UPI,Web,1658.56,Success,1.66
T001494,2025-12-05,C0021,B003,Card,ATM,415.96,Success,0.0
T001495,2025-05-04,C0221,B006,UPI,ATM,2374.86,Success,4.75
T001496,2025-05-02,C0431,B006,UPI,Web,1694.01,Success,1.69
T001497,2025-11-12,C0278,B001,UPI,Branch,380.39,Success,0.0
T001498,2025-02-18,C0064,B008,UPI,Web,1197.7,Success,0.0
T001499,2025-02-24,C0144,B002,UPI,Branch,2489.61,Success,2.49
T001500,2025-04-29,C0110,B002,UPI,Branch,1014.35,Success,2.03
T001501,2025-10-05,C0012,B006,IMPS,ATM,314.68,Success,0.63
T001502,2025-01-11,C0165,B003,Card,Web,5045.36,Success,0.0
T001503,2025-02-09,C0361,B001,NEFT,Web,2561.55,Success,0.0
T001504,2025-06-30,C0161,B008,Card,Branch,806.24,Success,1.61
T001505,2025-01-13,C0492,B008,NEFT,Branch,2010.93,Success,0.0
T001506,2025-06-26,C0293,B001,Card,Mobile,344.03,Success,0.34
T001507,2025-05-11,C0224,B004,UPI,POS,907.48,Success,1.81
T001508,2025-09-29,C0307,B008,ATM,Mobile,560.64,Success,0.0
T001509,2025-12-23,C0316,B008,Card,ATM,600.66,Success,0.0
T001510,2025-08-12,C0073,B004,UPI,Mobile,3735.56,Success,7.47
T001511,2025-02-17,C0119,B008,NEFT,ATM,2628.82,Success,0.0
T001512,2025-08-29,C0281,B007,Branch Transfer,POS,3594.16,Success,0.0
T001513,2025-02-09,C0365,B003,UPI,Web,788.98,Success,0.0
T001514,2025-10-01,C0079,B007,Branch Transfer,Branch,1515.05,Success,0.0
T001515,2025-03-27,C0070,B003,UPI,POS,749.72,Success,0.0
T001516,2025-05-23,C0401,B008,Card,POS,1133.74,Success,0.0
T001517,2025-01-22,C0387,B003,UPI,POS,1059.41,Success,1.06
T001518,2025-07-26,C0278,B001,ATM,POS,1258.43,Success,2.52
T001519,2025-07-27,C0368,B008,IMPS,Web,1584.42,Success,1.58
T001520,2025-01-19,C0413,B004,UPI,Branch,1940.47,Success,3.88
T001521,2025-07-12,C0196,B008,UPI,Branch,301.0,Success,0.0
T001522,2025-11-23,C0397,B004,IMPS,ATM,1200.29,Success,0.0
T001523,2025-05-06,C0203,B002,UPI,Web,731.02,Success,0.0
T001524,2025-03-08,C0238,B006,Card,Branch,1021.82,Success,1.02
T001525,2025-11-03,C0040,B006,UPI,Mobile,5056.8,Success,5.06
T001526,2025-06-19,C0181,B006,UPI,POS,2430.47,Success,0.0
T001527,2025-01-13,C0191,B006,Card,ATM,709.43,Success,0.0
T001528,2025-01-27,C0189,B005,ATM,POS,5224.83,Success,5.22
T001529,2025-12-08,C0019,B005,IMPS,Branch,3657.75,Success,0.0
T001530,2025-12-05,C0170,B008,IMPS,Mobile,4395.96,Success,0.0
T001531,2025-07-16,C0316,B008,UPI,Branch,1244.31,Success,0.0
T001532,2025-10-18,C0281,B007,UPI,Web,680.21,Success,0.68
T001533,2025-12-11,C0474,B003,Card,ATM,390.17,Success,0.78
T001534,2025-08-29,C0436,B004,Branch Transfer,ATM,578.16,Success,0.0
T001535,2025-03-21,C0270,B003,NEFT,Web,6017.69,Success,12.04
T001536,2025-01-12,C0116,B004,Card,POS,3271.96,Success,0.0
T001537,2025-04-23,C0115,B007,ATM,ATM,1505.78,Success,3.01
T001538,2025-02-11,C0154,B001,UPI,Branch,5124.15,Success,0.0
T001539,2025-08-10,C0208,B002,UPI,ATM,1411.67,Success,0.0
T001540,2025-09-07,C0121,B008,ATM,Branch,1059.3,Success,1.06
T001541,2025-05-01,C0435,B003,UPI,POS,1857.8,Success,0.0
T001542,2025-02-12,C0193,B001,UPI,Mobile,517.72,Success,0.0
T001543,2025-08-30,C0002,B002,UPI,POS,715.42,Success,0.0
T001544,2025-01-21,C0045,B003,UPI,Mobile,1030.09,Failed,0.0
T001545,2025-11-11,C0021,B003,UPI,Mobile,1447.26,Success,2.89
T001546,2025-11-10,C0426,B002,UPI,Mobile,222.49,Success,0.44
T001547,2025-11-07,C0255,B004,UPI,Branch,802.94,Success,0.0
T001548,2025-08-20,C0415,B001,Card,Branch,1512.56,Success,1.51
T001549,2025-05-01,C0414,B008,IMPS,Web,8815.75,Success,8.82
T001550,2025-03-21,C0361,B001,UPI,Branch,846.2,Success,0.0
T001551,2025-07-29,C0223,B007,UPI,Branch,1838.77,Success,0.0
T001552,2025-01-18,C0336,B006,Card,Branch,1112.03,Success,0.0
T001553,2025-09-12,C0096,B008,Card,ATM,4583.07,Success,4.58
T001554,2025-10-18,C0491,B003,ATM,Web,686.25,Success,0.0
T001555,2025-03-13,C0022,B007,UPI,POS,800.4,Success,0.0
T001556,2025-06-22,C0191,B006,UPI,Web,1251.4,Success,0.0
T001557,2025-12-15,C0171,B004,NEFT,POS,3360.24,Success,6.72
T001558,2025-11-10,C0314,B008,UPI,POS,8281.69,Success,16.56
T001559,2025-10-03,C0149,B005,Branch Transfer,Mobile,1333.49,Success,2.67
T001560,2025-08-02,C0243,B008,Branch Transfer,POS,9097.82,Success,0.0
T001561,2025-08-19,C0115,B007,UPI,ATM,7621.97,Success,7.62
T001562,2025-09-29,C0003,B004,UPI,Mobile,4534.76,Success,4.53
T001563,2025-11-24,C0257,B002,IMPS,Web,5826.32,Success,11.65
T001564,2025-12-05,C0274,B005,Card,POS,4890.78,Success,0.0
T001565,2025-04-13,C0336,B006,UPI,Mobile,1236.22,Success,1.24
T001566,2025-03-08,C0051,B002,Branch Transfer,Branch,2384.93,Success,0.0
T001567,2025-08-07,C0083,B007,UPI,POS,781.38,Success,0.0
T001568,2025-10-08,C0355,B006,NEFT,Mobile,10096.85,Success,0.0
T001569,2025-08-20,C0392,B001,UPI,Mobile,1487.45,Success,2.97
T001570,2025-12-09,C0247,B007,NEFT,Branch,3167.92,Success,0.0
T001571,2025-04-07,C0413,B004,Card,ATM,2567.74,Success,0.0
T001572,2025-09-25,C0083,B007,ATM,Mobile,1659.96,Success,0.0
T001573,2025-07-19,C0175,B001,IMPS,Web,811.01,Success,0.81
T001574,2025-04-08,C0086,B008,NEFT,Branch,1381.95,Success,0.0
T001575,2025-08-23,C0286,B007,Card,Web,2008.81,Success,2.01
T001576,2025-10-20,C0002,B002,Card,Branch,2290.47,Success,0.0
T001577,2025-03-10,C0044,B002,ATM,Branch,2143.54,Success,0.0
T001578,2025-10-11,C0254,B003,Branch Transfer,ATM,2664.61,Success,0.0
T001579,2025-06-09,C0126,B007,Card,Web,1296.3,Success,0.0
T001580,2025-05-13,C0357,B008,ATM,Branch,5330.33,Success,0.0
T001581,2025-01-14,C0012,B006,Branch Transfer,POS,530.96,Success,1.06
T001582,2025-02-21,C0307,B008,Card,Web,576.0,Success,0.0
T001583,2025-04-19,C0296,B002,Card,POS,383.35,Success,0.0
T001584,2025-10-23,C0479,B005,ATM,Branch,3441.14,Success,0.0
T001585,2025-01-21,C0386,B002,UPI,POS,490.4,Success,0.0
T001586,2025-02-24,C0003,B004,ATM,Web,1235.73,Success,2.47
T001587,2025-06-21,C0042,B004,UPI,Branch,2673.24,Success,0.0
T001588,2025-12-29,C0112,B002,UPI,Branch,14687.13,Success,0.0
T001589,2025-12-15,C0003,B004,Card,Branch,222.77,Success,0.0
T001590,2025-05-02,C0281,B007,UPI,ATM,334.19,Success,0.67
T001591,2025-03-11,C0177,B006,Card,POS,8473.28,Success,0.0
T001592,2025-03-05,C0439,B008,IMPS,Branch,510.43,Success,0.0
T001593,2025-04-08,C0303,B001,IMPS,Mobile,3213.57,Success,6.43
T001594,2025-12-10,C0496,B007,UPI,Mobile,2370.31,Success,0.0
T001595,2025-07-22,C0351,B003,UPI,Branch,2137.68,Success,0.0
T001596,2025-06-24,C0055,B002,UPI,ATM,161.92,Success,0.0
T001597,2025-07-13,C0211,B003,NEFT,Web,2580.58,Success,0.0
T001598,2025-06-30,C0200,B005,UPI,ATM,624.26,Success,0.0
T001599,2025-08-10,C0002,B002,Card,Mobile,366.54,Success,0.37
T001600,2025-05-28,C0452,B001,UPI,Mobile,765.32,Success,1.53
T001601,2025-08-21,C0301,B008,UPI,Branch,2320.18,Success,0.0
T001602,2025-07-19,C0494,B002,UPI,Branch,1394.1,Success,0.0
T001603,2025-04-23,C0197,B002,Branch Transfer,ATM,1896.74,Success,0.0
T001604,2025-05-11,C0268,B006,NEFT,Mobile,470.78,Success,0.47
T001605,2025-10-18,C0033,B007,Branch Transfer,POS,843.23,Failed,0.0
T001606,2025-11-11,C0439,B008,Card,ATM,570.11,Success,1.14
T001607,2025-09-04,C0001,B005,UPI,ATM,562.1,Success,0.0
T001608,2025-04-13,C0301,B008,NEFT,Web,1761.58,Success,3.52
T001609,2025-05-06,C0456,B006,UPI,ATM,3844.6,Success,7.69
T001610,2025-04-27,C0253,B007,Card,Web,2090.61,Success,0.0
T001611,2025-01-23,C0211,B003,UPI,Web,6382.52,Success,0.0
T001612,2025-02-19,C0190,B001,UPI,Web,598.68,Success,0.6
T001613,2025-06-24,C0048,B005,Branch Transfer,POS,1829.01,Success,3.66
T001614,2025-11-19,C0383,B005,Branch Transfer,Mobile,634.43,Success,0.0
T001615,2025-09-08,C0475,B007,ATM,POS,647.25,Success,0.0
T001616,2025-04-28,C0299,B002,Branch Transfer,Branch,760.7,Success,0.0
T001617,2025-12-23,C0285,B004,UPI,Web,2142.51,Success,0.0
T001618,2025-01-24,C0378,B008,IMPS,Mobile,765.33,Success,0.77
T001619,2025-08-19,C0339,B008,UPI,Branch,3599.82,Success,0.0
T001620,2025-12-19,C0079,B007,UPI,Mobile,5473.56,Success,0.0
T001621,2025-03-31,C0273,B002,NEFT,Branch,2632.0,Success,0.0
T001622,2025-12-25,C0118,B007,ATM,POS,641.45,Success,1.28
T001623,2025-10-27,C0461,B007,Branch Transfer,POS,3250.88,Failed,0.0
T001624,2025-10-18,C0339,B008,UPI,ATM,1332.0,Success,1.33
T001625,2025-05-14,C0162,B003,NEFT,Branch,3030.17,Success,6.06
T001626,2025-02-16,C0475,B007,ATM,POS,170.69,Success,0.0
T001627,2025-02-27,C0487,B007,Card,Mobile,883.53,Success,0.0
T001628,2025-04-03,C0266,B003,Card,POS,874.2,Success,1.75
T001629,2025-02-07,C0279,B005,UPI,ATM,1695.45,Success,0.0
T001630,2025-10-09,C0171,B004,UPI,Web,564.35,Success,0.0
T001631,2025-04-23,C0412,B004,NEFT,ATM,1247.44,Success,0.0
T001632,2025-03-26,C0236,B007,NEFT,Mobile,5304.54,Success,0.0
T001633,2025-12-07,C0397,B004,NEFT,POS,14019.01,Success,0.0
T001634,2025-02-12,C0042,B004,NEFT,ATM,1249.61,Success,2.5
T001635,2025-11-19,C0030,B008,IMPS,ATM,2809.49,Failed,0.0
T001636,2025-12-11,C0195,B006,UPI,Web,10996.41,Success,0.0
T001637,2025-10-07,C0044,B002,ATM,POS,2222.49,Success,2.22
T001638,2025-02-09,C0467,B002,UPI,ATM,3237.63,Success,0.0
T001639,2025-08-29,C0195,B006,UPI,ATM,1319.41,Success,0.0
T001640,2025-05-06,C0454,B001,Card,POS,1914.62,Success,0.0
T001641,2025-07-27,C0077,B007,Card,Web,491.81,Success,0.98
T001642,2025-07-09,C0165,B003,NEFT,Mobile,408.96,Success,0.41
T001643,2025-01-21,C0283,B002,NEFT,ATM,507.65,Success,1.02
T001644,2025-01-09,C0403,B008,IMPS,ATM,5369.75,Success,0.0
T001645,2025-01-25,C0411,B004,Branch Transfer,POS,3424.16,Success,6.85
T001646,2025-01-03,C0379,B003,UPI,POS,2553.1,Success,0.0
T001647,2025-07-13,C0100,B008,IMPS,Web,323.43,Success,0.0
T001648,2025-02-03,C0345,B007,UPI,POS,869.42,Success,1.74
T001649,2025-12-09,C0331,B003,NEFT,Web,925.05,Success,0.93
T001650,2025-09-28,C0189,B005,Card,ATM,671.0,Success,0.67
T001651,2025-11-20,C0485,B006,Card,Web,545.44,Success,0.0
T001652,2025-04-28,C0207,B006,IMPS,Mobile,904.98,Success,0.0
T001653,2025-02-13,C0343,B002,Card,POS,302.93,Success,0.61
T001654,2025-09-29,C0492,B008,Card,POS,2770.57,Success,5.54
T001655,2025-05-22,C0092,B008,UPI,ATM,6747.82,Success,0.0
T001656,2025-05-29,C0020,B003,NEFT,ATM,176.76,Success,0.35
T001657,2025-06-11,C0301,B008,ATM,POS,1279.84,Success,0.0
T001658,2025-11-07,C0025,B005,Branch Transfer,Web,907.92,Success,0.91
T001659,2025-07-27,C0069,B003,NEFT,POS,1253.99,Success,0.0
T001660,2025-09-16,C0390,B008,Card,Web,3277.1,Success,0.0
T001661,2025-01-14,C0421,B007,Branch Transfer,POS,2535.89,Success,5.07
T001662,2025-01-07,C0474,B003,UPI,ATM,993.37,Success,0.0
T001663,2025-11-02,C0422,B005,UPI,Web,2863.34,Success,5.73
T001664,2025-07-08,C0201,B004,NEFT,Mobile,145.73,Success,0.29
T001665,2025-03-05,C0414,B008,ATM,Web,2597.44,Success,0.0
T001666,2025-07-23,C0119,B008,Card,Web,1122.46,Success,1.12
T001667,2025-03-22,C0088,B004,Branch Transfer,ATM,2143.02,Success,2.14
T001668,2025-06-22,C0172,B001,Card,POS,15504.94,Success,31.01
T001669,2025-01-22,C0209,B005,ATM,Branch,4057.68,Success,4.06
T001670,2025-08-11,C0220,B002,Branch Transfer,Branch,3533.32,Success,0.0
T001671,2025-01-10,C0400,B008,Branch Transfer,Branch,997.17,Success,0.0
T001672,2025-12-17,C0079,B007,Card,Web,441.78,Success,0.0
T001673,2025-06-24,C0131,B005,Card,Mobile,4487.91,Success,8.98
T001674,2025-11-17,C0249,B008,ATM,Web,1101.7,Success,2.2
T001675,2025-05-16,C0269,B002,UPI,Web,695.91,Success,0.7
T001676,2025-06-02,C0176,B005,UPI,Web,3502.62,Success,0.0
T001677,2025-07-11,C0331,B003,NEFT,POS,721.35,Success,0.0
T001678,2025-10-17,C0189,B005,Card,Branch,517.76,Success,0.0
T001679,2025-10-26,C0131,B005,ATM,POS,978.08,Success,0.98
T001680,2025-07-12,C0294,B005,ATM,Branch,7220.37,Success,14.44
T001681,2025-09-25,C0046,B001,UPI,Web,1628.56,Success,3.26
T001682,2025-06-19,C0076,B003,Card,POS,314.52,Success,0.63
T001683,2025-04-10,C0406,B001,Branch Transfer,Branch,169.87,Success,0.17
T001684,2025-10-14,C0289,B003,Branch Transfer,Mobile,285.68,Success,0.29
T001685,2025-08-15,C0329,B002,UPI,Web,486.94,Failed,0.0
T001686,2025-11-07,C0267,B003,UPI,POS,3084.46,Success,0.0
T001687,2025-12-03,C0071,B004,ATM,Mobile,21764.03,Failed,0.0
T001688,2025-06-26,C0460,B004,Branch Transfer,Mobile,197.94,Success,0.0
T001689,2025-03-17,C0282,B003,Card,Mobile,3987.51,Success,0.0
T001690,2025-10-09,C0402,B003,Card,Mobile,1041.02,Success,0.0
T001691,2025-09-04,C0288,B006,ATM,ATM,3190.64,Success,0.0
T001692,2025-04-09,C0432,B006,IMPS,POS,1206.82,Success,0.0
T001693,2025-11-17,C0140,B002,ATM,Branch,144.65,Success,0.29
T001694,2025-07-20,C0308,B007,Branch Transfer,POS,1161.49,Success,0.0
T001695,2025-01-14,C0172,B001,UPI,Mobile,306.13,Success,0.0
T001696,2025-11-19,C0151,B007,NEFT,POS,3657.8,Success,0.0
T001697,2025-10-26,C0101,B001,Branch Transfer,Web,2845.22,Success,0.0
T001698,2025-05-24,C0327,B002,UPI,Web,4982.41,Success,4.98
T001699,2025-08-18,C0030,B008,ATM,POS,7599.41,Success,0.0
T001700,2025-06-26,C0071,B004,UPI,Branch,11115.81,Success,11.12
T001701,2025-01-25,C0473,B004,Branch Transfer,Mobile,7803.55,Success,0.0
T001702,2025-09-26,C0204,B002,NEFT,ATM,574.06,Success,0.0
T001703,2025-03-29,C0184,B004,UPI,Branch,4873.28,Success,0.0
T001704,2025-04-15,C0006,B002,ATM,Web,3358.59,Success,6.72
T001705,2025-07-14,C0001,B005,UPI,Web,2600.81,Success,0.0
T001706,2025-09-11,C0240,B002,Card,Mobile,5485.1,Success,5.49
T001707,2025-12-08,C0457,B002,Card,POS,657.07,Success,0.0
T001708,2025-01-25,C0166,B005,UPI,Mobile,1026.85,Failed,0.0
T001709,2025-05-22,C0221,B006,UPI,Branch,365.41,Success,0.0
T001710,2025-10-01,C0241,B008,UPI,Web,471.14,Success,0.94
T001711,2025-04-06,C0469,B004,UPI,POS,7239.4,Success,14.48
T001712,2025-04-04,C0424,B007,UPI,Web,495.45,Failed,0.0
T001713,2025-10-07,C0294,B005,UPI,POS,2617.78,Success,0.0
T001714,2025-02-28,C0125,B005,ATM,ATM,260.14,Success,0.0
T001715,2025-10-21,C0118,B007,IMPS,Branch,4870.79,Success,4.87
T001716,2025-03-02,C0349,B006,Card,Branch,2629.92,Success,0.0
T001717,2025-03-17,C0266,B003,ATM,Web,1154.97,Success,0.0
T001718,2025-11-19,C0115,B007,UPI,Mobile,2051.73,Success,0.0
T001719,2025-06-21,C0398,B006,Card,Web,1338.04,Success,2.68
T001720,2025-02-07,C0376,B005,Card,Web,2594.37,Failed,0.0
T001721,2025-10-18,C0168,B007,Card,POS,1232.83,Success,2.47
T001722,2025-12-16,C0396,B006,UPI,Mobile,1088.69,Success,2.18
T001723,2025-03-23,C0488,B002,UPI,POS,2269.23,Success,2.27
T001724,2025-12-21,C0367,B006,UPI,POS,615.21,Success,1.23
T001725,2025-11-19,C0284,B005,UPI,Branch,496.46,Success,0.99
T001726,2025-01-19,C0493,B008,NEFT,Branch,1266.09,Success,2.53
T001727,2025-07-19,C0230,B001,Card,Branch,16572.29,Success,33.14
T001728,2025-07-14,C0141,B004,IMPS,POS,1452.86,Success,0.0
T001729,2025-08-12,C0295,B007,Card,POS,2305.64,Success,0.0
T001730,2025-04-11,C0296,B002,Card,Mobile,11447.36,Success,22.89
T001731,2025-11-26,C0205,B006,UPI,Mobile,1961.92,Success,0.0
T001732,2025-07-04,C0340,B002,IMPS,POS,740.99,Success,0.74
T001733,2025-01-16,C0020,B003,NEFT,ATM,165.17,Success,0.0
T001734,2025-09-26,C0094,B007,Card,ATM,1807.56,Success,3.62
T001735,2025-11-23,C0096,B008,UPI,Web,21576.4,Success,0.0
T001736,2025-10-21,C0280,B004,Branch Transfer,Web,1066.23,Success,0.0
T001737,2025-06-22,C0273,B002,IMPS,Web,5165.04,Failed,0.0
T001738,2025-10-29,C0207,B006,UPI,Mobile,2461.13,Success,0.0
T001739,2025-09-16,C0115,B007,UPI,POS,2624.96,Success,2.62
T001740,2025-07-17,C0135,B001,Branch Transfer,ATM,1639.71,Success,1.64
T001741,2025-05-14,C0423,B005,UPI,POS,361.08,Success,0.72
T001742,2025-02-27,C0039,B007,Branch Transfer,POS,1814.12,Success,0.0
T001743,2025-05-18,C0121,B008,IMPS,ATM,484.41,Success,0.0
T001744,2025-08-21,C0151,B007,UPI,ATM,2994.49,Success,0.0
T001745,2025-04-20,C0318,B005,ATM,Branch,1131.45,Success,0.0
T001746,2025-06-12,C0230,B001,UPI,ATM,4334.23,Success,0.0
T001747,2025-02-14,C0487,B007,UPI,POS,933.18,Success,0.0
T001748,2025-08-31,C0269,B002,Card,ATM,4411.03,Success,0.0
T001749,2025-03-08,C0185,B005,UPI,Web,1564.48,Success,1.56
T001750,2025-03-12,C0456,B006,Branch Transfer,Mobile,4585.21,Success,4.59
T001751,2025-06-16,C0490,B008,ATM,Branch,1891.79,Success,3.78
T001752,2025-06-02,C0144,B002,ATM,POS,179.15,Success,0.0
T001753,2025-06-23,C0324,B003,IMPS,ATM,1199.43,Success,2.4
T001754,2025-09-15,C0092,B008,UPI,Mobile,1230.64,Success,0.0
T001755,2025-03-21,C0022,B007,ATM,Mobile,1114.43,Success,0.0
T001756,2025-05-02,C0491,B003,UPI,Branch,409.51,Success,0.0
T001757,2025-04-04,C0285,B004,NEFT,Branch,881.82,Success,1.76
T001758,2025-10-28,C0198,B007,NEFT,Web,2285.65,Failed,0.0
T001759,2025-08-18,C0217,B006,ATM,Web,8652.32,Success,8.65
T001760,2025-01-04,C0383,B005,UPI,Mobile,575.51,Success,1.15
T001761,2025-03-10,C0378,B008,UPI,ATM,579.69,Success,0.0
T001762,2025-02-17,C0320,B008,UPI,POS,1567.89,Success,0.0
T001763,2025-06-26,C0238,B006,UPI,Branch,498.92,Success,0.0
T001764,2025-04-03,C0091,B001,ATM,POS,1407.66,Success,0.0
T001765,2025-05-17,C0322,B008,Card,ATM,325.9,Failed,0.0
T001766,2025-11-13,C0073,B004,UPI,Mobile,2898.51,Success,0.0
T001767,2025-01-28,C0201,B004,Card,Web,558.67,Success,0.56
T001768,2025-08-23,C0033,B007,NEFT,POS,130.04,Success,0.26
T001769,2025-04-06,C0495,B004,Branch Transfer,POS,4377.49,Success,8.75
T001770,2025-11-11,C0466,B007,UPI,ATM,1233.64,Success,1.23
T001771,2025-10-27,C0337,B005,UPI,ATM,695.39,Success,0.0
T001772,2025-07-06,C0335,B003,IMPS,ATM,524.47,Success,0.0
T001773,2025-06-07,C0285,B004,UPI,Branch,1155.82,Success,0.0
T001774,2025-05-07,C0149,B005,Branch Transfer,POS,1745.73,Success,1.75
T001775,2025-03-01,C0367,B006,UPI,Mobile,879.3,Success,0.88
T001776,2025-10-20,C0096,B008,UPI,Web,1320.54,Success,0.0
T001777,2025-12-29,C0252,B002,ATM,Web,730.38,Success,1.46
T001778,2025-03-18,C0067,B001,UPI,POS,552.37,Success,0.0
T001779,2025-03-30,C0097,B005,UPI,POS,1339.09,Success,1.34
T001780,2025-09-17,C0258,B008,ATM,POS,1059.81,Success,0.0
T001781,2025-04-05,C0183,B003,UPI,Web,3271.38,Success,0.0
T001782,2025-05-23,C0009,B006,Branch Transfer,POS,706.95,Success,1.41
T001783,2025-02-26,C0165,B003,Card,POS,190.7,Failed,0.0
T001784,2025-02-17,C0461,B007,UPI,ATM,356.64,Success,0.71
T001785,2025-01-13,C0340,B002,UPI,Web,724.32,Success,1.45
T001786,2025-11-10,C0030,B008,ATM,Mobile,7845.83,Failed,0.0
T001787,2025-12-18,C0108,B007,Card,Branch,730.7,Success,0.0
T001788,2025-08-27,C0210,B004,IMPS,Mobile,736.07,Success,0.0
T001789,2025-07-15,C0058,B005,Card,Branch,681.44,Success,0.0
T001790,2025-06-25,C0070,B003,NEFT,Mobile,3732.67,Success,0.0
T001791,2025-10-20,C0151,B007,UPI,Branch,1142.02,Success,0.0
T001792,2025-12-07,C0334,B005,ATM,Web,2513.59,Success,0.0
T001793,2025-02-16,C0052,B001,UPI,ATM,7106.28,Success,0.0
T001794,2025-01-05,C0441,B004,Card,Web,1049.77,Success,1.05
T001795,2025-10-30,C0009,B006,UPI,Web,977.06,Success,0.0
T001796,2025-12-08,C0367,B006,Card,Mobile,444.73,Success,0.0
T001797,2025-08-21,C0118,B007,UPI,POS,758.55,Success,0.0
T001798,2025-07-18,C0188,B008,UPI,Web,3726.16,Success,0.0
T001799,2025-03-14,C0014,B004,Branch Transfer,Branch,5312.53,Success,0.0
T001800,2025-10-13,C0119,B008,Card,Branch,225.57,Success,0.0
T001801,2025-10-30,C0219,B001,UPI,ATM,868.01,Success,0.0
T001802,2025-05-14,C0164,B002,Branch Transfer,Mobile,19626.34,Success,0.0
T001803,2025-11-12,C0009,B006,Card,ATM,2385.74,Success,2.39
T001804,2025-02-03,C0319,B008,Card,Branch,2973.9,Success,0.0
T001805,2025-03-30,C0432,B006,Branch Transfer,Branch,100.15,Success,0.0
T001806,2025-01-02,C0223,B007,UPI,Mobile,2226.76,Success,4.45
T001807,2025-04-17,C0020,B003,UPI,Branch,1640.37,Success,0.0
T001808,2025-08-05,C0083,B007,Card,Branch,1732.91,Success,0.0
T001809,2025-03-17,C0055,B002,Card,Mobile,1110.66,Success,2.22
T001810,2025-08-20,C0210,B004,UPI,ATM,3145.91,Failed,0.0
T001811,2025-06-03,C0252,B002,UPI,POS,1221.12,Success,0.0
T001812,2025-04-04,C0223,B007,UPI,POS,9948.15,Success,9.95
T001813,2025-09-12,C0130,B006,UPI,POS,307.98,Success,0.0
T001814,2025-03-22,C0207,B006,ATM,Branch,5344.26,Success,5.34
T001815,2025-03-18,C0224,B004,UPI,Mobile,2012.78,Success,2.01
T001816,2025-01-30,C0017,B006,Branch Transfer,POS,1107.95,Success,0.0
T001817,2025-02-04,C0013,B002,IMPS,ATM,227.31,Success,0.0
T001818,2025-01-11,C0020,B003,IMPS,Mobile,868.85,Success,1.74
T001819,2025-10-16,C0421,B007,IMPS,ATM,7819.32,Success,0.0
T001820,2025-12-08,C0128,B004,Branch Transfer,Branch,1504.76,Success,3.01
T001821,2025-07-22,C0476,B003,IMPS,Web,1633.91,Success,0.0
T001822,2025-10-30,C0238,B006,Card,Mobile,486.51,Success,0.0
T001823,2025-07-15,C0211,B003,Branch Transfer,Branch,458.98,Failed,0.0
T001824,2025-10-20,C0246,B002,UPI,Web,850.61,Success,0.0
T001825,2025-12-19,C0378,B008,Branch Transfer,POS,3038.67,Success,0.0
T001826,2025-01-08,C0229,B006,UPI,Mobile,3139.86,Success,0.0
T001827,2025-08-28,C0110,B002,UPI,Mobile,733.55,Success,0.0
T001828,2025-01-29,C0211,B003,ATM,Mobile,3325.48,Success,0.0
T001829,2025-10-07,C0436,B004,Branch Transfer,POS,2896.08,Success,5.79
T001830,2025-11-01,C0263,B007,Card,POS,409.05,Success,0.82
T001831,2025-10-28,C0321,B004,Branch Transfer,POS,6583.64,Success,0.0
T001832,2025-07-24,C0476,B003,ATM,ATM,1002.29,Success,1.0
T001833,2025-09-20,C0268,B006,IMPS,Web,5401.89,Success,10.8
T001834,2025-01-14,C0032,B007,UPI,Web,337.35,Success,0.0
T001835,2025-04-07,C0432,B006,Card,Web,254.6,Success,0.0
T001836,2025-09-13,C0262,B006,NEFT,POS,3114.81,Success,3.11
T001837,2025-09-16,C0463,B003,UPI,Branch,2802.79,Failed,0.0
T001838,2025-11-22,C0341,B008,UPI,Mobile,439.46,Success,0.0
T001839,2025-10-25,C0405,B006,Card,Web,1140.35,Success,0.0
T001840,2025-05-26,C0250,B007,NEFT,ATM,4839.01,Success,4.84
T001841,2025-08-24,C0055,B002,Card,ATM,8992.07,Success,0.0
T001842,2025-01-24,C0328,B007,ATM,ATM,570.25,Success,0.0
T001843,2025-11-10,C0480,B003,Card,Mobile,649.79,Success,0.65
T001844,2025-10-15,C0079,B007,UPI,Web,1172.74,Success,2.35
T001845,2025-11-19,C0423,B005,Card,Web,1609.32,Success,3.22
T001846,2025-10-01,C0137,B008,Card,Web,2291.7,Success,2.29
T001847,2025-07-22,C0133,B005,Card,Mobile,1185.95,Success,2.37
T001848,2025-06-03,C0046,B001,UPI,Web,413.85,Failed,0.0
T001849,2025-04-15,C0421,B007,IMPS,ATM,629.58,Success,0.0
T001850,2025-05-08,C0096,B008,UPI,Mobile,572.98,Success,0.0
T001851,2025-03-26,C0466,B007,Card,ATM,1465.21,Success,1.47
T001852,2025-01-17,C0333,B004,ATM,Branch,2357.33,Success,2.36
T001853,2025-02-02,C0433,B008,Card,POS,1620.25,Success,3.24
T001854,2025-01-22,C0323,B002,Card,ATM,4757.25,Success,0.0
T001855,2025-08-15,C0041,B002,UPI,POS,19914.89,Success,0.0
T001856,2025-11-12,C0217,B006,NEFT,Branch,15889.86,Success,31.78
T001857,2025-11-13,C0357,B008,Card,ATM,768.8,Success,0.0
T001858,2025-10-29,C0175,B001,UPI,Web,577.97,Success,1.16
T001859,2025-11-03,C0370,B005,NEFT,Mobile,1394.45,Success,1.39
T001860,2025-02-28,C0180,B002,UPI,Branch,1965.83,Success,0.0
T001861,2025-05-08,C0161,B008,Card,ATM,2232.38,Success,0.0
T001862,2025-11-03,C0191,B006,UPI,ATM,1442.1,Success,2.88
T001863,2025-03-11,C0414,B008,UPI,Mobile,7364.25,Success,7.36
T001864,2025-08-12,C0168,B007,UPI,ATM,842.8,Success,0.84
T001865,2025-01-15,C0276,B001,Card,Web,2983.68,Success,0.0
T001866,2025-09-17,C0401,B008,ATM,Web,3910.85,Success,3.91
T001867,2025-11-21,C0438,B008,UPI,ATM,929.23,Success,0.93
T001868,2025-11-08,C0310,B005,UPI,Web,5376.23,Success,0.0
T001869,2025-05-31,C0078,B002,UPI,Branch,3361.7,Failed,0.0
T001870,2025-12-03,C0356,B001,Card,Mobile,722.45,Success,0.72
T001871,2025-02-10,C0054,B007,UPI,ATM,2205.29,Success,4.41
T001872,2025-09-22,C0274,B005,NEFT,POS,6621.35,Success,13.24
T001873,2025-09-04,C0203,B002,IMPS,Branch,3219.57,Success,0.0
T001874,2025-01-07,C0477,B003,Branch Transfer,Web,944.1,Success,0.0
T001875,2025-08-06,C0327,B002,UPI,ATM,291.32,Success,0.29
T001876,2025-08-09,C0117,B002,UPI,Branch,1896.75,Success,0.0
T001877,2025-06-29,C0284,B005,Branch Transfer,Web,2139.34,Success,4.28
T001878,2025-03-07,C0159,B005,UPI,ATM,2200.38,Success,0.0
T001879,2025-05-18,C0409,B007,UPI,ATM,2511.06,Success,0.0
T001880,2025-08-28,C0334,B005,UPI,Web,694.46,Success,0.0
T001881,2025-04-10,C0484,B008,UPI,Branch,2867.16,Success,5.73
T001882,2025-11-14,C0350,B008,IMPS,Web,6697.61,Success,6.7
T001883,2025-12-07,C0125,B005,UPI,Web,3796.9,Success,0.0
T001884,2025-10-12,C0445,B007,Card,Mobile,8608.69,Success,0.0
T001885,2025-10-05,C0336,B006,UPI,Mobile,6719.94,Success,0.0
T001886,2025-06-18,C0131,B005,IMPS,Web,629.66,Failed,0.0
T001887,2025-10-07,C0167,B003,Card,ATM,292.64,Success,0.0
T001888,2025-01-19,C0007,B005,ATM,Branch,3461.59,Success,3.46
T001889,2025-09-16,C0243,B008,UPI,ATM,1074.34,Success,0.0
T001890,2025-08-07,C0135,B001,UPI,Branch,2001.3,Success,0.0
T001891,2025-11-14,C0309,B006,UPI,Web,3242.86,Success,0.0
T001892,2025-11-02,C0330,B003,UPI,POS,7220.64,Success,0.0
T001893,2025-07-17,C0377,B004,ATM,Web,1813.08,Success,3.63
T001894,2025-12-20,C0454,B001,Card,ATM,1328.25,Success,0.0
T001895,2025-08-19,C0430,B004,NEFT,POS,853.75,Success,1.71
T001896,2025-07-15,C0383,B005,IMPS,Web,778.66,Success,1.56
T001897,2025-08-19,C0304,B005,UPI,POS,517.74,Success,0.0
T001898,2025-01-16,C0256,B003,Card,POS,1572.43,Success,3.14
T001899,2025-04-19,C0474,B003,UPI,Mobile,2528.71,Success,0.0
T001900,2025-01-16,C0466,B007,Card,Branch,2939.65,Success,2.94
T001901,2025-01-06,C0063,B006,Card,ATM,2900.4,Success,0.0
T001902,2025-05-01,C0032,B007,ATM,POS,870.55,Success,0.0
T001903,2025-01-25,C0262,B006,IMPS,Web,252.57,Success,0.51
T001904,2025-06-11,C0100,B008,UPI,Mobile,6823.08,Success,0.0
T001905,2025-04-12,C0002,B002,IMPS,Mobile,7063.49,Success,0.0
T001906,2025-05-23,C0190,B001,Branch Transfer,Branch,1318.45,Success,0.0
T001907,2025-12-09,C0222,B006,Card,ATM,964.41,Success,0.96
T001908,2025-02-14,C0154,B001,IMPS,ATM,895.67,Success,1.79
T001909,2025-11-13,C0396,B006,Card,Branch,1540.25,Success,0.0
T001910,2025-10-08,C0215,B006,UPI,POS,1717.82,Success,3.44
T001911,2025-03-23,C0208,B002,Card,POS,1378.51,Success,1.38
T001912,2025-09-24,C0285,B004,ATM,Branch,1833.22,Failed,0.0
T001913,2025-11-11,C0401,B008,UPI,Branch,1221.85,Success,2.44
T001914,2025-07-13,C0460,B004,UPI,Web,1782.89,Failed,0.0
T001915,2025-12-26,C0221,B006,IMPS,POS,295.77,Success,0.59
T001916,2025-04-06,C0426,B002,Card,ATM,1025.23,Success,2.05
T001917,2025-03-13,C0479,B005,Branch Transfer,Branch,3173.56,Success,0.0
T001918,2025-08-22,C0250,B007,UPI,Mobile,1432.67,Success,0.0
T001919,2025-12-11,C0278,B001,IMPS,Branch,1979.86,Success,3.96
T001920,2025-03-12,C0482,B008,Card,ATM,776.69,Failed,0.0
T001921,2025-10-28,C0263,B007,UPI,POS,2693.06,Success,0.0
T001922,2025-12-15,C0178,B008,UPI,Web,1281.19,Success,2.56
T001923,2025-10-23,C0002,B002,UPI,Mobile,3767.14,Success,7.53
T001924,2025-01-26,C0481,B008,UPI,ATM,146.36,Success,0.15
T001925,2025-01-28,C0487,B007,Card,Web,834.39,Success,0.83
T001926,2025-03-25,C0258,B008,Branch Transfer,Mobile,8037.86,Success,0.0
T001927,2025-02-15,C0030,B008,Card,ATM,29033.48,Success,0.0
T001928,2025-08-20,C0368,B008,UPI,ATM,505.06,Success,1.01
T001929,2025-09-04,C0004,B007,UPI,POS,3955.56,Success,0.0
T001930,2025-01-01,C0191,B006,NEFT,ATM,618.89,Success,0.0
T001931,2025-08-14,C0117,B002,UPI,Branch,1718.13,Success,0.0
T001932,2025-06-10,C0304,B005,NEFT,POS,12675.62,Success,0.0
T001933,2025-06-17,C0365,B003,NEFT,Branch,394.47,Success,0.79
T001934,2025-10-31,C0212,B004,Card,Mobile,766.25,Success,0.77
T001935,2025-02-15,C0212,B004,Branch Transfer,Web,4170.53,Success,4.17
T001936,2025-06-09,C0413,B004,ATM,Web,2244.01,Success,0.0
T001937,2025-10-15,C0181,B006,NEFT,Web,874.74,Success,0.0
T001938,2025-07-04,C0498,B004,Card,Branch,2094.66,Success,0.0
T001939,2025-01-31,C0272,B007,Card,Branch,628.22,Success,0.63
T001940,2025-10-29,C0100,B008,Card,ATM,1499.38,Failed,0.0
T001941,2025-04-27,C0410,B005,Card,Mobile,4656.9,Success,9.31
T001942,2025-06-21,C0170,B008,UPI,ATM,2641.1,Success,0.0
T001943,2025-07-06,C0041,B002,Branch Transfer,POS,386.95,Success,0.0
T001944,2025-10-04,C0018,B008,Branch Transfer,Mobile,4112.6,Success,0.0
T001945,2025-11-04,C0342,B006,UPI,Web,1511.79,Success,0.0
T001946,2025-06-01,C0169,B005,IMPS,Web,1269.12,Success,0.0
T001947,2025-01-13,C0325,B003,Card,Mobile,19425.1,Success,0.0
T001948,2025-04-01,C0350,B008,Branch Transfer,POS,11199.55,Success,0.0
T001949,2025-01-31,C0183,B003,UPI,Web,2123.46,Success,0.0
T001950,2025-04-04,C0442,B008,Branch Transfer,ATM,403.9,Success,0.81
T001951,2025-11-21,C0226,B006,ATM,Mobile,907.67,Success,0.91
T001952,2025-08-15,C0392,B001,IMPS,POS,4456.26,Success,0.0
T001953,2025-07-07,C0346,B006,NEFT,ATM,4733.73,Success,0.0
T001954,2025-01-07,C0396,B006,UPI,Branch,956.34,Success,0.0
T001955,2025-09-17,C0024,B002,NEFT,POS,4591.53,Success,0.0
T001956,2025-02-18,C0466,B007,Branch Transfer,POS,5264.71,Success,0.0
T001957,2025-06-27,C0184,B004,IMPS,Mobile,733.37,Success,0.0
T001958,2025-07-18,C0186,B003,UPI,POS,1962.24,Success,1.96
T001959,2025-10-08,C0220,B002,UPI,Web,1965.37,Success,0.0
T001960,2025-09-14,C0246,B002,UPI,Web,4407.87,Failed,0.0
T001961,2025-05-28,C0292,B008,UPI,ATM,1053.48,Success,0.0
T001962,2025-01-05,C0168,B007,UPI,Branch,5590.32,Success,0.0
T001963,2025-05-11,C0161,B008,UPI,Web,1139.73,Success,0.0
T001964,2025-02-01,C0299,B002,NEFT,Web,2830.84,Success,0.0
T001965,2025-06-19,C0158,B007,ATM,Web,4778.92,Success,0.0
T001966,2025-11-23,C0003,B004,IMPS,Mobile,3339.73,Success,0.0
T001967,2025-03-01,C0078,B002,UPI,ATM,1168.83,Success,0.0
T001968,2025-12-14,C0459,B007,UPI,Branch,147.83,Success,0.3
T001969,2025-10-17,C0166,B005,ATM,ATM,259.94,Success,0.26
T001970,2025-07-22,C0086,B008,UPI,Mobile,4119.45,Success,0.0
T001971,2025-12-22,C0453,B002,UPI,Branch,929.73,Success,0.93
T001972,2025-01-13,C0456,B006,NEFT,Web,3156.94,Success,0.0
T001973,2025-08-09,C0097,B005,IMPS,Mobile,295.18,Success,0.0
T001974,2025-09-26,C0181,B006,IMPS,POS,2260.94,Success,0.0
T001975,2025-08-11,C0049,B001,UPI,POS,454.36,Success,0.0
T001976,2025-02-11,C0282,B003,IMPS,Web,6736.71,Success,6.74
T001977,2025-12-20,C0361,B001,UPI,Web,1636.9,Success,0.0
T001978,2025-10-01,C0246,B002,IMPS,POS,16480.2,Success,16.48
T001979,2025-03-21,C0483,B003,Card,ATM,5965.84,Success,0.0
T001980,2025-06-09,C0493,B008,ATM,Mobile,158.17,Success,0.0
T001981,2025-10-10,C0091,B001,UPI,Web,988.36,Success,0.0
T001982,2025-03-21,C0340,B002,UPI,Web,556.5,Failed,0.0
T001983,2025-03-09,C0375,B004,Branch Transfer,Web,9441.12,Success,0.0
T001984,2025-11-18,C0377,B004,IMPS,ATM,258.31,Failed,0.0
T001985,2025-12-23,C0480,B003,UPI,Web,2967.0,Success,0.0
T001986,2025-02-22,C0357,B008,UPI,POS,2186.12,Success,0.0
T001987,2025-08-02,C0048,B005,UPI,ATM,522.74,Success,0.0
T001988,2025-11-01,C0367,B006,UPI,Mobile,4174.16,Success,8.35
T001989,2025-10-03,C0313,B007,UPI,Mobile,6332.48,Success,12.66
T001990,2025-12-16,C0213,B005,ATM,POS,5098.92,Success,5.1
T001991,2025-03-23,C0021,B003,Card,Web,1632.13,Success,1.63
T001992,2025-10-18,C0078,B002,UPI,POS,1287.5,Success,1.29
T001993,2025-07-08,C0454,B001,Branch Transfer,POS,696.87,Success,1.39
T001994,2025-07-21,C0412,B004,Card,ATM,244.54,Success,0.0
T001995,2025-01-19,C0336,B006,Card,POS,3301.61,Success,0.0
T001996,2025-06-26,C0214,B001,UPI,Web,2220.21,Success,0.0
T001997,2025-03-10,C0198,B007,Card,ATM,4360.06,Success,0.0
T001998,2025-12-02,C0482,B008,Card,POS,576.61,Success,1.15
T001999,2025-01-21,C0326,B006,Card,POS,614.4,Failed,0.0
T002000,2025-11-15,C0051,B002,Branch Transfer,POS,667.97,Success,0.0
T002001,2025-12-16,C0293,B001,Card,ATM,498.39,Success,0.0
T002002,2025-08-24,C0485,B006,Branch Transfer,Web,634.37,Success,1.27
T002003,2025-05-06,C0116,B004,UPI,POS,2975.37,Success,0.0
T002004,2025-07-27,C0256,B003,UPI,ATM,807.41,Success,0.81
T002005,2025-08-21,C0408,B002,Card,ATM,5443.18,Failed,0.0
T002006,2025-04-13,C0485,B006,Card,Branch,728.51,Success,0.0
T002007,2025-11-01,C0198,B007,IMPS,Web,520.32,Success,0.0
T002008,2025-04-01,C0041,B002,UPI,ATM,915.68,Success,1.83
T002009,2025-11-13,C0474,B003,Branch Transfer,POS,1028.56,Success,1.03
T002010,2025-06-15,C0074,B005,IMPS,Web,1035.79,Success,1.04
T002011,2025-05-03,C0058,B005,UPI,Mobile,3558.94,Success,7.12
T002012,2025-04-03,C0137,B008,Card,ATM,4190.38,Failed,0.0
T002013,2025-10-06,C0334,B005,Card,Branch,898.16,Success,0.0
T002014,2025-07-31,C0291,B004,UPI,Mobile,2695.0,Failed,0.0
T002015,2025-10-01,C0016,B006,NEFT,Web,3246.55,Success,0.0
T002016,2025-03-03,C0073,B004,UPI,ATM,3019.05,Success,6.04
T002017,2025-03-22,C0163,B004,UPI,Branch,7208.8,Success,0.0
T002018,2025-09-16,C0456,B006,IMPS,Mobile,105.18,Success,0.11
T002019,2025-09-12,C0058,B005,UPI,Web,2585.55,Success,0.0
T002020,2025-08-16,C0464,B001,Card,Web,489.14,Success,0.49
T002021,2025-08-28,C0100,B008,UPI,Web,987.53,Success,0.0
T002022,2025-08-13,C0417,B006,Branch Transfer,Mobile,774.48,Success,0.0
T002023,2025-03-19,C0013,B002,Card,ATM,4707.25,Success,0.0
T002024,2025-12-06,C0238,B006,ATM,POS,595.24,Success,0.0
T002025,2025-03-05,C0355,B006,IMPS,Branch,662.02,Success,0.0
T002026,2025-01-18,C0085,B006,UPI,POS,375.53,Success,0.0
T002027,2025-07-20,C0398,B006,UPI,Web,3825.26,Success,3.83
T002028,2025-03-07,C0177,B006,IMPS,Web,5090.47,Success,0.0
T002029,2025-03-28,C0076,B003,UPI,Web,8854.85,Success,17.71
T002030,2025-09-25,C0458,B007,NEFT,ATM,675.87,Success,0.0
T002031,2025-03-08,C0116,B004,UPI,Branch,1147.35,Failed,0.0
T002032,2025-02-16,C0204,B002,Branch Transfer,POS,1741.46,Success,1.74
T002033,2025-03-03,C0255,B004,IMPS,Web,1124.23,Success,2.25
T002034,2025-10-13,C0458,B007,NEFT,Branch,1953.51,Success,1.95
T002035,2025-12-29,C0473,B004,IMPS,ATM,1601.9,Success,0.0
T002036,2025-05-15,C0227,B002,UPI,POS,307.31,Success,0.0
T002037,2025-11-21,C0009,B006,UPI,POS,1894.98,Success,3.79
T002038,2025-12-07,C0079,B007,Branch Transfer,Branch,1951.12,Success,0.0
T002039,2025-07-13,C0030,B008,UPI,Web,950.01,Success,0.95
T002040,2025-11-22,C0427,B007,IMPS,POS,1235.46,Success,0.0
T002041,2025-05-20,C0029,B001,Card,Branch,2963.17,Success,0.0
T002042,2025-06-11,C0343,B002,UPI,ATM,1711.87,Success,3.42
T002043,2025-01-07,C0077,B007,ATM,Branch,284.97,Success,0.0
T002044,2025-10-20,C0118,B007,ATM,Branch,1378.07,Success,0.0
T002045,2025-07-05,C0024,B002,UPI,ATM,2662.39,Success,0.0
T002046,2025-08-08,C0045,B003,Branch Transfer,ATM,960.97,Success,0.0
T002047,2025-05-20,C0220,B002,UPI,Branch,3751.0,Success,0.0
T002048,2025-09-12,C0281,B007,Card,Mobile,526.36,Success,0.0
T002049,2025-03-28,C0130,B006,Card,Web,2711.25,Success,0.0
T002050,2025-02-07,C0158,B007,Branch Transfer,Branch,2428.19,Success,4.86
T002051,2025-09-30,C0237,B004,Card,Branch,1363.67,Failed,0.0
T002052,2025-02-07,C0111,B001,UPI,Web,1434.52,Success,2.87
T002053,2025-08-13,C0068,B004,NEFT,POS,2016.02,Failed,0.0
T002054,2025-09-29,C0494,B002,Card,POS,1348.01,Success,0.0
T002055,2025-12-24,C0461,B007,NEFT,ATM,410.71,Success,0.41
T002056,2025-04-07,C0159,B005,UPI,Web,1600.33,Success,0.0
T002057,2025-03-05,C0120,B003,UPI,ATM,359.51,Success,0.0
T002058,2025-07-13,C0249,B008,UPI,Branch,525.67,Success,0.0
T002059,2025-12-31,C0004,B007,UPI,Branch,1355.12,Success,1.36
T002060,2025-06-02,C0206,B002,Card,Branch,11891.52,Success,0.0
T002061,2025-04-14,C0418,B003,Card,Mobile,635.68,Success,0.0
T002062,2025-07-28,C0012,B006,UPI,Branch,984.58,Success,1.97
T002063,2025-05-20,C0500,B003,Card,Web,1322.15,Success,0.0
T002064,2025-12-23,C0292,B008,Card,Mobile,1071.79,Success,1.07
T002065,2025-07-08,C0092,B008,UPI,Branch,740.85,Success,0.0
T002066,2025-05-01,C0154,B001,Branch Transfer,POS,7119.85,Success,14.24
T002067,2025-10-19,C0431,B006,IMPS,Web,1986.79,Success,1.99
T002068,2025-06-19,C0153,B001,IMPS,ATM,936.41,Success,0.0
T002069,2025-03-04,C0314,B008,Card,ATM,8838.59,Success,0.0
T002070,2025-10-24,C0142,B007,Card,Web,3564.1,Success,7.13
T002071,2025-04-25,C0075,B007,UPI,Web,890.43,Success,0.89
T002072,2025-12-09,C0295,B007,ATM,Mobile,11828.99,Success,0.0
T002073,2025-03-22,C0128,B004,UPI,Branch,1702.53,Success,0.0
T002074,2025-01-23,C0390,B008,Card,Branch,148.9,Success,0.0
T002075,2025-06-22,C0190,B001,Card,Mobile,4199.02,Success,0.0
T002076,2025-06-04,C0022,B007,UPI,POS,1254.34,Success,0.0
T002077,2025-10-18,C0115,B007,UPI,Branch,2699.61,Success,0.0
T002078,2025-07-02,C0443,B001,Card,Mobile,1810.0,Success,1.81
T002079,2025-08-09,C0285,B004,Branch Transfer,ATM,271.91,Success,0.0
T002080,2025-07-04,C0362,B004,Card,Mobile,256.52,Success,0.0
T002081,2025-04-25,C0038,B003,Branch Transfer,Web,1622.01,Success,0.0
T002082,2025-07-28,C0425,B005,UPI,ATM,2077.51,Success,0.0
T002083,2025-05-30,C0235,B006,UPI,Branch,928.96,Success,0.0
T002084,2025-10-24,C0366,B008,Card,Mobile,5290.77,Success,10.58
T002085,2025-10-10,C0017,B006,IMPS,Web,1745.38,Success,0.0
T002086,2025-12-01,C0454,B001,UPI,Branch,2551.1,Success,0.0
T002087,2025-04-07,C0135,B001,Branch Transfer,POS,173.88,Success,0.0
T002088,2025-07-07,C0407,B007,Branch Transfer,Branch,1921.82,Success,0.0
T002089,2025-06-22,C0385,B008,IMPS,POS,9005.74,Success,0.0
T002090,2025-11-16,C0079,B007,IMPS,Mobile,747.53,Success,0.0
T002091,2025-01-12,C0118,B007,UPI,Branch,668.41,Success,0.0
T002092,2025-08-22,C0402,B003,Card,POS,3878.32,Success,3.88
T002093,2025-06-27,C0313,B007,IMPS,Mobile,516.26,Success,0.0
T002094,2025-03-30,C0483,B003,Branch Transfer,Web,3667.11,Success,3.67
T002095,2025-01-15,C0121,B008,UPI,POS,717.97,Success,0.0
T002096,2025-01-09,C0415,B001,UPI,Mobile,2038.9,Success,0.0
T002097,2025-07-31,C0225,B008,Branch Transfer,Branch,1111.09,Success,1.11
T002098,2025-05-14,C0165,B003,Card,ATM,5176.4,Success,0.0
T002099,2025-07-17,C0026,B005,Card,Branch,1727.05,Success,0.0
T002100,2025-03-17,C0323,B002,UPI,ATM,339.39,Success,0.68
T002101,2025-07-21,C0198,B007,IMPS,Web,895.71,Success,0.0
T002102,2025-05-08,C0249,B008,NEFT,Mobile,1030.9,Success,0.0
T002103,2025-02-13,C0067,B001,UPI,Mobile,282.54,Failed,0.0
T002104,2025-12-23,C0121,B008,UPI,Mobile,2574.08,Success,5.15
T002105,2025-02-07,C0343,B002,Card,POS,1021.13,Success,0.0
T002106,2025-06-30,C0078,B002,UPI,Branch,2221.44,Success,0.0
T002107,2025-03-30,C0053,B006,UPI,Web,2612.59,Success,0.0
T002108,2025-07-04,C0011,B005,ATM,ATM,751.76,Success,0.0
T002109,2025-11-27,C0303,B001,Card,ATM,1610.66,Failed,0.0
T002110,2025-08-15,C0155,B007,ATM,POS,3370.87,Success,3.37
T002111,2025-10-25,C0307,B008,Branch Transfer,ATM,309.65,Success,0.0
T002112,2025-12-16,C0315,B006,Card,Web,1509.81,Success,0.0
T002113,2025-12-16,C0404,B001,Card,Web,366.25,Success,0.37
T002114,2025-11-03,C0082,B005,IMPS,Branch,1210.41,Success,1.21
T002115,2025-03-29,C0164,B002,UPI,ATM,1111.64,Success,1.11
T002116,2025-02-12,C0278,B001,UPI,Web,1780.32,Success,0.0
T002117,2025-05-27,C0304,B005,UPI,Web,156.13,Success,0.16
T002118,2025-03-19,C0022,B007,Card,Branch,576.62,Success,0.0
T002119,2025-08-26,C0126,B007,NEFT,ATM,6719.02,Success,13.44
T002120,2025-04-03,C0341,B008,UPI,Mobile,1077.65,Success,2.16
T002121,2025-12-09,C0331,B003,Card,Mobile,620.69,Success,1.24
T002122,2025-05-20,C0023,B001,Card,Mobile,3222.44,Success,0.0
T002123,2025-03-19,C0091,B001,UPI,ATM,1083.91,Success,0.0
T002124,2025-03-20,C0276,B001,ATM,ATM,1738.08,Failed,0.0
T002125,2025-01-05,C0458,B007,UPI,Mobile,2004.09,Success,4.01
T002126,2025-06-08,C0200,B005,Branch Transfer,Branch,20635.3,Success,0.0
T002127,2025-10-19,C0091,B001,Branch Transfer,Web,6122.12,Success,6.12
T002128,2025-06-10,C0426,B002,Card,Mobile,2057.31,Success,0.0
T002129,2025-08-11,C0306,B007,IMPS,Branch,358.49,Success,0.0
T002130,2025-03-16,C0415,B001,UPI,POS,2083.48,Success,0.0
T002131,2025-02-27,C0112,B002,UPI,Mobile,1407.35,Success,0.0
T002132,2025-11-11,C0242,B006,Card,ATM,3790.04,Success,7.58
T002133,2025-12-20,C0295,B007,Card,Mobile,2527.78,Success,5.06
T002134,2025-04-23,C0030,B008,ATM,Mobile,1291.76,Success,0.0
T002135,2025-01-03,C0032,B007,UPI,Branch,796.03,Success,1.59
T002136,2025-02-19,C0097,B005,UPI,POS,2071.04,Success,0.0
T002137,2025-05-01,C0461,B007,Card,POS,6834.15,Success,13.67
T002138,2025-01-31,C0032,B007,Card,Web,1640.36,Success,1.64
T002139,2025-04-27,C0440,B002,UPI,POS,3521.83,Success,7.04
T002140,2025-07-17,C0458,B007,NEFT,Mobile,3377.09,Success,3.38
T002141,2025-06-22,C0259,B003,NEFT,Branch,2587.86,Success,0.0
T002142,2025-06-06,C0283,B002,Branch Transfer,Web,304.11,Success,0.0
T002143,2025-11-08,C0368,B008,UPI,ATM,10590.53,Success,0.0
T002144,2025-04-06,C0460,B004,Card,Mobile,4883.01,Success,0.0
T002145,2025-09-04,C0208,B002,Card,Mobile,7219.16,Success,0.0
T002146,2025-10-03,C0326,B006,Card,Branch,926.51,Success,1.85
T002147,2025-07-29,C0490,B008,UPI,Web,793.91,Success,1.59
T002148,2025-12-21,C0278,B001,UPI,Branch,2070.51,Success,0.0
T002149,2025-07-08,C0193,B001,NEFT,ATM,4841.49,Success,9.68
T002150,2025-02-18,C0295,B007,UPI,Web,1301.95,Success,2.6
T002151,2025-06-16,C0176,B005,UPI,ATM,742.51,Success,0.74
T002152,2025-03-11,C0454,B001,Card,POS,2065.93,Success,0.0
T002153,2025-08-05,C0211,B003,Card,Mobile,1119.29,Success,2.24
T002154,2025-11-01,C0284,B005,Card,POS,2795.25,Success,5.59
T002155,2025-07-27,C0146,B008,UPI,Branch,2152.75,Success,2.15
T002156,2025-05-28,C0125,B005,ATM,POS,1616.5,Success,3.23
T002157,2025-10-01,C0414,B008,UPI,ATM,593.24,Success,0.0
T002158,2025-01-06,C0162,B003,IMPS,ATM,302.32,Success,0.0
T002159,2025-03-29,C0495,B004,UPI,Mobile,396.1,Success,0.0
T002160,2025-10-06,C0431,B006,UPI,Mobile,1602.82,Success,0.0
T002161,2025-10-04,C0285,B004,Card,ATM,301.51,Success,0.3
T002162,2025-10-04,C0342,B006,Card,POS,3213.01,Success,0.0
T002163,2025-08-01,C0178,B008,Branch Transfer,ATM,870.18,Failed,0.0
T002164,2025-01-07,C0469,B004,UPI,Mobile,318.06,Success,0.32
T002165,2025-11-02,C0304,B005,Card,POS,5224.27,Success,0.0
T002166,2025-08-13,C0099,B003,Branch Transfer,POS,23226.13,Success,23.23
T002167,2025-09-15,C0027,B003,IMPS,Mobile,2596.01,Success,0.0
T002168,2025-11-20,C0058,B005,IMPS,ATM,486.61,Success,0.0
T002169,2025-06-01,C0471,B003,UPI,Branch,1756.18,Success,0.0
T002170,2025-07-25,C0287,B006,ATM,Web,1087.21,Success,0.0
T002171,2025-06-15,C0060,B003,Branch Transfer,Branch,2076.84,Success,0.0
T002172,2025-04-02,C0394,B005,UPI,Web,2969.46,Success,0.0
T002173,2025-11-22,C0478,B008,NEFT,Branch,270.19,Success,0.0
T002174,2025-07-19,C0462,B002,UPI,POS,272.96,Success,0.0
T002175,2025-06-17,C0224,B004,UPI,Web,1612.9,Success,0.0
T002176,2025-06-20,C0148,B004,IMPS,Mobile,828.9,Success,1.66
T002177,2025-05-08,C0002,B002,Card,Branch,2998.55,Success,0.0
T002178,2025-03-22,C0254,B003,Card,ATM,492.53,Success,0.99
T002179,2025-06-14,C0285,B004,IMPS,Web,939.96,Success,0.0
T002180,2025-06-27,C0349,B006,UPI,Mobile,393.49,Success,0.79
T002181,2025-02-04,C0230,B001,UPI,ATM,6743.69,Success,0.0
T002182,2025-02-17,C0307,B008,UPI,Web,1329.11,Success,0.0
T002183,2025-03-14,C0183,B003,UPI,Mobile,3499.51,Success,3.5
T002184,2025-10-25,C0183,B003,UPI,POS,5029.07,Success,0.0
T002185,2025-01-19,C0105,B001,UPI,POS,1418.01,Success,0.0
T002186,2025-08-04,C0112,B002,UPI,POS,7207.17,Success,14.41
T002187,2025-08-07,C0094,B007,Branch Transfer,Mobile,1548.56,Success,3.1
T002188,2025-03-31,C0181,B006,Card,Web,1418.1,Success,1.42
T002189,2025-12-17,C0162,B003,UPI,Web,552.98,Success,0.0
T002190,2025-06-17,C0475,B007,IMPS,POS,1269.76,Success,0.0
T002191,2025-02-24,C0290,B005,Card,Branch,2190.82,Success,2.19
T002192,2025-09-03,C0045,B003,Card,Mobile,1155.07,Success,2.31
T002193,2025-04-25,C0159,B005,UPI,Branch,960.58,Success,0.96
T002194,2025-06-24,C0135,B001,UPI,Mobile,2127.31,Success,0.0
T002195,2025-09-30,C0025,B005,Card,ATM,1038.09,Success,0.0
T002196,2025-02-18,C0084,B001,IMPS,Web,1664.21,Success,0.0
T002197,2025-05-31,C0334,B005,Card,POS,3410.17,Success,6.82
T002198,2025-08-23,C0371,B008,Card,ATM,1161.95,Success,1.16
T002199,2025-12-30,C0326,B006,Card,POS,2438.8,Success,0.0
T002200,2025-04-02,C0027,B003,UPI,Mobile,1161.24,Success,2.32
T002201,2025-03-12,C0420,B007,UPI,Mobile,1794.31,Success,1.79
T002202,2025-01-08,C0237,B004,Branch Transfer,ATM,3688.75,Success,0.0
T002203,2025-02-20,C0416,B001,IMPS,POS,2799.09,Success,0.0
T002204,2025-09-25,C0201,B004,UPI,POS,737.45,Success,1.47
T002205,2025-08-11,C0175,B001,ATM,POS,1435.21,Success,0.0
T002206,2025-01-12,C0006,B002,IMPS,POS,16646.77,Failed,0.0
T002207,2025-03-27,C0323,B002,ATM,POS,1185.7,Success,0.0
T002208,2025-08-06,C0442,B008,Branch Transfer,ATM,1785.82,Success,0.0
T002209,2025-09-16,C0382,B003,Card,Mobile,3449.7,Success,3.45
T002210,2025-03-04,C0383,B005,UPI,Web,508.36,Success,1.02
T002211,2025-10-21,C0437,B008,Branch Transfer,Web,581.53,Success,0.0
T002212,2025-08-07,C0371,B008,UPI,POS,294.93,Success,0.0
T002213,2025-03-04,C0368,B008,UPI,Web,127.9,Success,0.13
T002214,2025-02-05,C0206,B002,Branch Transfer,Branch,1582.56,Success,0.0
T002215,2025-04-22,C0041,B002,NEFT,ATM,1542.83,Success,0.0
T002216,2025-11-13,C0124,B008,UPI,Mobile,415.99,Success,0.42
T002217,2025-11-21,C0188,B008,Branch Transfer,Branch,1322.15,Success,1.32
T002218,2025-10-27,C0123,B007,Card,Branch,648.89,Success,0.0
T002219,2025-05-07,C0149,B005,Card,Web,2039.49,Success,4.08
T002220,2025-09-06,C0242,B006,UPI,ATM,2290.45,Success,0.0
T002221,2025-09-24,C0091,B001,UPI,Mobile,3007.42,Success,3.01
T002222,2025-02-23,C0018,B008,NEFT,Branch,90.28,Success,0.0
T002223,2025-05-16,C0425,B005,UPI,POS,1154.89,Success,2.31
T002224,2025-03-11,C0001,B005,Card,Branch,759.99,Success,0.0
T002225,2025-09-18,C0069,B003,ATM,POS,855.66,Success,0.0
T002226,2025-10-24,C0387,B003,UPI,POS,994.13,Success,0.99
T002227,2025-01-23,C0409,B007,Card,Mobile,853.39,Success,1.71
T002228,2025-03-30,C0292,B008,UPI,Branch,2304.35,Success,4.61
T002229,2025-05-19,C0392,B001,ATM,ATM,2898.8,Success,0.0
T002230,2025-08-21,C0276,B001,UPI,Branch,1438.88,Success,0.0
T002231,2025-10-11,C0413,B004,Branch Transfer,Mobile,970.31,Success,1.94
T002232,2025-09-10,C0260,B005,UPI,Web,1276.18,Success,2.55
T002233,2025-04-30,C0375,B004,UPI,Mobile,730.85,Success,0.0
T002234,2025-01-05,C0120,B003,NEFT,Web,1876.59,Failed,0.0
T002235,2025-11-23,C0263,B007,ATM,Mobile,708.51,Success,0.0
T002236,2025-05-15,C0474,B003,UPI,Branch,896.72,Success,0.0
T002237,2025-03-10,C0237,B004,UPI,POS,2377.86,Success,2.38
T002238,2025-12-27,C0430,B004,UPI,POS,1690.42,Success,0.0
T002239,2025-02-08,C0330,B003,UPI,Web,1370.29,Success,0.0
T002240,2025-05-22,C0385,B008,Card,Web,1283.11,Success,1.28
T002241,2025-07-19,C0382,B003,Branch Transfer,ATM,6459.17,Success,0.0
T002242,2025-09-11,C0041,B002,ATM,Web,2746.53,Success,0.0
T002243,2025-02-21,C0215,B006,UPI,Web,629.79,Success,0.63
T002244,2025-09-01,C0026,B005,UPI,Web,1708.91,Success,0.0
T002245,2025-01-18,C0399,B004,UPI,Web,379.25,Success,0.38
T002246,2025-10-20,C0036,B001,Card,Branch,1052.46,Success,0.0
T002247,2025-11-06,C0244,B007,UPI,Mobile,332.04,Success,0.66
T002248,2025-08-25,C0014,B004,UPI,Web,1364.39,Success,1.36
T002249,2025-02-17,C0083,B007,UPI,Branch,1656.21,Success,3.31
T002250,2025-02-08,C0453,B002,NEFT,ATM,1466.69,Success,0.0
T002251,2025-12-30,C0446,B004,IMPS,Mobile,11064.83,Failed,0.0
T002252,2025-03-27,C0292,B008,Card,Mobile,4237.3,Success,4.24
T002253,2025-04-26,C0075,B007,IMPS,ATM,280.8,Success,0.0
T002254,2025-02-17,C0074,B005,NEFT,ATM,418.19,Success,0.84
T002255,2025-02-12,C0387,B003,UPI,Branch,3822.81,Success,3.82
T002256,2025-04-03,C0453,B002,Card,Web,1029.24,Success,0.0
T002257,2025-07-29,C0241,B008,UPI,Web,1069.89,Success,0.0
T002258,2025-06-26,C0139,B001,ATM,Web,875.18,Success,0.0
T002259,2025-02-24,C0055,B002,Card,POS,3348.49,Success,3.35
T002260,2025-07-27,C0451,B002,Branch Transfer,ATM,5446.19,Success,5.45
T002261,2025-10-12,C0246,B002,Card,Mobile,2085.58,Success,0.0
T002262,2025-09-27,C0257,B002,UPI,POS,1370.62,Success,1.37
T002263,2025-02-15,C0500,B003,Branch Transfer,ATM,144.4,Success,0.14
T002264,2025-01-26,C0023,B001,Card,Branch,8294.08,Success,0.0
T002265,2025-11-17,C0312,B007,UPI,ATM,685.2,Success,1.37
T002266,2025-08-12,C0262,B006,UPI,Branch,694.58,Failed,0.0
T002267,2025-05-21,C0164,B002,Card,Mobile,223.95,Success,0.0
T002268,2025-06-18,C0184,B004,UPI,POS,780.46,Success,0.0
T002269,2025-07-12,C0266,B003,UPI,POS,423.73,Success,0.0
T002270,2025-11-10,C0057,B004,UPI,Mobile,1579.28,Success,0.0
T002271,2025-03-02,C0130,B006,Card,Web,2319.72,Success,0.0
T002272,2025-09-11,C0351,B003,UPI,Branch,952.59,Success,1.91
T002273,2025-11-13,C0379,B003,UPI,POS,801.97,Success,0.0
T002274,2025-09-03,C0218,B004,Branch Transfer,POS,1212.73,Success,2.43
T002275,2025-05-22,C0264,B004,NEFT,Branch,908.2,Success,0.0
T002276,2025-02-19,C0043,B003,Card,POS,2451.08,Success,0.0
T002277,2025-10-21,C0073,B004,Branch Transfer,Mobile,720.18,Success,0.0
T002278,2025-04-15,C0186,B003,UPI,Branch,690.83,Success,0.0
T002279,2025-10-22,C0484,B008,NEFT,Branch,531.41,Success,0.53
T002280,2025-03-17,C0227,B002,IMPS,Web,316.1,Success,0.0
T002281,2025-10-04,C0362,B004,Branch Transfer,POS,2168.68,Success,0.0
T002282,2025-11-02,C0229,B006,Branch Transfer,POS,5424.69,Success,0.0
T002283,2025-02-05,C0455,B002,Card,Branch,1136.24,Success,0.0
T002284,2025-03-23,C0160,B008,Branch Transfer,POS,457.7,Success,0.0
T002285,2025-03-13,C0487,B007,Card,Web,781.4,Success,0.0
T002286,2025-11-20,C0403,B008,Branch Transfer,Mobile,20661.44,Success,0.0
T002287,2025-11-05,C0238,B006,UPI,Web,391.53,Success,0.0
T002288,2025-05-05,C0288,B006,Card,Web,1375.05,Success,0.0
T002289,2025-03-07,C0463,B003,Card,ATM,1255.58,Failed,0.0
T002290,2025-07-15,C0160,B008,IMPS,Branch,4733.9,Success,0.0
T002291,2025-04-23,C0215,B006,ATM,Mobile,207.56,Success,0.42
T002292,2025-05-02,C0171,B004,UPI,ATM,1472.6,Success,0.0
T002293,2025-03-18,C0252,B002,UPI,Web,1589.63,Success,0.0
T002294,2025-08-23,C0423,B005,NEFT,Branch,548.15,Success,0.55
T002295,2025-07-18,C0361,B001,Branch Transfer,Branch,976.49,Success,0.98
T002296,2025-10-07,C0437,B008,Card,Branch,3417.69,Success,3.42
T002297,2025-02-11,C0425,B005,NEFT,Branch,2146.61,Success,0.0
T002298,2025-02-25,C0500,B003,ATM,Web,680.74,Failed,0.0
T002299,2025-05-01,C0065,B002,UPI,Branch,902.3,Success,0.9
T002300,2025-03-20,C0281,B007,Branch Transfer,POS,600.32,Success,0.0
T002301,2025-07-02,C0378,B008,UPI,ATM,211.32,Success,0.21
T002302,2025-05-25,C0411,B004,NEFT,POS,3149.85,Success,6.3
T002303,2025-09-29,C0042,B004,UPI,ATM,1241.9,Success,2.48
T002304,2025-09-15,C0257,B002,ATM,POS,3342.96,Success,3.34
T002305,2025-07-27,C0012,B006,Card,Web,575.97,Success,0.0
T002306,2025-01-16,C0442,B008,UPI,Branch,1158.21,Success,2.32
T002307,2025-05-03,C0003,B004,Card,Web,4182.2,Failed,0.0
T002308,2025-02-01,C0084,B001,Branch Transfer,POS,418.73,Success,0.84
T002309,2025-01-26,C0310,B005,UPI,POS,249.42,Success,0.0
T002310,2025-08-27,C0422,B005,IMPS,Web,1633.46,Success,1.63
T002311,2025-07-01,C0390,B008,NEFT,ATM,3313.67,Success,6.63
T002312,2025-10-25,C0051,B002,NEFT,ATM,7543.67,Success,0.0
T002313,2025-01-05,C0472,B005,NEFT,Mobile,979.89,Success,0.0
T002314,2025-03-27,C0242,B006,Card,Branch,9449.15,Success,0.0
T002315,2025-08-28,C0071,B004,Card,Mobile,553.1,Success,0.55
T002316,2025-01-15,C0219,B001,Card,Web,1624.77,Success,0.0
T002317,2025-04-14,C0458,B007,NEFT,ATM,7178.89,Failed,0.0
T002318,2025-09-09,C0247,B007,IMPS,Branch,1666.04,Success,0.0
T002319,2025-08-03,C0450,B008,Card,ATM,689.0,Success,1.38
T002320,2025-06-30,C0402,B003,Card,Web,690.57,Success,0.0
T002321,2025-07-22,C0110,B002,Branch Transfer,POS,1218.14,Failed,0.0
T002322,2025-07-15,C0343,B002,Card,Branch,3306.99,Success,0.0
T002323,2025-08-15,C0411,B004,NEFT,POS,956.05,Success,0.0
T002324,2025-07-06,C0436,B004,NEFT,Branch,487.01,Success,0.0
T002325,2025-01-03,C0038,B003,Card,ATM,4565.5,Success,0.0
T002326,2025-04-19,C0435,B003,IMPS,Web,3567.47,Success,7.13
T002327,2025-10-05,C0148,B004,ATM,Branch,1491.38,Success,0.0
T002328,2025-02-08,C0308,B007,ATM,Mobile,984.03,Success,0.0
T002329,2025-09-01,C0194,B006,IMPS,ATM,7209.59,Failed,0.0
T002330,2025-05-06,C0207,B006,UPI,POS,7603.2,Success,0.0
T002331,2025-02-17,C0047,B008,UPI,POS,821.52,Success,1.64
T002332,2025-08-06,C0404,B001,ATM,Mobile,433.41,Success,0.0
T002333,2025-10-07,C0071,B004,IMPS,POS,1070.18,Success,0.0
T002334,2025-09-17,C0255,B004,UPI,POS,1119.32,Success,0.0
T002335,2025-03-24,C0237,B004,UPI,ATM,1168.64,Success,1.17
T002336,2025-05-24,C0396,B006,Card,Mobile,1373.65,Success,1.37
T002337,2025-08-24,C0014,B004,UPI,Branch,4213.34,Success,0.0
T002338,2025-11-25,C0273,B002,IMPS,ATM,1317.42,Success,1.32
T002339,2025-04-27,C0158,B007,Card,Branch,1015.82,Success,0.0
T002340,2025-04-03,C0344,B008,Card,POS,734.4,Success,0.73
T002341,2025-03-17,C0207,B006,ATM,Branch,486.07,Success,0.0
T002342,2025-08-08,C0214,B001,UPI,Web,1135.11,Success,0.0
T002343,2025-06-23,C0483,B003,UPI,ATM,4234.18,Success,0.0
T002344,2025-03-06,C0310,B005,UPI,Mobile,1770.59,Success,3.54
T002345,2025-12-10,C0209,B005,NEFT,POS,4256.03,Success,4.26
T002346,2025-04-30,C0348,B007,UPI,Mobile,6723.45,Success,0.0
T002347,2025-01-14,C0178,B008,NEFT,POS,10113.42,Success,0.0
T002348,2025-02-12,C0215,B006,Branch Transfer,Mobile,195.39,Success,0.0
T002349,2025-04-09,C0161,B008,NEFT,POS,2961.33,Success,2.96
T002350,2025-08-26,C0305,B001,Card,POS,1021.9,Success,0.0
T002351,2025-01-15,C0361,B001,UPI,Web,2840.52,Success,2.84
T002352,2025-07-26,C0441,B004,IMPS,Branch,228.89,Success,0.0
T002353,2025-02-24,C0053,B006,IMPS,Mobile,2462.33,Success,2.46
T002354,2025-03-26,C0217,B006,UPI,ATM,590.02,Success,0.0
T002355,2025-10-10,C0138,B002,Card,Branch,1627.47,Success,0.0
T002356,2025-10-24,C0490,B008,UPI,Branch,3131.21,Success,0.0
T002357,2025-10-19,C0493,B008,IMPS,Mobile,3365.48,Success,3.37
T002358,2025-08-05,C0032,B007,Card,Web,4675.76,Success,0.0
T002359,2025-02-11,C0413,B004,Card,ATM,445.05,Success,0.0
T002360,2025-04-12,C0299,B002,UPI,Branch,1124.46,Success,0.0
T002361,2025-04-25,C0296,B002,ATM,Branch,4506.34,Success,4.51
T002362,2025-10-12,C0124,B008,UPI,ATM,497.83,Success,0.0
T002363,2025-03-22,C0032,B007,ATM,ATM,2472.33,Failed,0.0
T002364,2025-12-24,C0056,B004,NEFT,Branch,2507.64,Success,0.0
T002365,2025-10-04,C0093,B003,ATM,ATM,378.26,Success,0.0
T002366,2025-01-25,C0334,B005,UPI,Branch,19055.26,Success,19.06
T002367,2025-07-22,C0232,B006,NEFT,ATM,4094.87,Success,0.0
T002368,2025-10-29,C0106,B007,Card,Mobile,2609.92,Success,2.61
T002369,2025-10-07,C0259,B003,Card,Branch,3762.2,Success,0.0
T002370,2025-01-12,C0434,B006,UPI,Web,1870.19,Success,3.74
T002371,2025-01-24,C0305,B001,UPI,POS,3499.94,Success,0.0
T002372,2025-01-18,C0294,B005,Card,Web,761.55,Failed,0.0
T002373,2025-03-30,C0106,B007,UPI,ATM,609.66,Success,0.0
T002374,2025-01-31,C0177,B006,UPI,Mobile,3473.83,Success,0.0
T002375,2025-07-27,C0116,B004,Card,Web,269.38,Success,0.0
T002376,2025-03-25,C0449,B001,UPI,ATM,1775.92,Success,0.0
T002377,2025-10-03,C0289,B003,Branch Transfer,ATM,872.01,Failed,0.0
T002378,2025-05-19,C0386,B002,UPI,POS,10223.03,Success,20.45
T002379,2025-03-10,C0315,B006,Branch Transfer,Mobile,622.91,Success,0.0
T002380,2025-08-24,C0247,B007,UPI,Web,1139.05,Success,1.14
T002381,2025-05-18,C0305,B001,NEFT,POS,4712.2,Success,0.0
T002382,2025-04-03,C0068,B004,Card,Branch,576.23,Success,0.0
T002383,2025-08-05,C0066,B006,ATM,Branch,838.21,Success,1.68
T002384,2025-07-16,C0129,B006,UPI,Mobile,4750.98,Success,0.0
T002385,2025-10-20,C0003,B004,Card,Web,14371.74,Success,0.0
T002386,2025-02-01,C0139,B001,UPI,ATM,2154.95,Success,0.0
T002387,2025-06-12,C0006,B002,UPI,ATM,167.02,Success,0.0
T002388,2025-12-08,C0122,B002,ATM,Web,1561.71,Success,1.56
T002389,2025-08-27,C0134,B003,NEFT,Web,184.7,Success,0.0
T002390,2025-02-17,C0498,B004,Card,POS,122.16,Success,0.0
T002391,2025-02-26,C0406,B001,Card,Branch,705.62,Success,0.71
T002392,2025-07-15,C0325,B003,ATM,POS,769.42,Success,0.0
T002393,2025-10-13,C0302,B008,Card,ATM,1309.19,Success,1.31
T002394,2025-09-24,C0030,B008,UPI,Web,1521.57,Success,3.04
T002395,2025-10-05,C0425,B005,UPI,Web,7107.25,Success,7.11
T002396,2025-03-30,C0208,B002,UPI,Web,1514.06,Success,3.03
T002397,2025-06-06,C0186,B003,Branch Transfer,Mobile,8226.44,Success,0.0
T002398,2025-10-27,C0403,B008,Card,Mobile,1660.66,Success,0.0
T002399,2025-04-04,C0274,B005,Card,Branch,761.05,Failed,0.0
T002400,2025-10-10,C0089,B008,Card,Mobile,1815.41,Success,0.0
T002401,2025-03-28,C0436,B004,IMPS,Web,811.96,Success,1.62
T002402,2025-01-06,C0305,B001,IMPS,Mobile,2501.67,Success,2.5
T002403,2025-07-29,C0069,B003,Card,POS,132.45,Success,0.0
T002404,2025-08-09,C0185,B005,UPI,Mobile,1914.16,Success,0.0
T002405,2025-02-13,C0378,B008,Card,Web,234.74,Success,0.0
T002406,2025-06-02,C0083,B007,ATM,Web,2633.68,Success,5.27
T002407,2025-09-06,C0237,B004,NEFT,Mobile,964.31,Success,0.96
T002408,2025-08-12,C0243,B008,ATM,Mobile,1165.13,Success,0.0
T002409,2025-10-21,C0008,B007,UPI,Branch,1367.49,Success,1.37
T002410,2025-03-17,C0338,B001,ATM,Branch,2152.17,Success,0.0
T002411,2025-01-07,C0059,B005,NEFT,ATM,2914.08,Success,2.91
T002412,2025-04-13,C0071,B004,IMPS,Web,1138.18,Success,0.0
T002413,2025-04-02,C0236,B007,Card,Mobile,2308.93,Success,2.31
T002414,2025-12-21,C0217,B006,UPI,ATM,809.49,Success,0.0
T002415,2025-08-08,C0451,B002,ATM,Branch,1072.37,Success,2.14
T002416,2025-02-14,C0011,B005,ATM,Web,1443.86,Success,0.0
T002417,2025-03-28,C0022,B007,UPI,Branch,738.19,Success,0.0
T002418,2025-04-23,C0087,B006,UPI,POS,1230.56,Success,1.23
T002419,2025-08-18,C0131,B005,Card,Branch,1109.29,Success,0.0
T002420,2025-10-18,C0287,B006,UPI,Mobile,2187.27,Success,0.0
T002421,2025-01-07,C0335,B003,Branch Transfer,ATM,1483.6,Success,1.48
T002422,2025-02-16,C0090,B004,Card,Mobile,845.73,Success,0.0
T002423,2025-04-23,C0298,B006,Card,Mobile,326.94,Success,0.33
T002424,2025-04-24,C0151,B007,Card,Mobile,7624.5,Success,7.62
T002425,2025-07-12,C0203,B002,UPI,Branch,5037.56,Success,5.04
T002426,2025-12-14,C0068,B004,ATM,ATM,3084.7,Success,0.0
T002427,2025-06-02,C0338,B001,ATM,POS,478.55,Success,0.96
T002428,2025-01-31,C0018,B008,UPI,Mobile,1288.4,Success,0.0
T002429,2025-09-22,C0398,B006,UPI,Branch,349.58,Success,0.7
T002430,2025-05-29,C0011,B005,Branch Transfer,Mobile,573.2,Success,0.0
T002431,2025-12-28,C0117,B002,UPI,Mobile,738.85,Success,0.0
T002432,2025-09-05,C0203,B002,NEFT,POS,1980.36,Success,0.0
T002433,2025-03-11,C0478,B008,UPI,ATM,589.32,Success,1.18
T002434,2025-02-11,C0398,B006,NEFT,ATM,3459.45,Success,3.46
T002435,2025-09-15,C0112,B002,IMPS,Web,7169.59,Success,7.17
T002436,2025-08-01,C0294,B005,UPI,POS,2145.49,Success,4.29
T002437,2025-09-04,C0388,B004,Branch Transfer,POS,6092.82,Success,0.0
T002438,2025-03-13,C0071,B004,ATM,Branch,2109.94,Success,4.22
T002439,2025-12-25,C0392,B001,IMPS,Branch,1684.4,Success,0.0
T002440,2025-04-16,C0201,B004,UPI,Mobile,4310.79,Failed,0.0
T002441,2025-04-09,C0243,B008,Branch Transfer,Mobile,1749.83,Success,3.5
T002442,2025-10-18,C0345,B007,ATM,ATM,6308.16,Success,6.31
T002443,2025-04-15,C0495,B004,IMPS,POS,895.27,Success,0.0
T002444,2025-06-07,C0217,B006,NEFT,POS,378.01,Success,0.0
T002445,2025-12-18,C0275,B004,Branch Transfer,Mobile,2192.32,Success,4.38
T002446,2025-05-25,C0058,B005,Card,Branch,1774.04,Success,3.55
T002447,2025-01-02,C0098,B002,Card,ATM,4359.02,Success,8.72
T002448,2025-05-06,C0338,B001,ATM,Branch,7037.53,Success,0.0
T002449,2025-10-03,C0372,B005,UPI,ATM,1043.56,Success,1.04
T002450,2025-04-24,C0340,B002,NEFT,Mobile,695.38,Success,0.0
T002451,2025-11-30,C0195,B006,ATM,POS,7084.87,Success,0.0
T002452,2025-06-18,C0048,B005,UPI,Branch,1810.58,Success,0.0
T002453,2025-01-25,C0451,B002,UPI,Branch,1554.77,Success,0.0
T002454,2025-07-25,C0082,B005,UPI,POS,1895.61,Success,0.0
T002455,2025-01-16,C0168,B007,NEFT,Web,1527.18,Success,3.05
T002456,2025-11-28,C0329,B002,Card,POS,976.25,Success,0.98
T002457,2025-02-27,C0351,B003,IMPS,Branch,4326.46,Success,4.33
T002458,2025-03-09,C0201,B004,UPI,Web,1204.98,Success,1.2
T002459,2025-05-16,C0345,B007,UPI,ATM,127.28,Success,0.0
T002460,2025-09-25,C0172,B001,NEFT,ATM,13773.77,Success,0.0
T002461,2025-12-03,C0084,B001,ATM,Web,440.35,Success,0.0
T002462,2025-07-06,C0235,B006,UPI,Web,1810.74,Success,0.0
T002463,2025-07-12,C0313,B007,NEFT,Branch,1338.01,Success,0.0
T002464,2025-03-10,C0163,B004,ATM,Branch,3908.01,Success,0.0
T002465,2025-09-14,C0131,B005,IMPS,Mobile,9464.86,Success,0.0
T002466,2025-05-05,C0498,B004,ATM,POS,3199.38,Success,6.4
T002467,2025-03-02,C0076,B003,Card,ATM,2917.75,Success,5.84
T002468,2025-12-31,C0142,B007,Card,Mobile,703.85,Success,0.7
T002469,2025-07-26,C0196,B008,ATM,POS,2385.45,Success,0.0
T002470,2025-03-08,C0038,B003,Card,Web,251.29,Failed,0.0
T002471,2025-01-26,C0070,B003,Branch Transfer,POS,476.89,Success,0.48
T002472,2025-03-07,C0318,B005,UPI,POS,1269.48,Success,2.54
T002473,2025-04-01,C0209,B005,UPI,Web,747.42,Success,1.49
T002474,2025-11-05,C0302,B008,IMPS,Branch,2524.56,Success,5.05
T002475,2025-07-24,C0443,B001,Card,Branch,1309.72,Success,0.0
T002476,2025-06-04,C0007,B005,UPI,POS,890.32,Success,0.0
T002477,2025-05-07,C0417,B006,UPI,Mobile,497.91,Success,1.0
T002478,2025-03-06,C0080,B002,Card,Branch,1012.5,Failed,0.0
T002479,2025-07-24,C0477,B003,UPI,Web,3271.21,Success,0.0
T002480,2025-01-18,C0437,B008,ATM,Mobile,3675.02,Success,0.0
T002481,2025-09-22,C0105,B001,ATM,Branch,1467.49,Success,2.93
T002482,2025-01-17,C0068,B004,Card,ATM,1796.67,Success,1.8
T002483,2025-12-08,C0082,B005,Branch Transfer,Web,1940.31,Success,0.0
T002484,2025-10-19,C0016,B006,Branch Transfer,Mobile,6501.89,Failed,0.0
T002485,2025-05-14,C0319,B008,Card,Mobile,1874.63,Success,3.75
T002486,2025-07-09,C0333,B004,Card,Branch,1379.44,Success,0.0
T002487,2025-07-29,C0316,B008,Card,Web,5513.69,Success,5.51
T002488,2025-11-30,C0388,B004,Branch Transfer,ATM,4292.29,Success,0.0
T002489,2025-06-07,C0127,B008,Card,Web,679.84,Success,0.0
T002490,2025-12-05,C0247,B007,NEFT,Mobile,327.63,Success,0.0
T002491,2025-06-29,C0255,B004,UPI,Mobile,834.74,Success,0.0
T002492,2025-12-22,C0076,B003,UPI,POS,5297.39,Success,0.0
T002493,2025-09-22,C0102,B005,Card,ATM,968.71,Success,0.0
T002494,2025-08-18,C0434,B006,UPI,Branch,3457.88,Success,0.0
T002495,2025-10-01,C0384,B002,Card,Mobile,650.35,Failed,0.0
T002496,2025-08-29,C0355,B006,Card,ATM,368.39,Success,0.74
T002497,2025-09-05,C0046,B001,NEFT,Web,1636.65,Success,1.64
T002498,2025-05-11,C0498,B004,UPI,ATM,5011.31,Success,0.0
T002499,2025-10-06,C0178,B008,IMPS,ATM,11417.0,Success,11.42
T002500,2025-11-14,C0139,B001,Card,Mobile,829.57,Success,0.83
T002501,2025-09-09,C0332,B004,ATM,ATM,5994.2,Success,0.0
T002502,2025-06-09,C0458,B007,UPI,Web,4591.15,Success,9.18
T002503,2025-02-11,C0092,B008,ATM,Web,619.23,Success,0.0
T002504,2025-07-10,C0264,B004,Branch Transfer,Mobile,1678.46,Failed,0.0
T002505,2025-08-16,C0338,B001,Card,Mobile,374.24,Success,0.0
T002506,2025-07-15,C0498,B004,UPI,ATM,1131.17,Success,0.0
T002507,2025-08-02,C0370,B005,UPI,POS,4864.38,Success,9.73
T002508,2025-01-28,C0461,B007,IMPS,POS,4625.26,Success,9.25
T002509,2025-01-22,C0248,B006,Card,Web,166.96,Success,0.0
T002510,2025-02-17,C0041,B002,UPI,Mobile,3025.52,Success,0.0
T002511,2025-10-03,C0172,B001,UPI,Web,1106.85,Success,1.11
T002512,2025-12-03,C0096,B008,UPI,Web,1939.61,Success,1.94
T002513,2025-01-10,C0076,B003,UPI,ATM,2050.68,Success,2.05
T002514,2025-12-31,C0187,B007,UPI,Web,1323.07,Success,2.65
T002515,2025-11-24,C0471,B003,ATM,ATM,356.85,Success,0.71
T002516,2025-05-05,C0374,B006,Card,Web,771.38,Success,0.77
T002517,2025-07-28,C0447,B007,UPI,ATM,431.29,Success,0.0
T002518,2025-01-07,C0119,B008,UPI,ATM,690.51,Success,0.0
T002519,2025-10-12,C0249,B008,Branch Transfer,Branch,1526.2,Success,0.0
T002520,2025-01-22,C0122,B002,Card,POS,107.23,Success,0.0
T002521,2025-11-25,C0455,B002,UPI,POS,2021.34,Success,4.04
T002522,2025-01-06,C0062,B002,ATM,Mobile,2131.61,Failed,0.0
T002523,2025-05-02,C0413,B004,NEFT,Web,729.3,Success,0.0
T002524,2025-04-13,C0353,B005,IMPS,ATM,1327.54,Success,2.66
T002525,2025-02-27,C0119,B008,Card,ATM,1571.77,Success,1.57
T002526,2025-09-10,C0470,B003,Branch Transfer,Web,2150.57,Success,4.3
T002527,2025-06-13,C0023,B001,UPI,Web,1894.73,Success,0.0
T002528,2025-02-16,C0264,B004,UPI,POS,3735.09,Success,0.0
T002529,2025-05-26,C0109,B008,ATM,ATM,1102.94,Success,2.21
T002530,2025-03-05,C0077,B007,Card,Web,1462.03,Success,0.0
T002531,2025-07-29,C0497,B003,UPI,Branch,1262.06,Success,0.0
T002532,2025-06-01,C0006,B002,Card,Mobile,3999.67,Success,4.0
T002533,2025-04-11,C0068,B004,Card,ATM,5639.06,Success,0.0
T002534,2025-04-12,C0489,B007,NEFT,Branch,564.92,Success,0.0
T002535,2025-02-18,C0255,B004,UPI,Web,294.06,Success,0.0
T002536,2025-05-11,C0092,B008,UPI,ATM,437.47,Success,0.87
T002537,2025-12-30,C0029,B001,Card,Branch,302.37,Success,0.0
T002538,2025-01-28,C0299,B002,UPI,POS,1261.89,Success,2.52
T002539,2025-07-23,C0273,B002,Card,Web,2689.97,Success,5.38
T002540,2025-06-19,C0220,B002,Card,Branch,635.64,Success,1.27
T002541,2025-11-18,C0136,B002,NEFT,Mobile,1272.28,Success,1.27
T002542,2025-04-06,C0396,B006,Branch Transfer,POS,566.54,Success,0.0
T002543,2025-03-25,C0096,B008,UPI,POS,924.92,Success,0.0
T002544,2025-09-03,C0358,B006,UPI,Branch,2201.12,Failed,0.0
T002545,2025-05-13,C0149,B005,UPI,Branch,408.39,Success,0.41
T002546,2025-10-31,C0317,B003,NEFT,Web,706.59,Success,1.41
T002547,2025-10-01,C0115,B007,ATM,Mobile,1944.99,Success,0.0
T002548,2025-02-18,C0295,B007,UPI,ATM,1919.16,Success,3.84
T002549,2025-03-12,C0151,B007,UPI,Web,531.56,Success,1.06
T002550,2025-11-08,C0456,B006,UPI,ATM,2305.47,Success,0.0
T002551,2025-05-18,C0432,B006,NEFT,ATM,519.18,Success,0.52
T002552,2025-10-19,C0224,B004,NEFT,Mobile,1925.44,Failed,0.0
T002553,2025-01-02,C0016,B006,IMPS,Web,1146.35,Success,0.0
T002554,2025-08-10,C0397,B004,Branch Transfer,Branch,2330.43,Success,2.33
T002555,2025-04-22,C0240,B002,UPI,Branch,1935.05,Failed,0.0
T002556,2025-06-02,C0476,B003,IMPS,ATM,430.3,Success,0.86
T002557,2025-11-16,C0087,B006,Card,Branch,596.99,Success,0.0
T002558,2025-12-29,C0406,B001,UPI,ATM,439.55,Success,0.44
T002559,2025-03-27,C0260,B005,Card,Web,1190.82,Success,1.19
T002560,2025-01-21,C0008,B007,UPI,Branch,641.27,Success,0.0
T002561,2025-05-15,C0453,B002,Branch Transfer,POS,2559.42,Success,0.0
T002562,2025-11-27,C0249,B008,Card,ATM,1873.1,Success,3.75
T002563,2025-11-03,C0432,B006,IMPS,ATM,1496.39,Success,0.0
T002564,2025-05-25,C0008,B007,Card,ATM,2836.67,Success,2.84
T002565,2025-03-07,C0111,B001,UPI,Web,462.77,Success,0.0
T002566,2025-03-22,C0052,B001,IMPS,Mobile,14006.64,Success,0.0
T002567,2025-11-12,C0169,B005,UPI,Web,3872.69,Success,0.0
T002568,2025-08-19,C0351,B003,Card,Web,2443.01,Success,0.0
T002569,2025-07-23,C0175,B001,IMPS,POS,5952.44,Success,11.9
T002570,2025-03-14,C0270,B003,Branch Transfer,Mobile,464.77,Success,0.46
T002571,2025-12-03,C0169,B005,Card,ATM,1574.58,Success,0.0
T002572,2025-11-25,C0295,B007,Card,ATM,395.87,Success,0.79
T002573,2025-01-13,C0201,B004,IMPS,POS,874.36,Success,0.0
T002574,2025-07-18,C0397,B004,UPI,Branch,2215.36,Success,4.43
T002575,2025-04-14,C0079,B007,Card,Branch,1175.3,Success,0.0
T002576,2025-07-02,C0166,B005,Branch Transfer,ATM,5237.01,Success,0.0
T002577,2025-12-07,C0256,B003,Branch Transfer,Branch,4591.12,Success,0.0
T002578,2025-02-21,C0181,B006,Branch Transfer,Mobile,511.97,Success,0.0
T002579,2025-09-26,C0198,B007,Card,ATM,1788.42,Success,0.0
T002580,2025-01-30,C0350,B008,Card,Web,1180.77,Success,0.0
T002581,2025-05-12,C0457,B002,ATM,ATM,247.45,Success,0.25
T002582,2025-03-15,C0003,B004,ATM,Branch,3028.78,Success,6.06
T002583,2025-09-20,C0009,B006,IMPS,POS,210.6,Success,0.0
T002584,2025-05-18,C0153,B001,UPI,ATM,371.25,Success,0.0
T002585,2025-01-25,C0375,B004,Card,ATM,2492.48,Failed,0.0
T002586,2025-02-05,C0383,B005,UPI,POS,5325.06,Success,5.33
T002587,2025-10-22,C0249,B008,ATM,POS,625.68,Failed,0.0
T002588,2025-02-26,C0138,B002,UPI,Mobile,1140.94,Success,0.0
T002589,2025-04-15,C0238,B006,Card,Mobile,9572.58,Success,19.15
T002590,2025-06-14,C0294,B005,Card,ATM,2012.55,Success,0.0
T002591,2025-11-18,C0300,B006,IMPS,Web,1287.03,Success,0.0
T002592,2025-01-23,C0334,B005,ATM,ATM,5147.34,Success,0.0
T002593,2025-05-24,C0267,B003,NEFT,Mobile,4904.06,Success,0.0
T002594,2025-02-19,C0117,B002,Card,Branch,1223.54,Success,1.22
T002595,2025-11-09,C0186,B003,Card,POS,4678.94,Success,9.36
T002596,2025-03-08,C0387,B003,ATM,ATM,625.73,Success,1.25
T002597,2025-10-20,C0055,B002,Card,Mobile,226.93,Success,0.23
T002598,2025-11-26,C0378,B008,Card,Branch,1986.72,Success,0.0
T002599,2025-09-04,C0216,B007,UPI,Web,1527.1,Failed,0.0
T002600,2025-01-02,C0359,B008,Card,ATM,390.49,Success,0.0
T002601,2025-09-29,C0048,B005,Branch Transfer,ATM,2597.81,Success,0.0
T002602,2025-03-17,C0399,B004,ATM,Branch,1780.95,Success,0.0
T002603,2025-03-20,C0476,B003,UPI,Branch,1366.67,Success,0.0
T002604,2025-09-15,C0320,B008,Branch Transfer,Mobile,509.21,Success,0.0
T002605,2025-08-08,C0363,B007,UPI,Mobile,211.85,Success,0.21
T002606,2025-10-10,C0344,B008,UPI,Mobile,1332.28,Success,0.0
T002607,2025-08-16,C0322,B008,Card,POS,992.07,Success,1.98
T002608,2025-12-17,C0320,B008,UPI,POS,1335.0,Success,0.0
T002609,2025-06-14,C0034,B004,Card,Branch,242.38,Success,0.48
T002610,2025-07-27,C0086,B008,ATM,Web,753.45,Success,0.75
T002611,2025-01-12,C0269,B002,ATM,Web,1206.05,Success,0.0
T002612,2025-11-20,C0059,B005,IMPS,POS,2388.61,Success,0.0
T002613,2025-10-07,C0450,B008,UPI,POS,1794.76,Success,0.0
T002614,2025-03-10,C0393,B001,ATM,Mobile,360.08,Success,0.72
T002615,2025-03-02,C0448,B004,UPI,POS,1788.82,Success,3.58
T002616,2025-07-18,C0074,B005,Card,Branch,3532.42,Success,7.06
T002617,2025-06-05,C0339,B008,NEFT,Branch,1363.05,Success,0.0
T002618,2025-06-17,C0252,B002,Card,Web,6136.77,Success,0.0
T002619,2025-07-01,C0174,B006,NEFT,Web,290.86,Success,0.0
T002620,2025-12-03,C0431,B006,ATM,ATM,724.56,Success,0.0
T002621,2025-12-13,C0226,B006,Branch Transfer,POS,745.28,Success,1.49
T002622,2025-04-24,C0346,B006,Card,POS,2447.04,Success,0.0
T002623,2025-04-18,C0276,B001,UPI,ATM,3534.41,Success,0.0
T002624,2025-01-26,C0436,B004,UPI,POS,1652.94,Success,1.65
T002625,2025-02-08,C0309,B006,IMPS,Branch,1905.78,Success,3.81
T002626,2025-01-28,C0276,B001,ATM,ATM,270.48,Success,0.0
T002627,2025-09-20,C0219,B001,UPI,Web,1111.61,Success,0.0
T002628,2025-08-05,C0420,B007,IMPS,Web,1239.21,Success,1.24
T002629,2025-03-10,C0481,B008,NEFT,Mobile,1282.2,Success,0.0
T002630,2025-10-26,C0182,B003,Branch Transfer,Branch,676.73,Success,0.0
T002631,2025-02-23,C0120,B003,Card,Web,1672.78,Success,0.0
T002632,2025-04-27,C0421,B007,UPI,ATM,854.45,Failed,0.0
T002633,2025-10-09,C0036,B001,UPI,Mobile,3590.69,Success,3.59
T002634,2025-08-27,C0485,B006,Branch Transfer,Branch,278.04,Success,0.0
T002635,2025-03-04,C0091,B001,UPI,Branch,2105.98,Success,0.0
T002636,2025-11-09,C0138,B002,UPI,POS,455.08,Success,0.91
T002637,2025-11-27,C0037,B004,ATM,Branch,206.2,Success,0.21
T002638,2025-01-30,C0358,B006,IMPS,ATM,566.78,Success,0.57
T002639,2025-03-07,C0014,B004,Card,Web,2274.44,Success,0.0
T002640,2025-01-15,C0395,B004,ATM,POS,616.08,Success,0.0
T002641,2025-11-27,C0372,B005,Card,Branch,2291.71,Success,0.0
T002642,2025-08-20,C0194,B006,Card,Mobile,1948.89,Success,1.95
T002643,2025-03-13,C0001,B005,Branch Transfer,Web,196.49,Success,0.0
T002644,2025-12-15,C0069,B003,NEFT,Web,427.21,Success,0.0
T002645,2025-08-13,C0372,B005,Branch Transfer,Mobile,3450.92,Success,6.9
T002646,2025-08-31,C0049,B001,ATM,Branch,1981.19,Success,0.0
T002647,2025-05-21,C0062,B002,UPI,Mobile,1908.38,Success,0.0
T002648,2025-06-05,C0235,B006,ATM,Mobile,5100.76,Success,5.1
T002649,2025-10-09,C0057,B004,Card,POS,1450.36,Success,2.9
T002650,2025-07-02,C0401,B008,IMPS,POS,14820.44,Success,0.0
T002651,2025-03-22,C0389,B006,NEFT,Mobile,1418.16,Success,0.0
T002652,2025-11-08,C0153,B001,UPI,ATM,2769.17,Success,0.0
T002653,2025-05-28,C0400,B008,Branch Transfer,POS,584.35,Success,0.0
T002654,2025-10-02,C0467,B002,UPI,ATM,829.5,Success,0.0
T002655,2025-12-23,C0194,B006,UPI,ATM,2327.38,Success,0.0
T002656,2025-02-28,C0048,B005,UPI,ATM,3610.17,Success,7.22
T002657,2025-02-02,C0110,B002,UPI,Web,2331.89,Success,0.0
T002658,2025-09-11,C0226,B006,NEFT,ATM,1135.79,Success,2.27
T002659,2025-01-27,C0258,B008,UPI,Mobile,3376.7,Failed,0.0
T002660,2025-04-16,C0160,B008,Card,Mobile,695.01,Success,0.0
T002661,2025-01-08,C0484,B008,Card,Branch,1780.08,Success,3.56
T002662,2025-09-26,C0324,B003,UPI,Branch,889.31,Success,0.0
T002663,2025-10-08,C0329,B002,NEFT,ATM,7392.39,Success,0.0
T002664,2025-05-15,C0483,B003,UPI,Mobile,1241.2,Success,0.0
T002665,2025-06-17,C0346,B006,Branch Transfer,Web,618.72,Success,0.0
T002666,2025-07-26,C0014,B004,Card,POS,463.85,Success,0.93
T002667,2025-01-10,C0073,B004,UPI,Web,4327.43,Success,8.65
T002668,2025-03-11,C0066,B006,ATM,Web,139.12,Success,0.0
T002669,2025-07-10,C0025,B005,Card,Mobile,1986.33,Success,3.97
T002670,2025-02-08,C0436,B004,UPI,Mobile,504.53,Success,1.01
T002671,2025-04-27,C0099,B003,NEFT,Mobile,911.94,Failed,0.0
T002672,2025-04-20,C0408,B002,UPI,ATM,2529.53,Success,2.53
T002673,2025-03-06,C0171,B004,UPI,POS,602.85,Success,0.0
T002674,2025-08-08,C0227,B002,IMPS,ATM,385.18,Success,0.0
T002675,2025-01-28,C0090,B004,IMPS,Branch,1848.68,Success,1.85
T002676,2025-05-05,C0321,B004,UPI,Branch,2088.62,Success,4.18
T002677,2025-04-29,C0426,B002,Card,Mobile,5928.82,Success,11.86
T002678,2025-09-07,C0137,B008,IMPS,Mobile,1183.39,Success,2.37
T002679,2025-08-02,C0318,B005,Card,Web,409.75,Failed,0.0
T002680,2025-07-27,C0128,B004,ATM,Branch,2217.09,Success,0.0
T002681,2025-06-12,C0223,B007,NEFT,Web,785.96,Success,0.79
T002682,2025-11-21,C0391,B004,ATM,ATM,4795.69,Success,0.0
T002683,2025-12-29,C0104,B007,IMPS,ATM,119.7,Success,0.0
T002684,2025-02-11,C0244,B007,UPI,POS,1206.53,Success,0.0
T002685,2025-04-25,C0477,B003,UPI,POS,347.98,Success,0.0
T002686,2025-08-08,C0384,B002,UPI,Web,1857.92,Success,3.72
T002687,2025-10-17,C0152,B001,Card,Mobile,2753.05,Success,5.51
T002688,2025-02-19,C0213,B005,Card,Branch,455.34,Success,0.0
T002689,2025-01-15,C0046,B001,UPI,Branch,1471.04,Success,0.0
T002690,2025-03-27,C0354,B002,IMPS,Mobile,542.49,Success,1.08
T002691,2025-03-13,C0285,B004,Card,ATM,909.45,Success,0.0
T002692,2025-04-11,C0204,B002,Card,ATM,320.7,Success,0.0
T002693,2025-03-15,C0430,B004,IMPS,Web,778.64,Success,0.78
T002694,2025-04-08,C0470,B003,Card,ATM,1127.44,Success,2.25
T002695,2025-04-21,C0006,B002,Card,Web,1904.79,Success,0.0
T002696,2025-07-31,C0329,B002,IMPS,Branch,1115.54,Success,2.23
T002697,2025-12-11,C0232,B006,UPI,POS,2965.05,Success,0.0
T002698,2025-01-17,C0057,B004,UPI,Mobile,1178.42,Success,2.36
T002699,2025-07-25,C0059,B005,IMPS,Mobile,497.72,Success,0.0
T002700,2025-04-26,C0100,B008,UPI,ATM,5083.39,Success,0.0
T002701,2025-02-21,C0274,B005,UPI,Mobile,5057.83,Success,0.0
T002702,2025-02-06,C0489,B007,ATM,POS,1459.78,Success,0.0
T002703,2025-02-23,C0047,B008,Card,Mobile,4318.57,Success,0.0
T002704,2025-06-09,C0435,B003,NEFT,Branch,275.16,Success,0.28
T002705,2025-03-02,C0475,B007,Card,POS,1601.31,Failed,0.0
T002706,2025-01-21,C0309,B006,UPI,ATM,2761.2,Success,0.0
T002707,2025-05-14,C0284,B005,ATM,Mobile,599.86,Success,1.2
T002708,2025-10-30,C0249,B008,UPI,Mobile,4761.69,Success,4.76
T002709,2025-12-26,C0438,B008,ATM,POS,2602.37,Success,0.0
T002710,2025-06-08,C0350,B008,Branch Transfer,POS,789.2,Success,0.0
T002711,2025-12-02,C0285,B004,UPI,Branch,2180.44,Success,0.0
T002712,2025-12-23,C0479,B005,UPI,ATM,3775.35,Success,7.55
T002713,2025-07-14,C0252,B002,UPI,Mobile,1085.94,Success,0.0
T002714,2025-11-23,C0471,B003,Card,Mobile,1847.01,Failed,0.0
T002715,2025-10-23,C0401,B008,Branch Transfer,Mobile,304.29,Success,0.0
T002716,2025-12-30,C0039,B007,UPI,Branch,3719.41,Success,7.44
T002717,2025-12-05,C0495,B004,UPI,Web,285.69,Success,0.0
T002718,2025-03-31,C0166,B005,IMPS,ATM,1468.71,Success,0.0
T002719,2025-09-07,C0145,B003,IMPS,POS,2114.77,Success,4.23
T002720,2025-07-03,C0469,B004,Card,POS,2129.06,Failed,0.0
T002721,2025-01-30,C0114,B002,UPI,Web,2495.9,Success,2.5
T002722,2025-07-06,C0188,B008,IMPS,Branch,983.25,Failed,0.0
T002723,2025-02-14,C0327,B002,Card,ATM,1190.01,Success,1.19
T002724,2025-05-13,C0014,B004,Card,ATM,487.37,Failed,0.0
T002725,2025-04-24,C0057,B004,UPI,Branch,4505.56,Failed,0.0
T002726,2025-04-03,C0441,B004,UPI,Mobile,4066.02,Success,0.0
T002727,2025-11-23,C0002,B002,Branch Transfer,Mobile,1064.42,Success,0.0
T002728,2025-03-11,C0249,B008,Card,Mobile,355.76,Success,0.0
T002729,2025-12-04,C0180,B002,UPI,Web,524.88,Success,1.05
T002730,2025-01-07,C0146,B008,Card,POS,1020.82,Success,0.0
T002731,2025-11-01,C0303,B001,UPI,Web,3536.51,Success,0.0
T002732,2025-02-22,C0191,B006,IMPS,Web,4654.18,Success,0.0
T002733,2025-08-15,C0164,B002,Branch Transfer,Branch,295.4,Success,0.0
T002734,2025-03-02,C0149,B005,NEFT,POS,4758.09,Success,0.0
T002735,2025-08-26,C0389,B006,Card,Web,96.28,Failed,0.0
T002736,2025-02-09,C0155,B007,NEFT,ATM,3070.44,Success,0.0
T002737,2025-08-29,C0148,B004,Card,POS,3048.33,Success,0.0
T002738,2025-03-31,C0019,B005,UPI,Branch,1538.18,Success,0.0
T002739,2025-06-26,C0114,B002,Card,Web,10725.8,Failed,0.0
T002740,2025-10-13,C0238,B006,Card,Branch,683.69,Success,1.37
T002741,2025-05-03,C0129,B006,ATM,POS,998.02,Success,0.0
T002742,2025-06-26,C0166,B005,Branch Transfer,POS,4896.27,Success,0.0
T002743,2025-05-23,C0389,B006,UPI,POS,1668.75,Success,0.0
T002744,2025-10-06,C0312,B007,Card,Branch,682.8,Success,0.68
T002745,2025-04-30,C0124,B008,Card,ATM,735.59,Success,0.74
T002746,2025-08-16,C0074,B005,Card,POS,5205.93,Success,0.0
T002747,2025-10-10,C0461,B007,UPI,Branch,758.4,Success,0.0
T002748,2025-07-24,C0371,B008,NEFT,ATM,329.16,Success,0.0
T002749,2025-09-13,C0236,B007,ATM,Web,4633.09,Success,0.0
T002750,2025-05-09,C0462,B002,UPI,Web,2487.6,Success,0.0
T002751,2025-07-23,C0483,B003,NEFT,Mobile,946.99,Success,1.89
T002752,2025-03-31,C0197,B002,ATM,ATM,1762.11,Success,0.0
T002753,2025-02-01,C0232,B006,UPI,POS,2642.29,Success,0.0
T002754,2025-07-03,C0150,B005,UPI,POS,880.61,Success,0.0
T002755,2025-04-26,C0199,B005,UPI,POS,1991.62,Success,3.98
T002756,2025-08-15,C0047,B008,UPI,Mobile,884.45,Success,0.0
T002757,2025-02-14,C0155,B007,Card,Web,2016.03,Success,0.0
T002758,2025-04-01,C0303,B001,ATM,Branch,1146.83,Success,0.0
T002759,2025-03-06,C0114,B002,ATM,ATM,635.98,Success,0.0
T002760,2025-07-03,C0273,B002,UPI,Mobile,529.51,Success,0.0
T002761,2025-05-03,C0296,B002,NEFT,Mobile,404.09,Success,0.4
T002762,2025-02-01,C0310,B005,UPI,Branch,2012.52,Success,0.0
T002763,2025-07-12,C0051,B002,UPI,Branch,3790.46,Success,0.0
T002764,2025-09-21,C0033,B007,IMPS,POS,791.44,Success,0.79
T002765,2025-03-15,C0319,B008,UPI,Web,279.03,Success,0.0
T002766,2025-04-30,C0381,B002,UPI,Mobile,871.89,Success,1.74
T002767,2025-06-19,C0146,B008,Card,Mobile,1284.44,Success,0.0
T002768,2025-06-01,C0315,B006,Branch Transfer,Mobile,676.03,Success,0.0
T002769,2025-08-20,C0344,B008,Branch Transfer,ATM,1195.72,Success,0.0
T002770,2025-12-04,C0091,B001,Card,Web,4762.0,Success,9.52
T002771,2025-02-14,C0284,B005,ATM,POS,2404.94,Success,0.0
T002772,2025-03-21,C0031,B008,UPI,Branch,1364.32,Success,0.0
T002773,2025-09-02,C0323,B002,NEFT,Mobile,755.66,Success,0.76
T002774,2025-07-02,C0277,B003,Card,ATM,4590.12,Success,9.18
T002775,2025-04-23,C0213,B005,Branch Transfer,Web,544.5,Success,0.0
T002776,2025-01-21,C0012,B006,UPI,POS,3209.08,Success,0.0
T002777,2025-10-03,C0386,B002,Card,Web,21469.46,Success,0.0
T002778,2025-05-13,C0074,B005,Card,POS,2336.88,Success,2.34
T002779,2025-03-06,C0107,B007,Branch Transfer,POS,3794.85,Success,3.79
T002780,2025-12-16,C0104,B007,Card,Web,1106.51,Failed,0.0
T002781,2025-09-26,C0471,B003,UPI,Web,1990.19,Success,0.0
T002782,2025-08-08,C0359,B008,Card,ATM,557.24,Success,0.0
T002783,2025-03-15,C0033,B007,Card,ATM,5855.22,Success,5.86
T002784,2025-07-17,C0477,B003,NEFT,ATM,1283.61,Success,0.0
T002785,2025-10-23,C0417,B006,UPI,ATM,1143.46,Success,0.0
T002786,2025-07-31,C0003,B004,Card,Mobile,5939.41,Success,0.0
T002787,2025-12-11,C0074,B005,UPI,Branch,1269.33,Success,1.27
T002788,2025-11-02,C0092,B008,Branch Transfer,Web,5887.51,Success,11.78
T002789,2025-12-17,C0132,B003,ATM,Mobile,1781.85,Success,0.0
T002790,2025-03-17,C0096,B008,IMPS,ATM,733.62,Success,0.0
T002791,2025-06-26,C0467,B002,Branch Transfer,Mobile,3021.13,Success,0.0
T002792,2025-09-24,C0443,B001,UPI,POS,2423.24,Success,4.85
T002793,2025-02-17,C0069,B003,UPI,Web,2692.85,Failed,0.0
T002794,2025-05-05,C0397,B004,UPI,ATM,11955.34,Success,23.91
T002795,2025-02-02,C0163,B004,IMPS,Branch,1095.37,Success,0.0
T002796,2025-07-28,C0101,B001,NEFT,Branch,10278.62,Success,20.56
T002797,2025-01-03,C0103,B005,UPI,Web,11548.43,Success,0.0
T002798,2025-05-10,C0199,B005,IMPS,Web,3282.18,Failed,0.0
T002799,2025-08-20,C0217,B006,NEFT,Branch,1929.98,Success,3.86
T002800,2025-11-23,C0256,B003,UPI,Branch,617.81,Success,0.0
T002801,2025-11-03,C0449,B001,UPI,Mobile,1754.17,Success,3.51
T002802,2025-04-07,C0059,B005,UPI,Web,3578.35,Success,7.16
T002803,2025-01-26,C0192,B003,ATM,Mobile,991.04,Success,1.98
T002804,2025-01-25,C0277,B003,UPI,ATM,1609.5,Success,0.0
T002805,2025-11-23,C0131,B005,UPI,Branch,885.33,Success,0.89
T002806,2025-09-18,C0458,B007,UPI,ATM,10192.56,Success,0.0
T002807,2025-11-27,C0264,B004,UPI,Mobile,917.45,Success,0.0
T002808,2025-11-24,C0320,B008,UPI,Branch,6616.87,Success,0.0
T002809,2025-09-07,C0057,B004,ATM,Mobile,1320.28,Success,2.64
T002810,2025-08-25,C0080,B002,IMPS,Web,2327.81,Success,4.66
T002811,2025-12-26,C0248,B006,UPI,POS,492.82,Success,0.49
T002812,2025-02-27,C0217,B006,UPI,POS,2996.73,Success,0.0
T002813,2025-12-31,C0377,B004,Card,ATM,2069.08,Success,0.0
T002814,2025-01-15,C0443,B001,UPI,ATM,647.05,Success,1.29
T002815,2025-06-17,C0217,B006,Card,Web,570.99,Success,0.0
T002816,2025-12-02,C0297,B001,Card,Web,2528.0,Success,2.53
T002817,2025-08-28,C0049,B001,Branch Transfer,POS,2482.68,Success,0.0
T002818,2025-05-18,C0417,B006,Branch Transfer,Web,1163.75,Success,0.0
T002819,2025-03-19,C0004,B007,IMPS,Branch,1070.79,Success,0.0
T002820,2025-07-16,C0387,B003,Card,ATM,1983.73,Success,0.0
T002821,2025-12-30,C0416,B001,UPI,Branch,125.58,Success,0.0
T002822,2025-05-03,C0055,B002,UPI,Mobile,2249.9,Failed,0.0
T002823,2025-10-16,C0275,B004,Branch Transfer,Web,313.07,Success,0.63
T002824,2025-09-05,C0487,B007,IMPS,Mobile,764.71,Failed,0.0
T002825,2025-09-14,C0062,B002,UPI,Branch,537.98,Success,1.08
T002826,2025-01-01,C0102,B005,IMPS,Mobile,383.9,Success,0.0
T002827,2025-03-14,C0424,B007,IMPS,Web,924.45,Success,0.92
T002828,2025-12-14,C0455,B002,Branch Transfer,Branch,692.36,Success,0.69
T002829,2025-11-13,C0049,B001,ATM,Branch,1938.48,Success,3.88
T002830,2025-07-24,C0180,B002,Card,POS,1327.4,Success,1.33
T002831,2025-05-01,C0438,B008,UPI,Web,2021.26,Success,0.0
T002832,2025-07-14,C0346,B006,NEFT,Web,513.9,Success,0.0
T002833,2025-02-15,C0429,B004,Card,Branch,2671.63,Success,0.0
T002834,2025-07-05,C0011,B005,NEFT,ATM,1409.05,Success,0.0
T002835,2025-11-24,C0253,B007,Card,Branch,404.38,Success,0.0
T002836,2025-01-16,C0005,B007,Card,ATM,565.37,Success,0.0
T002837,2025-08-28,C0433,B008,Branch Transfer,Web,5065.58,Success,0.0
T002838,2025-05-28,C0164,B002,Card,Web,2620.87,Success,5.24
T002839,2025-05-26,C0056,B004,Card,POS,1404.07,Success,0.0
T002840,2025-07-31,C0474,B003,Branch Transfer,Mobile,1130.26,Success,0.0
T002841,2025-04-17,C0449,B001,UPI,POS,242.47,Success,0.0
T002842,2025-06-08,C0073,B004,Card,Branch,196.15,Success,0.0
T002843,2025-03-07,C0343,B002,UPI,Branch,11056.48,Success,22.11
T002844,2025-01-26,C0341,B008,UPI,POS,2341.59,Success,0.0
T002845,2025-10-14,C0013,B002,IMPS,Branch,173.27,Success,0.0
T002846,2025-11-30,C0489,B007,UPI,Branch,869.26,Success,0.0
T002847,2025-12-31,C0307,B008,IMPS,POS,3748.02,Success,7.5
T002848,2025-02-03,C0121,B008,Card,POS,1689.65,Success,0.0
T002849,2025-01-23,C0496,B007,UPI,Web,287.83,Failed,0.0
T002850,2025-12-16,C0320,B008,UPI,Branch,2281.02,Success,0.0
T002851,2025-08-06,C0214,B001,UPI,POS,3181.53,Success,0.0
T002852,2025-02-12,C0404,B001,UPI,POS,268.67,Success,0.0
T002853,2025-08-23,C0156,B006,ATM,Mobile,3659.49,Failed,0.0
T002854,2025-06-28,C0019,B005,NEFT,POS,2175.71,Success,2.18
T002855,2025-05-29,C0258,B008,Branch Transfer,Web,277.64,Success,0.0
T002856,2025-08-05,C0342,B006,NEFT,Mobile,1374.31,Success,0.0
T002857,2025-09-06,C0208,B002,Card,Web,2125.22,Success,2.13
T002858,2025-09-29,C0337,B005,Card,POS,5599.27,Success,11.2
T002859,2025-12-07,C0464,B001,NEFT,Branch,670.25,Success,0.67
T002860,2025-10-31,C0089,B008,UPI,Mobile,1179.24,Success,2.36
T002861,2025-12-25,C0292,B008,NEFT,ATM,1275.06,Failed,0.0
T002862,2025-04-06,C0087,B006,Card,Mobile,3120.0,Success,6.24
T002863,2025-05-30,C0238,B006,Card,ATM,773.26,Success,0.0
T002864,2025-11-15,C0175,B001,Card,Branch,1330.76,Failed,0.0
T002865,2025-06-01,C0195,B006,UPI,Mobile,620.88,Success,0.0
T002866,2025-12-30,C0471,B003,Branch Transfer,ATM,304.41,Success,0.3
T002867,2025-10-10,C0248,B006,Card,Branch,20698.82,Success,0.0
T002868,2025-02-17,C0180,B002,Card,POS,1112.29,Success,0.0
T002869,2025-01-21,C0220,B002,UPI,Web,4671.57,Success,9.34
T002870,2025-05-19,C0135,B001,Card,ATM,2436.48,Success,2.44
T002871,2025-08-26,C0328,B007,Branch Transfer,Web,2716.07,Success,5.43
T002872,2025-03-05,C0010,B004,UPI,Branch,3945.24,Success,7.89
T002873,2025-11-17,C0428,B004,UPI,Branch,601.78,Failed,0.0
T002874,2025-11-26,C0339,B008,NEFT,Branch,709.9,Success,0.0
T002875,2025-04-18,C0310,B005,ATM,Mobile,1869.68,Success,0.0
T002876,2025-09-13,C0401,B008,NEFT,Web,903.04,Success,0.9
T002877,2025-12-26,C0133,B005,ATM,ATM,1326.14,Failed,0.0
T002878,2025-12-24,C0013,B002,ATM,ATM,1421.18,Success,0.0
T002879,2025-12-06,C0201,B004,Branch Transfer,ATM,1008.25,Success,1.01
T002880,2025-07-14,C0026,B005,Card,ATM,1457.85,Success,0.0
T002881,2025-05-11,C0113,B006,UPI,POS,444.25,Success,0.89
T002882,2025-08-03,C0340,B002,Card,POS,3296.55,Success,0.0
T002883,2025-06-01,C0102,B005,Card,Branch,8992.8,Success,17.99
T002884,2025-03-23,C0323,B002,ATM,ATM,3061.3,Failed,0.0
T002885,2025-06-10,C0266,B003,UPI,POS,1331.29,Success,2.66
T002886,2025-05-05,C0149,B005,UPI,Web,4506.26,Success,9.01
T002887,2025-11-29,C0337,B005,UPI,Mobile,1101.72,Success,2.2
T002888,2025-01-13,C0183,B003,IMPS,POS,3077.3,Success,0.0
T002889,2025-09-30,C0090,B004,UPI,Web,1170.89,Success,1.17
T002890,2025-03-30,C0144,B002,Branch Transfer,Branch,9262.83,Success,9.26
T002891,2025-09-08,C0117,B002,Branch Transfer,Mobile,6264.39,Success,0.0
T002892,2025-10-15,C0124,B008,Branch Transfer,Mobile,1730.64,Success,0.0
T002893,2025-06-25,C0154,B001,UPI,Web,430.64,Success,0.0
T002894,2025-02-03,C0453,B002,UPI,Web,1361.01,Success,0.0
T002895,2025-09-09,C0385,B008,NEFT,Mobile,3470.23,Success,0.0
T002896,2025-05-03,C0073,B004,NEFT,ATM,1772.29,Success,1.77
T002897,2025-08-24,C0095,B008,ATM,ATM,510.73,Success,0.0
T002898,2025-12-21,C0057,B004,UPI,ATM,1094.88,Success,0.0
T002899,2025-06-25,C0150,B005,Branch Transfer,POS,271.84,Failed,0.0
T002900,2025-11-17,C0422,B005,UPI,ATM,891.54,Success,0.0
T002901,2025-07-03,C0425,B005,UPI,Web,4085.68,Success,4.09
T002902,2025-04-06,C0243,B008,Card,Branch,429.91,Success,0.0
T002903,2025-03-13,C0049,B001,ATM,Web,8085.94,Success,8.09
T002904,2025-08-06,C0390,B008,UPI,Branch,498.26,Success,0.5
T002905,2025-01-08,C0082,B005,Card,Branch,5372.9,Success,10.75
T002906,2025-01-11,C0124,B008,IMPS,Branch,449.38,Success,0.0
T002907,2025-09-10,C0382,B003,Branch Transfer,POS,1058.34,Success,2.12
T002908,2025-03-15,C0277,B003,Branch Transfer,Web,201.83,Success,0.2
T002909,2025-02-21,C0347,B008,Branch Transfer,ATM,1668.79,Failed,0.0
T002910,2025-06-26,C0258,B008,ATM,ATM,548.94,Success,0.0
T002911,2025-05-05,C0312,B007,Card,Web,290.81,Success,0.0
T002912,2025-05-07,C0055,B002,UPI,Web,1198.93,Success,1.2
T002913,2025-11-09,C0311,B008,UPI,ATM,2514.03,Success,0.0
T002914,2025-02-13,C0100,B008,Card,ATM,4051.73,Success,8.1
T002915,2025-02-13,C0116,B004,ATM,Branch,13470.44,Success,26.94
T002916,2025-03-02,C0248,B006,NEFT,Branch,344.7,Failed,0.0
T002917,2025-03-06,C0310,B005,Card,Web,3082.12,Success,3.08
T002918,2025-03-24,C0439,B008,Card,POS,2930.49,Success,0.0
T002919,2025-04-28,C0251,B003,ATM,Branch,1706.35,Success,0.0
T002920,2025-12-14,C0112,B002,Card,POS,2535.77,Success,0.0
T002921,2025-12-16,C0264,B004,Card,ATM,772.01,Success,0.0
T002922,2025-04-11,C0443,B001,UPI,Mobile,984.07,Success,0.0
T002923,2025-11-27,C0068,B004,Card,Mobile,2970.52,Success,5.94
T002924,2025-04-20,C0455,B002,IMPS,ATM,898.38,Success,1.8
T002925,2025-07-24,C0258,B008,Card,Mobile,1172.97,Success,0.0
T002926,2025-04-16,C0310,B005,UPI,POS,2660.86,Success,0.0
T002927,2025-03-16,C0365,B003,UPI,POS,1137.39,Success,0.0
T002928,2025-03-09,C0341,B008,Card,Mobile,969.84,Success,0.0
T002929,2025-06-08,C0280,B004,UPI,Mobile,2049.27,Success,0.0
T002930,2025-10-09,C0395,B004,IMPS,POS,2088.15,Success,2.09
T002931,2025-11-23,C0063,B006,Card,Branch,1278.49,Success,0.0
T002932,2025-07-14,C0126,B007,NEFT,Branch,1313.42,Success,1.31
T002933,2025-04-05,C0247,B007,UPI,Mobile,338.8,Success,0.34
T002934,2025-02-28,C0234,B005,Card,POS,792.93,Success,1.59
T002935,2025-02-23,C0165,B003,UPI,POS,1273.89,Success,0.0
T002936,2025-02-11,C0386,B002,NEFT,Branch,3089.61,Success,0.0
T002937,2025-08-30,C0311,B008,UPI,Web,1128.71,Success,2.26
T002938,2025-08-08,C0233,B004,Card,POS,654.12,Success,0.0
T002939,2025-08-01,C0257,B002,IMPS,Web,3237.58,Success,0.0
T002940,2025-07-25,C0380,B004,IMPS,ATM,597.28,Success,0.0
T002941,2025-09-11,C0187,B007,UPI,ATM,326.28,Success,0.33
T002942,2025-01-24,C0422,B005,UPI,Branch,205.05,Success,0.0
T002943,2025-02-05,C0493,B008,UPI,ATM,563.58,Success,0.0
T002944,2025-12-15,C0488,B002,UPI,Web,3632.49,Success,0.0
T002945,2025-12-10,C0321,B004,UPI,POS,490.83,Success,0.49
T002946,2025-08-04,C0378,B008,UPI,Branch,3957.59,Success,0.0
T002947,2025-07-13,C0161,B008,Card,Web,1950.17,Success,0.0
T002948,2025-10-10,C0194,B006,Card,Branch,909.12,Success,0.0
T002949,2025-04-27,C0374,B006,NEFT,Web,491.53,Failed,0.0
T002950,2025-12-28,C0400,B008,Branch Transfer,Branch,2381.36,Success,0.0
T002951,2025-11-03,C0169,B005,UPI,Web,3153.54,Success,3.15
T002952,2025-09-20,C0066,B006,UPI,Mobile,1377.56,Success,2.76
T002953,2025-12-23,C0229,B006,Card,ATM,5996.85,Success,6.0
T002954,2025-08-18,C0347,B008,Card,POS,16382.75,Success,0.0
T002955,2025-05-26,C0245,B004,Card,Mobile,1188.26,Success,0.0
T002956,2025-03-05,C0252,B002,UPI,ATM,1693.25,Success,1.69
T002957,2025-02-18,C0265,B001,Card,Mobile,1581.26,Failed,0.0
T002958,2025-02-09,C0222,B006,Card,ATM,3033.2,Failed,0.0
T002959,2025-05-05,C0209,B005,UPI,ATM,587.5,Success,0.59
T002960,2025-06-30,C0427,B007,Card,Web,1149.97,Success,1.15
T002961,2025-10-15,C0250,B007,Card,Branch,4133.28,Success,0.0
T002962,2025-03-27,C0272,B007,NEFT,Mobile,641.87,Success,0.64
T002963,2025-09-10,C0219,B001,UPI,Web,7820.74,Success,0.0
T002964,2025-03-03,C0216,B007,ATM,ATM,642.15,Success,0.0
T002965,2025-01-19,C0297,B001,IMPS,ATM,3160.19,Success,6.32
T002966,2025-06-01,C0384,B002,Card,Web,3848.75,Success,3.85
T002967,2025-11-03,C0349,B006,Branch Transfer,Web,2412.63,Success,0.0
T002968,2025-11-20,C0310,B005,UPI,ATM,2865.61,Success,0.0
T002969,2025-09-10,C0427,B007,ATM,POS,756.48,Success,0.0
T002970,2025-04-30,C0203,B002,Card,ATM,851.97,Success,1.7
T002971,2025-04-30,C0163,B004,UPI,Branch,635.65,Success,0.0
T002972,2025-07-24,C0307,B008,Card,Branch,9022.36,Success,18.04
T002973,2025-12-05,C0357,B008,UPI,Mobile,7026.26,Success,0.0
T002974,2025-11-09,C0288,B006,NEFT,ATM,793.81,Success,0.0
T002975,2025-02-17,C0334,B005,Card,Branch,1502.84,Success,3.01
T002976,2025-08-08,C0099,B003,Card,ATM,1417.64,Success,0.0
T002977,2025-01-06,C0500,B003,IMPS,ATM,786.52,Success,0.0
T002978,2025-12-19,C0049,B001,NEFT,Web,129.79,Success,0.0
T002979,2025-05-01,C0376,B005,Card,ATM,2990.14,Success,5.98
T002980,2025-12-09,C0080,B002,Branch Transfer,ATM,101.1,Success,0.2
T002981,2025-07-30,C0225,B008,Card,Branch,2683.91,Success,0.0
T002982,2025-01-05,C0141,B004,NEFT,POS,1711.76,Success,0.0
T002983,2025-11-14,C0277,B003,IMPS,ATM,5322.59,Success,0.0
T002984,2025-06-16,C0430,B004,Branch Transfer,Branch,3430.0,Success,0.0
T002985,2025-02-08,C0441,B004,NEFT,Web,2121.5,Success,0.0
T002986,2025-10-23,C0384,B002,Card,Branch,323.09,Success,0.32
T002987,2025-07-15,C0365,B003,Card,Web,3175.79,Success,0.0
T002988,2025-07-16,C0276,B001,UPI,Web,110.49,Success,0.22
T002989,2025-12-13,C0312,B007,UPI,ATM,1939.15,Success,0.0
T002990,2025-11-20,C0335,B003,ATM,Web,838.4,Success,1.68
T002991,2025-07-29,C0139,B001,UPI,Web,7425.95,Success,0.0
T002992,2025-04-17,C0132,B003,Card,POS,1606.12,Success,0.0
T002993,2025-07-05,C0223,B007,ATM,POS,705.69,Success,0.71
T002994,2025-03-10,C0484,B008,Card,POS,908.81,Success,0.0
T002995,2025-06-27,C0442,B008,UPI,POS,4060.27,Success,8.12
T002996,2025-11-08,C0192,B003,UPI,Web,7335.66,Success,0.0
T002997,2025-08-07,C0292,B008,ATM,Branch,925.08,Success,0.93
T002998,2025-01-23,C0169,B005,UPI,POS,354.47,Success,0.0
T002999,2025-10-29,C0409,B007,UPI,ATM,415.88,Success,0.0
T003000,2025-11-09,C0379,B003,NEFT,POS,2676.37,Success,2.68
T003001,2025-11-09,C0276,B001,Card,Branch,1306.66,Success,0.0
T003002,2025-01-27,C0300,B006,UPI,Web,711.24,Success,0.0
T003003,2025-09-26,C0409,B007,UPI,Mobile,501.05,Success,0.0
T003004,2025-06-23,C0335,B003,UPI,Branch,2913.38,Success,0.0
T003005,2025-12-06,C0252,B002,UPI,Web,2187.05,Success,0.0
T003006,2025-07-08,C0497,B003,NEFT,ATM,2262.01,Success,0.0
T003007,2025-01-09,C0166,B005,NEFT,Branch,3349.58,Success,0.0
T003008,2025-06-09,C0176,B005,UPI,POS,13678.12,Success,0.0
T003009,2025-02-06,C0223,B007,Card,Mobile,3445.94,Success,3.45
T003010,2025-01-18,C0154,B001,ATM,Branch,2235.72,Success,2.24
T003011,2025-03-30,C0382,B003,IMPS,Mobile,3710.93,Failed,0.0
T003012,2025-07-30,C0323,B002,IMPS,POS,438.15,Success,0.44
T003013,2025-01-27,C0445,B007,NEFT,Mobile,508.01,Success,0.0
T003014,2025-02-10,C0395,B004,ATM,Mobile,377.95,Success,0.0
T003015,2025-11-09,C0496,B007,NEFT,Mobile,2866.21,Success,2.87
T003016,2025-04-21,C0457,B002,Card,Web,1269.23,Success,1.27
T003017,2025-06-05,C0130,B006,NEFT,Branch,435.56,Success,0.87
T003018,2025-05-06,C0383,B005,UPI,ATM,1800.84,Success,0.0
T003019,2025-12-14,C0226,B006,Card,Web,1150.0,Success,1.15
T003020,2025-03-05,C0430,B004,ATM,Web,115.67,Success,0.12
T003021,2025-07-31,C0346,B006,ATM,Mobile,50.45,Success,0.0
T003022,2025-11-11,C0261,B002,Branch Transfer,ATM,3361.24,Success,3.36
T003023,2025-09-11,C0402,B003,Branch Transfer,ATM,7267.5,Success,0.0
T003024,2025-09-15,C0430,B004,IMPS,ATM,566.43,Success,0.57
T003025,2025-01-15,C0450,B008,Branch Transfer,Branch,3752.47,Success,7.5
T003026,2025-01-13,C0145,B003,UPI,Branch,1388.05,Success,2.78
T003027,2025-04-13,C0180,B002,UPI,POS,5502.36,Success,11.0
T003028,2025-01-17,C0030,B008,NEFT,POS,11031.19,Success,0.0
T003029,2025-05-04,C0077,B007,IMPS,Branch,2646.39,Success,0.0
T003030,2025-05-06,C0188,B008,UPI,Branch,745.59,Success,0.75
T003031,2025-11-20,C0017,B006,NEFT,Mobile,993.63,Success,0.0
T003032,2025-05-06,C0031,B008,ATM,Mobile,2672.79,Success,2.67
T003033,2025-11-04,C0041,B002,NEFT,Mobile,2182.7,Success,0.0
T003034,2025-10-08,C0045,B003,UPI,ATM,5615.3,Success,5.62
T003035,2025-08-07,C0206,B002,UPI,POS,3119.89,Success,0.0
T003036,2025-11-28,C0330,B003,Card,POS,6108.71,Success,6.11
T003037,2025-03-17,C0454,B001,IMPS,ATM,393.68,Success,0.39
T003038,2025-10-28,C0308,B007,Card,Web,1669.72,Success,0.0
T003039,2025-04-29,C0355,B006,UPI,Mobile,231.79,Success,0.0
T003040,2025-05-23,C0162,B003,ATM,Mobile,3365.24,Success,0.0
T003041,2025-01-29,C0130,B006,Card,ATM,867.98,Success,0.0
T003042,2025-06-07,C0249,B008,Card,Branch,554.92,Success,0.0
T003043,2025-09-14,C0376,B005,UPI,Mobile,824.91,Success,0.0
T003044,2025-06-17,C0097,B005,NEFT,Web,189.02,Success,0.19
T003045,2025-07-02,C0430,B004,Branch Transfer,Branch,1907.3,Success,1.91
T003046,2025-09-12,C0159,B005,Card,Mobile,663.32,Success,0.0
T003047,2025-07-01,C0073,B004,Card,POS,1578.53,Success,3.16
T003048,2025-10-03,C0398,B006,Card,ATM,775.22,Success,0.0
T003049,2025-11-15,C0449,B001,ATM,Web,246.05,Success,0.0
T003050,2025-10-11,C0498,B004,Branch Transfer,Branch,325.84,Success,0.0
T003051,2025-06-26,C0236,B007,IMPS,Mobile,447.44,Failed,0.0
T003052,2025-04-23,C0301,B008,UPI,Mobile,4233.7,Success,0.0
T003053,2025-09-30,C0101,B001,UPI,Web,753.94,Success,1.51
T003054,2025-03-22,C0160,B008,UPI,Mobile,1987.84,Success,0.0
T003055,2025-10-28,C0431,B006,IMPS,Mobile,809.76,Success,0.0
T003056,2025-07-25,C0152,B001,UPI,Web,777.62,Success,0.0
T003057,2025-01-28,C0435,B003,Branch Transfer,ATM,1074.89,Success,0.0
T003058,2025-08-19,C0006,B002,Card,ATM,8619.73,Success,8.62
T003059,2025-10-09,C0315,B006,UPI,Web,2910.34,Success,2.91
T003060,2025-06-06,C0384,B002,UPI,Web,67147.34,Success,0.0
T003061,2025-11-11,C0209,B005,ATM,Mobile,1910.43,Success,0.0
T003062,2025-11-13,C0479,B005,Branch Transfer,Web,868.25,Success,1.74
T003063,2025-12-07,C0082,B005,UPI,POS,2663.23,Success,2.66
T003064,2025-03-06,C0474,B003,UPI,POS,747.51,Success,0.75
T003065,2025-07-15,C0292,B008,Branch Transfer,Mobile,589.96,Success,0.0
T003066,2025-06-26,C0006,B002,Card,Branch,2324.48,Success,4.65
T003067,2025-12-27,C0026,B005,UPI,ATM,2356.02,Success,4.71
T003068,2025-09-10,C0316,B008,IMPS,Web,878.57,Success,0.0
T003069,2025-06-29,C0313,B007,UPI,POS,84.45,Success,0.0
T003070,2025-11-25,C0453,B002,UPI,ATM,5318.44,Success,0.0
T003071,2025-01-15,C0283,B002,UPI,POS,1778.93,Success,3.56
T003072,2025-06-19,C0259,B003,Card,ATM,4326.94,Success,4.33
T003073,2025-07-01,C0322,B008,Card,POS,406.57,Success,0.81
T003074,2025-07-15,C0227,B002,UPI,Mobile,4633.24,Success,4.63
T003075,2025-11-28,C0214,B001,UPI,POS,632.07,Success,0.63
T003076,2025-12-07,C0142,B007,IMPS,ATM,1694.08,Success,0.0
T003077,2025-05-12,C0063,B006,ATM,POS,1769.58,Success,0.0
T003078,2025-10-19,C0087,B006,UPI,ATM,445.91,Success,0.0
T003079,2025-06-07,C0120,B003,Card,Branch,1907.34,Success,1.91
T003080,2025-11-24,C0111,B001,UPI,Branch,2224.39,Success,2.22
T003081,2025-10-12,C0005,B007,UPI,Branch,1536.74,Success,3.07
T003082,2025-06-19,C0428,B004,Card,Web,2915.82,Success,5.83
T003083,2025-03-23,C0447,B007,Card,POS,427.99,Success,0.0
T003084,2025-03-20,C0112,B002,UPI,Branch,611.34,Success,0.0
T003085,2025-06-02,C0275,B004,NEFT,POS,4470.2,Success,4.47
T003086,2025-11-09,C0010,B004,Branch Transfer,ATM,217.9,Success,0.0
T003087,2025-06-16,C0295,B007,ATM,Mobile,1407.59,Success,0.0
T003088,2025-09-02,C0481,B008,UPI,POS,422.75,Success,0.0
T003089,2025-11-15,C0359,B008,Card,ATM,1666.35,Success,0.0
T003090,2025-09-27,C0498,B004,Card,POS,1235.05,Success,0.0
T003091,2025-09-10,C0317,B003,Card,Mobile,1004.61,Success,0.0
T003092,2025-07-03,C0393,B001,IMPS,POS,560.15,Success,0.56
T003093,2025-08-07,C0307,B008,UPI,Branch,883.76,Success,0.0
T003094,2025-04-09,C0402,B003,ATM,Web,2149.39,Success,0.0
T003095,2025-09-26,C0065,B002,UPI,Web,1956.62,Success,3.91
T003096,2025-07-15,C0246,B002,Card,POS,3327.02,Success,0.0
T003097,2025-01-18,C0498,B004,UPI,Mobile,2770.98,Success,0.0
T003098,2025-06-20,C0430,B004,ATM,Branch,1288.34,Success,2.58
T003099,2025-09-06,C0205,B006,UPI,ATM,1035.06,Success,0.0
T003100,2025-10-27,C0126,B007,UPI,Branch,918.67,Success,0.0
T003101,2025-12-25,C0325,B003,UPI,ATM,274.9,Success,0.27
T003102,2025-10-21,C0320,B008,UPI,Branch,1810.15,Success,0.0
T003103,2025-11-17,C0228,B006,Branch Transfer,Mobile,449.54,Success,0.0
T003104,2025-07-02,C0451,B002,Branch Transfer,POS,18824.9,Success,0.0
T003105,2025-01-11,C0126,B007,NEFT,Web,788.22,Success,0.0
T003106,2025-04-04,C0198,B007,Card,ATM,430.93,Success,0.86
T003107,2025-07-22,C0148,B004,UPI,ATM,2368.81,Success,2.37
T003108,2025-12-08,C0043,B003,IMPS,Mobile,1899.56,Success,3.8
T003109,2025-09-05,C0234,B005,Card,Mobile,261.95,Success,0.0
T003110,2025-06-07,C0407,B007,NEFT,POS,718.12,Success,0.0
T003111,2025-04-02,C0278,B001,Card,POS,2192.44,Success,0.0
T003112,2025-05-20,C0244,B007,Card,Branch,1234.76,Success,0.0
T003113,2025-07-05,C0010,B004,UPI,ATM,2501.46,Success,0.0
T003114,2025-08-10,C0114,B002,Card,Web,1998.88,Success,4.0
T003115,2025-03-14,C0487,B007,IMPS,Branch,3200.49,Success,0.0
T003116,2025-12-22,C0208,B002,UPI,Branch,3856.25,Success,3.86
T003117,2025-01-27,C0064,B008,NEFT,POS,2339.54,Success,0.0
T003118,2025-05-15,C0493,B008,UPI,ATM,614.33,Success,0.0
T003119,2025-09-14,C0240,B002,UPI,ATM,860.86,Success,0.86
T003120,2025-07-21,C0049,B001,Card,Web,4143.49,Success,0.0
T003121,2025-03-16,C0122,B002,Card,ATM,5069.19,Success,10.14
T003122,2025-11-03,C0249,B008,UPI,Branch,1107.02,Success,1.11
T003123,2025-03-21,C0023,B001,IMPS,Web,476.91,Success,0.48
T003124,2025-04-20,C0123,B007,IMPS,Mobile,973.09,Failed,0.0
T003125,2025-09-10,C0131,B005,NEFT,ATM,1342.48,Success,0.0
T003126,2025-10-12,C0064,B008,UPI,Branch,925.55,Success,0.0
T003127,2025-05-26,C0481,B008,Card,Mobile,1364.19,Success,0.0
T003128,2025-08-24,C0040,B006,UPI,Branch,3621.53,Success,0.0
T003129,2025-01-19,C0384,B002,Branch Transfer,Branch,1066.81,Success,0.0
T003130,2025-08-10,C0279,B005,IMPS,Branch,458.3,Success,0.0
T003131,2025-12-27,C0463,B003,UPI,POS,2903.24,Success,0.0
T003132,2025-10-27,C0395,B004,Card,Branch,1182.51,Failed,0.0
T003133,2025-05-03,C0250,B007,Card,Mobile,2352.02,Success,2.35
T003134,2025-01-30,C0251,B003,Card,Web,378.29,Success,0.0
T003135,2025-06-26,C0119,B008,ATM,Mobile,4537.54,Success,0.0
T003136,2025-08-28,C0310,B005,Branch Transfer,Web,778.49,Success,1.56
T003137,2025-07-27,C0222,B006,ATM,Branch,4259.87,Success,8.52
T003138,2025-02-02,C0227,B002,Branch Transfer,Mobile,156.9,Failed,0.0
T003139,2025-01-27,C0341,B008,Branch Transfer,ATM,2177.24,Success,2.18
T003140,2025-03-20,C0288,B006,Card,Branch,3081.4,Failed,0.0
T003141,2025-08-30,C0122,B002,ATM,Branch,2695.44,Success,5.39
T003142,2025-10-26,C0220,B002,UPI,Web,7508.3,Failed,0.0
T003143,2025-05-16,C0039,B007,NEFT,POS,2619.0,Success,2.62
T003144,2025-03-17,C0291,B004,ATM,ATM,699.32,Success,0.0
T003145,2025-07-10,C0194,B006,IMPS,Mobile,258.26,Success,0.0
T003146,2025-09-24,C0057,B004,UPI,Mobile,4021.68,Success,0.0
T003147,2025-07-15,C0110,B002,Branch Transfer,Mobile,2154.34,Success,4.31
T003148,2025-10-31,C0354,B002,UPI,POS,11905.86,Success,0.0
T003149,2025-05-24,C0399,B004,ATM,Mobile,4097.74,Success,0.0
T003150,2025-02-08,C0485,B006,UPI,Mobile,1552.41,Success,0.0
T003151,2025-04-05,C0057,B004,Card,POS,3319.73,Success,0.0
T003152,2025-07-22,C0247,B007,Branch Transfer,Branch,1334.35,Success,0.0
T003153,2025-12-07,C0339,B008,Card,Web,339.85,Success,0.34
T003154,2025-11-06,C0380,B004,Card,Branch,1361.81,Success,0.0
T003155,2025-02-18,C0095,B008,Card,POS,262.46,Success,0.26
T003156,2025-12-03,C0026,B005,UPI,Web,1494.06,Success,0.0
T003157,2025-06-02,C0199,B005,NEFT,Mobile,2930.15,Success,0.0
T003158,2025-11-10,C0302,B008,UPI,ATM,2234.66,Success,2.23
T003159,2025-10-19,C0408,B002,UPI,Web,2167.78,Success,0.0
T003160,2025-03-08,C0153,B001,UPI,Branch,2026.08,Failed,0.0
T003161,2025-01-28,C0350,B008,UPI,Web,1655.37,Success,3.31
T003162,2025-07-20,C0297,B001,Card,Web,554.71,Success,1.11
T003163,2025-07-23,C0327,B002,IMPS,Web,3075.8,Success,0.0
T003164,2025-02-27,C0090,B004,Card,Branch,7762.1,Success,15.52
T003165,2025-05-22,C0188,B008,Card,POS,1847.58,Failed,0.0
T003166,2025-09-15,C0119,B008,ATM,Branch,1084.61,Success,0.0
T003167,2025-06-23,C0160,B008,Branch Transfer,Mobile,1131.29,Success,0.0
T003168,2025-03-25,C0014,B004,IMPS,Mobile,2528.8,Success,0.0
T003169,2025-06-19,C0293,B001,Card,Mobile,9481.48,Success,18.96
T003170,2025-04-23,C0478,B008,UPI,Mobile,4519.59,Success,4.52
T003171,2025-09-06,C0439,B008,NEFT,POS,660.81,Success,0.0
T003172,2025-02-07,C0156,B006,UPI,POS,989.36,Success,1.98
T003173,2025-04-17,C0165,B003,UPI,Branch,1134.82,Success,1.13
T003174,2025-08-26,C0235,B006,ATM,ATM,1316.01,Success,0.0
T003175,2025-12-02,C0167,B003,ATM,Branch,1198.35,Success,0.0
T003176,2025-05-02,C0390,B008,UPI,ATM,781.1,Success,0.78
T003177,2025-09-13,C0468,B005,ATM,ATM,3019.83,Success,6.04
T003178,2025-08-13,C0359,B008,IMPS,Branch,854.53,Success,0.0
T003179,2025-06-24,C0011,B005,ATM,POS,4315.13,Success,0.0
T003180,2025-06-03,C0368,B008,ATM,POS,1251.36,Success,1.25
T003181,2025-07-20,C0243,B008,UPI,ATM,1310.51,Success,1.31
T003182,2025-03-18,C0237,B004,Card,Web,2662.38,Success,5.32
T003183,2025-09-17,C0152,B001,UPI,Branch,4249.74,Success,0.0
T003184,2025-06-28,C0271,B007,IMPS,Web,336.78,Success,0.67
T003185,2025-11-29,C0473,B004,IMPS,POS,1208.87,Success,1.21
T003186,2025-01-18,C0244,B007,NEFT,Web,4884.47,Success,0.0
T003187,2025-10-17,C0292,B008,ATM,Web,1143.91,Success,2.29
T003188,2025-08-16,C0451,B002,UPI,POS,1286.8,Success,0.0
T003189,2025-08-03,C0306,B007,UPI,ATM,1968.29,Success,0.0
T003190,2025-03-25,C0104,B007,UPI,Web,6089.52,Success,0.0
T003191,2025-10-29,C0316,B008,Branch Transfer,Branch,746.53,Success,0.0
T003192,2025-05-13,C0290,B005,IMPS,POS,2580.57,Success,2.58
T003193,2025-07-20,C0451,B002,UPI,Web,609.19,Success,0.0
T003194,2025-01-25,C0247,B007,UPI,Web,1692.63,Success,0.0
T003195,2025-03-01,C0055,B002,Branch Transfer,ATM,3867.82,Success,0.0
T003196,2025-07-05,C0086,B008,Card,Web,1013.96,Success,0.0
T003197,2025-08-16,C0499,B004,Card,POS,463.72,Success,0.46
T003198,2025-11-23,C0272,B007,Branch Transfer,POS,1600.77,Success,0.0
T003199,2025-03-08,C0487,B007,UPI,POS,929.46,Success,0.0
T003200,2025-06-16,C0497,B003,Card,Branch,2706.66,Success,5.41
T003201,2025-09-23,C0082,B005,Card,ATM,9549.44,Success,0.0
T003202,2025-07-05,C0291,B004,IMPS,Mobile,1294.23,Success,0.0
T003203,2025-01-05,C0219,B001,UPI,Mobile,3922.86,Success,3.92
T003204,2025-06-15,C0010,B004,UPI,Web,280.39,Success,0.0
T003205,2025-01-11,C0481,B008,UPI,Branch,206.33,Success,0.0
T003206,2025-06-02,C0185,B005,Card,Web,771.8,Success,1.54
T003207,2025-12-23,C0338,B001,UPI,ATM,3514.82,Success,3.51
T003208,2025-01-10,C0333,B004,IMPS,ATM,975.43,Success,0.98
T003209,2025-03-29,C0142,B007,ATM,ATM,280.56,Success,0.56
T003210,2025-10-05,C0150,B005,Branch Transfer,POS,2851.01,Success,0.0
T003211,2025-09-10,C0488,B002,UPI,Branch,538.46,Success,0.0
T003212,2025-02-15,C0026,B005,ATM,POS,744.85,Success,0.0
T003213,2025-09-14,C0176,B005,IMPS,Mobile,2174.38,Success,0.0
T003214,2025-08-10,C0290,B005,Card,POS,1995.66,Success,0.0
T003215,2025-01-24,C0067,B001,UPI,Web,1877.22,Success,0.0
T003216,2025-12-27,C0117,B002,UPI,Web,2998.5,Success,6.0
T003217,2025-09-02,C0387,B003,Card,ATM,1515.19,Success,3.03
T003218,2025-06-15,C0469,B004,ATM,Web,6396.89,Success,12.79
T003219,2025-01-10,C0499,B004,Branch Transfer,ATM,1056.2,Success,0.0
T003220,2025-04-04,C0469,B004,UPI,Mobile,1752.57,Success,3.51
T003221,2025-10-07,C0265,B001,UPI,Branch,515.85,Success,0.52
T003222,2025-11-27,C0121,B008,Card,ATM,3846.04,Success,0.0
T003223,2025-11-22,C0098,B002,UPI,POS,2076.36,Success,2.08
T003224,2025-03-26,C0254,B003,NEFT,ATM,3970.74,Success,3.97
T003225,2025-09-23,C0115,B007,ATM,Mobile,6861.93,Success,13.72
T003226,2025-04-26,C0391,B004,UPI,Branch,1570.8,Success,0.0
T003227,2025-08-03,C0298,B006,Branch Transfer,POS,3221.87,Success,0.0
T003228,2025-08-03,C0034,B004,NEFT,Branch,1399.56,Success,0.0
T003229,2025-12-22,C0196,B008,IMPS,Web,2177.7,Success,4.36
T003230,2025-01-17,C0473,B004,UPI,ATM,2776.09,Success,0.0
T003231,2025-11-19,C0473,B004,Branch Transfer,Mobile,668.03,Failed,0.0
T003232,2025-08-24,C0386,B002,UPI,ATM,671.3,Success,0.67
T003233,2025-10-20,C0216,B007,Branch Transfer,Web,536.6,Success,0.0
T003234,2025-11-09,C0169,B005,Card,POS,3093.13,Success,0.0
T003235,2025-11-23,C0276,B001,UPI,Branch,12279.45,Success,24.56
T003236,2025-08-01,C0351,B003,Branch Transfer,Web,1392.28,Success,0.0
T003237,2025-11-01,C0442,B008,UPI,Branch,545.11,Success,0.0
T003238,2025-05-01,C0374,B006,Card,Branch,365.13,Success,0.0
T003239,2025-08-21,C0154,B001,Card,POS,8620.03,Success,8.62
T003240,2025-05-08,C0251,B003,ATM,ATM,2483.47,Success,0.0
T003241,2025-11-25,C0091,B001,UPI,Branch,1057.53,Success,0.0
T003242,2025-07-06,C0227,B002,ATM,Web,584.65,Success,0.0
T003243,2025-10-22,C0351,B003,Card,Web,440.56,Success,0.88
T003244,2025-12-19,C0406,B001,UPI,Web,1559.22,Success,1.56
T003245,2025-09-19,C0128,B004,UPI,Mobile,1416.38,Success,0.0
T003246,2025-04-28,C0093,B003,Card,ATM,643.9,Success,0.64
T003247,2025-11-21,C0012,B006,Card,Web,695.43,Success,0.0
T003248,2025-06-27,C0118,B007,UPI,ATM,4858.78,Success,0.0
T003249,2025-01-15,C0050,B003,Card,ATM,173.96,Success,0.35
T003250,2025-12-24,C0325,B003,UPI,Branch,7928.04,Failed,0.0
T003251,2025-02-06,C0157,B003,UPI,Web,2057.47,Success,0.0
T003252,2025-04-30,C0165,B003,Card,ATM,2446.07,Success,0.0
T003253,2025-01-11,C0463,B003,UPI,Mobile,6898.58,Success,0.0
T003254,2025-08-29,C0316,B008,UPI,Mobile,15137.49,Success,15.14
T003255,2025-07-20,C0458,B007,Card,Mobile,1920.49,Success,0.0
T003256,2025-08-09,C0431,B006,UPI,ATM,548.51,Success,1.1
T003257,2025-08-10,C0457,B002,UPI,POS,622.56,Success,0.62
T003258,2025-07-03,C0415,B001,NEFT,Web,1155.89,Success,0.0
T003259,2025-04-21,C0352,B001,NEFT,Mobile,321.39,Success,0.64
T003260,2025-01-23,C0056,B004,UPI,Web,328.81,Success,0.0
T003261,2025-03-18,C0308,B007,Card,Web,1550.3,Success,3.1
T003262,2025-05-24,C0020,B003,IMPS,POS,10684.6,Success,0.0
T003263,2025-02-28,C0268,B006,Card,POS,1553.8,Success,0.0
T003264,2025-12-17,C0419,B001,Card,Mobile,1056.12,Failed,0.0
T003265,2025-10-30,C0339,B008,Card,Mobile,1594.27,Success,3.19
T003266,2025-09-03,C0007,B005,Branch Transfer,Mobile,2290.16,Success,4.58
T003267,2025-12-09,C0345,B007,Branch Transfer,ATM,967.55,Success,0.0
T003268,2025-05-25,C0216,B007,UPI,POS,1634.55,Success,0.0
T003269,2025-01-26,C0114,B002,IMPS,ATM,1615.29,Success,3.23
T003270,2025-11-25,C0053,B006,UPI,Branch,577.35,Success,0.58
T003271,2025-10-16,C0135,B001,UPI,ATM,1168.56,Success,1.17
T003272,2025-10-15,C0036,B001,UPI,Branch,1456.27,Success,0.0
T003273,2025-06-29,C0024,B002,NEFT,POS,719.61,Success,0.0
T003274,2025-11-17,C0025,B005,NEFT,Web,309.86,Success,0.0
T003275,2025-08-29,C0123,B007,IMPS,Branch,1421.57,Success,0.0
T003276,2025-12-19,C0254,B003,Card,Web,2844.18,Success,2.84
T003277,2025-02-22,C0007,B005,UPI,ATM,2055.23,Success,0.0
T003278,2025-01-13,C0165,B003,NEFT,Branch,5635.47,Success,11.27
T003279,2025-11-20,C0206,B002,Card,Branch,1583.16,Success,0.0
T003280,2025-01-07,C0110,B002,UPI,Mobile,2985.4,Success,0.0
T003281,2025-10-25,C0016,B006,UPI,Mobile,842.91,Success,0.0
T003282,2025-12-21,C0252,B002,Branch Transfer,ATM,751.94,Success,0.75
T003283,2025-07-31,C0139,B001,IMPS,Mobile,309.5,Success,0.0
T003284,2025-11-07,C0268,B006,IMPS,Branch,609.17,Success,0.0
T003285,2025-01-03,C0029,B001,UPI,Mobile,904.03,Success,0.0
T003286,2025-07-15,C0191,B006,IMPS,Web,857.31,Failed,0.0
T003287,2025-02-10,C0185,B005,NEFT,POS,1671.55,Success,0.0
T003288,2025-11-19,C0436,B004,UPI,Web,1242.93,Success,0.0
T003289,2025-10-24,C0112,B002,UPI,Mobile,1581.45,Success,3.16
T003290,2025-10-13,C0299,B002,Card,POS,834.67,Success,0.83
T003291,2025-10-10,C0166,B005,ATM,Web,3460.76,Success,0.0
T003292,2025-05-13,C0082,B005,NEFT,Mobile,403.82,Success,0.0
T003293,2025-08-25,C0126,B007,UPI,Mobile,470.17,Success,0.0
T003294,2025-09-30,C0468,B005,UPI,ATM,231.05,Success,0.0
T003295,2025-03-04,C0404,B001,NEFT,Mobile,538.04,Success,0.0
T003296,2025-08-21,C0136,B002,Branch Transfer,POS,2334.12,Success,4.67
T003297,2025-06-11,C0065,B002,ATM,Branch,804.53,Success,0.0
T003298,2025-10-14,C0210,B004,Card,Web,2889.81,Failed,0.0
T003299,2025-02-10,C0135,B001,UPI,Branch,2299.96,Success,0.0
T003300,2025-10-28,C0448,B004,NEFT,Mobile,817.3,Success,0.82
T003301,2025-05-21,C0294,B005,IMPS,POS,1320.88,Success,1.32
T003302,2025-02-05,C0109,B008,UPI,Web,89.82,Success,0.09
T003303,2025-03-20,C0485,B006,Card,Branch,2501.82,Success,0.0
T003304,2025-05-18,C0372,B005,UPI,POS,1317.83,Success,2.64
T003305,2025-01-02,C0231,B004,NEFT,POS,452.85,Success,0.45
T003306,2025-02-15,C0148,B004,UPI,POS,3325.76,Success,0.0
T003307,2025-06-28,C0024,B002,Card,Mobile,4076.78,Success,0.0
T003308,2025-10-01,C0014,B004,NEFT,ATM,2101.87,Success,0.0
T003309,2025-07-22,C0116,B004,UPI,POS,871.45,Success,0.87
T003310,2025-10-15,C0154,B001,Card,POS,2588.78,Success,0.0
T003311,2025-09-22,C0130,B006,UPI,Branch,1234.16,Failed,0.0
T003312,2025-08-28,C0409,B007,UPI,Web,354.28,Failed,0.0
T003313,2025-09-04,C0335,B003,UPI,Branch,8334.27,Success,0.0
T003314,2025-02-22,C0271,B007,UPI,Mobile,4838.18,Success,4.84
T003315,2025-05-23,C0019,B005,NEFT,ATM,793.43,Success,0.0
T003316,2025-10-31,C0172,B001,Card,ATM,903.98,Success,1.81
T003317,2025-10-17,C0340,B002,IMPS,Branch,1143.88,Success,0.0
T003318,2025-12-15,C0398,B006,UPI,Mobile,775.03,Success,0.0
T003319,2025-11-13,C0160,B008,NEFT,Web,1770.91,Success,0.0
T003320,2025-07-17,C0369,B005,IMPS,Web,2358.44,Success,2.36
T003321,2025-10-18,C0493,B008,ATM,Branch,6494.34,Success,12.99
T003322,2025-03-19,C0368,B008,Branch Transfer,POS,189.67,Success,0.0
T003323,2025-06-18,C0193,B001,Branch Transfer,POS,462.74,Success,0.46
T003324,2025-12-06,C0233,B004,UPI,Branch,4375.33,Success,0.0
T003325,2025-11-08,C0470,B003,Card,Mobile,5524.18,Success,11.05
T003326,2025-04-28,C0245,B004,ATM,Branch,1375.36,Success,0.0
T003327,2025-06-23,C0070,B003,UPI,ATM,3365.1,Success,0.0
T003328,2025-06-04,C0202,B002,Card,Mobile,4814.71,Success,0.0
T003329,2025-06-01,C0481,B008,NEFT,POS,2054.12,Success,0.0
T003330,2025-05-02,C0368,B008,UPI,POS,186.38,Failed,0.0
T003331,2025-07-23,C0203,B002,Branch Transfer,Mobile,1751.25,Success,3.5
T003332,2025-01-13,C0169,B005,NEFT,Mobile,16148.03,Success,0.0
T003333,2025-06-17,C0419,B001,Card,ATM,575.75,Success,1.15
T003334,2025-05-10,C0404,B001,Branch Transfer,Web,4607.04,Success,0.0
T003335,2025-01-25,C0001,B005,NEFT,ATM,1655.37,Success,3.31
T003336,2025-07-12,C0341,B008,ATM,Branch,3661.35,Success,7.32
T003337,2025-03-07,C0245,B004,UPI,Web,854.4,Success,0.85
T003338,2025-07-31,C0322,B008,ATM,POS,2240.54,Success,0.0
T003339,2025-03-11,C0281,B007,ATM,Web,1156.97,Success,0.0
T003340,2025-01-15,C0425,B005,UPI,POS,787.91,Success,0.79
T003341,2025-08-05,C0123,B007,Card,Branch,639.5,Success,0.64
T003342,2025-05-21,C0223,B007,UPI,POS,839.39,Success,0.0
T003343,2025-04-27,C0376,B005,NEFT,POS,508.55,Success,1.02
T003344,2025-03-26,C0165,B003,Branch Transfer,ATM,1214.95,Success,2.43
T003345,2025-05-08,C0390,B008,ATM,Branch,3109.88,Success,6.22
T003346,2025-02-27,C0260,B005,ATM,Mobile,2765.07,Success,0.0
T003347,2025-12-29,C0310,B005,Card,ATM,799.85,Success,0.0
T003348,2025-06-28,C0360,B006,Card,Web,3631.25,Success,3.63
T003349,2025-09-04,C0400,B008,Card,ATM,8210.6,Success,0.0
T003350,2025-07-19,C0489,B007,Branch Transfer,Branch,1391.04,Success,1.39
T003351,2025-01-12,C0372,B005,UPI,Web,501.9,Success,0.0
T003352,2025-06-13,C0319,B008,UPI,Branch,2376.12,Success,0.0
T003353,2025-10-20,C0497,B003,UPI,Web,3584.74,Success,7.17
T003354,2025-08-20,C0131,B005,UPI,Branch,6379.07,Success,12.76
T003355,2025-07-01,C0076,B003,Card,ATM,10025.82,Success,0.0
T003356,2025-10-12,C0486,B006,UPI,POS,3152.3,Success,0.0
T003357,2025-07-05,C0022,B007,Card,POS,277.38,Success,0.0
T003358,2025-03-27,C0494,B002,NEFT,Mobile,1517.63,Success,0.0
T003359,2025-08-30,C0021,B003,NEFT,Web,1551.07,Success,1.55
T003360,2025-08-07,C0367,B006,Branch Transfer,Mobile,2792.79,Success,0.0
T003361,2025-03-10,C0242,B006,UPI,POS,5413.13,Success,0.0
T003362,2025-05-10,C0241,B008,ATM,Branch,328.08,Success,0.0
T003363,2025-02-03,C0168,B007,UPI,Mobile,2670.4,Success,0.0
T003364,2025-07-06,C0490,B008,ATM,Web,714.08,Success,0.0
T003365,2025-03-30,C0220,B002,UPI,Mobile,320.19,Success,0.0
T003366,2025-12-01,C0079,B007,Card,Web,3705.67,Success,0.0
T003367,2025-06-19,C0234,B005,ATM,Mobile,2526.55,Failed,0.0
T003368,2025-11-07,C0443,B001,UPI,POS,1164.4,Success,1.16
T003369,2025-10-13,C0198,B007,Card,Branch,134.01,Success,0.0
T003370,2025-08-12,C0051,B002,Card,POS,2315.16,Success,0.0
T003371,2025-02-21,C0015,B004,UPI,Branch,2500.31,Success,5.0
T003372,2025-12-21,C0426,B002,UPI,POS,502.22,Success,0.0
T003373,2025-07-28,C0494,B002,NEFT,Mobile,6027.53,Success,0.0
T003374,2025-03-25,C0169,B005,IMPS,POS,717.15,Success,0.0
T003375,2025-01-25,C0479,B005,UPI,ATM,3033.45,Success,3.03
T003376,2025-06-29,C0121,B008,Branch Transfer,Web,3523.88,Failed,0.0
T003377,2025-06-24,C0481,B008,IMPS,Mobile,3129.26,Success,0.0
T003378,2025-06-18,C0060,B003,IMPS,Branch,3291.65,Success,0.0
T003379,2025-12-27,C0229,B006,Card,ATM,1652.19,Success,1.65
T003380,2025-10-28,C0273,B002,UPI,POS,809.82,Failed,0.0
T003381,2025-09-17,C0457,B002,UPI,Mobile,3430.64,Success,3.43
T003382,2025-06-08,C0410,B005,ATM,ATM,293.37,Success,0.0
T003383,2025-12-21,C0492,B008,IMPS,ATM,2284.55,Success,0.0
T003384,2025-06-30,C0378,B008,Card,Mobile,1241.03,Success,0.0
T003385,2025-04-07,C0349,B006,IMPS,Branch,290.6,Success,0.29
T003386,2025-03-15,C0498,B004,Card,Branch,235.03,Success,0.0
T003387,2025-10-09,C0001,B005,Card,Mobile,4212.54,Success,4.21
T003388,2025-02-25,C0409,B007,ATM,POS,128.33,Success,0.26
T003389,2025-07-12,C0398,B006,UPI,Web,3590.75,Success,0.0
T003390,2025-09-17,C0344,B008,NEFT,Branch,7413.55,Success,0.0
T003391,2025-07-19,C0144,B002,Branch Transfer,POS,7594.05,Success,15.19
T003392,2025-11-24,C0387,B003,Card,Web,4179.5,Success,0.0
T003393,2025-09-24,C0109,B008,NEFT,POS,19518.31,Success,0.0
T003394,2025-11-11,C0441,B004,Card,Web,1516.28,Success,0.0
T003395,2025-10-22,C0497,B003,Card,Mobile,2112.43,Success,4.22
T003396,2025-01-03,C0331,B003,Card,ATM,1467.72,Success,2.94
T003397,2025-05-22,C0401,B008,UPI,ATM,3579.89,Success,0.0
T003398,2025-01-23,C0057,B004,Card,Branch,3343.55,Success,0.0
T003399,2025-06-25,C0328,B007,UPI,Mobile,203.39,Success,0.41
T003400,2025-07-20,C0353,B005,UPI,Web,2967.35,Success,5.93
T003401,2025-11-09,C0472,B005,Card,ATM,1254.91,Success,1.25
T003402,2025-06-10,C0260,B005,Card,POS,1466.78,Failed,0.0
T003403,2025-07-13,C0037,B004,Card,Mobile,231.47,Failed,0.0
T003404,2025-12-22,C0251,B003,UPI,ATM,377.2,Success,0.0
T003405,2025-01-14,C0337,B005,NEFT,POS,462.7,Success,0.0
T003406,2025-05-25,C0165,B003,UPI,Web,4783.21,Success,0.0
T003407,2025-10-11,C0489,B007,UPI,Branch,7917.87,Success,0.0
T003408,2025-04-11,C0162,B003,UPI,ATM,339.96,Success,0.0
T003409,2025-08-19,C0320,B008,UPI,Web,1756.05,Success,0.0
T003410,2025-09-04,C0138,B002,Card,POS,265.84,Success,0.0
T003411,2025-12-30,C0125,B005,Card,Mobile,705.35,Failed,0.0
T003412,2025-03-18,C0468,B005,UPI,ATM,1109.89,Success,1.11
T003413,2025-07-04,C0136,B002,Card,POS,668.98,Success,0.0
T003414,2025-11-22,C0048,B005,UPI,ATM,5133.66,Success,5.13
T003415,2025-08-13,C0016,B006,IMPS,Web,662.4,Success,1.32
T003416,2025-12-30,C0336,B006,NEFT,Web,1064.46,Success,0.0
T003417,2025-01-03,C0344,B008,Branch Transfer,ATM,1067.05,Success,2.13
T003418,2025-03-06,C0027,B003,Branch Transfer,Branch,706.33,Success,0.71
T003419,2025-10-03,C0394,B005,NEFT,POS,374.25,Success,0.0
T003420,2025-11-04,C0371,B008,UPI,Web,2488.88,Success,0.0
T003421,2025-10-17,C0205,B006,Card,POS,6824.22,Success,6.82
T003422,2025-04-05,C0009,B006,Branch Transfer,Mobile,226.82,Success,0.23
T003423,2025-11-07,C0235,B006,UPI,ATM,27644.78,Success,0.0
T003424,2025-02-25,C0348,B007,UPI,POS,237.03,Success,0.0
T003425,2025-08-23,C0017,B006,Card,Mobile,1408.11,Success,0.0
T003426,2025-11-29,C0283,B002,UPI,POS,352.69,Success,0.0
T003427,2025-10-23,C0081,B005,Branch Transfer,Web,5134.87,Success,0.0
T003428,2025-09-03,C0013,B002,UPI,Web,565.25,Success,1.13
T003429,2025-03-16,C0453,B002,Card,Mobile,2369.72,Success,2.37
T003430,2025-05-27,C0162,B003,NEFT,Web,473.5,Success,0.47
T003431,2025-10-08,C0457,B002,Branch Transfer,Mobile,264.31,Success,0.0
T003432,2025-08-04,C0086,B008,Branch Transfer,ATM,3753.71,Success,3.75
T003433,2025-10-24,C0258,B008,UPI,Branch,2607.44,Success,5.21
T003434,2025-12-21,C0420,B007,ATM,Branch,13498.85,Failed,0.0
T003435,2025-12-22,C0080,B002,NEFT,ATM,529.28,Success,0.53
T003436,2025-09-11,C0241,B008,Card,ATM,1576.93,Success,3.15
T003437,2025-06-12,C0214,B001,Card,Mobile,860.93,Failed,0.0
T003438,2025-11-11,C0073,B004,Card,POS,627.8,Success,0.0
T003439,2025-09-20,C0070,B003,IMPS,ATM,538.0,Success,0.54
T003440,2025-08-13,C0062,B002,UPI,Branch,195.75,Success,0.39
T003441,2025-06-21,C0018,B008,Card,Mobile,3344.36,Success,0.0
T003442,2025-11-25,C0354,B002,Card,Mobile,787.2,Success,0.0
T003443,2025-08-27,C0074,B005,Card,Web,808.54,Success,0.0
T003444,2025-12-17,C0286,B007,Card,POS,128.78,Success,0.0
T003445,2025-02-13,C0310,B005,Branch Transfer,Mobile,1687.45,Success,1.69
T003446,2025-12-26,C0477,B003,UPI,ATM,2809.26,Success,0.0
T003447,2025-01-21,C0088,B004,Card,Mobile,3740.88,Success,0.0
T003448,2025-04-26,C0146,B008,UPI,ATM,3975.44,Success,0.0
T003449,2025-02-12,C0212,B004,NEFT,Mobile,1077.86,Success,2.16
T003450,2025-12-13,C0027,B003,Card,Web,4332.07,Success,0.0
T003451,2025-07-10,C0007,B005,UPI,POS,1025.83,Success,0.0
T003452,2025-01-17,C0090,B004,UPI,Branch,5433.43,Success,10.87
T003453,2025-11-28,C0138,B002,Card,POS,3957.41,Success,0.0
T003454,2025-06-14,C0217,B006,Card,ATM,3219.11,Success,0.0
T003455,2025-07-16,C0078,B002,NEFT,Mobile,5482.34,Success,0.0
T003456,2025-02-12,C0145,B003,Card,ATM,735.44,Failed,0.0
T003457,2025-04-07,C0048,B005,UPI,POS,16923.57,Success,33.85
T003458,2025-07-14,C0230,B001,Card,ATM,1601.83,Success,1.6
T003459,2025-12-03,C0307,B008,UPI,POS,1059.43,Success,2.12
T003460,2025-05-21,C0041,B002,UPI,POS,2202.95,Success,0.0
T003461,2025-03-29,C0206,B002,UPI,Mobile,441.1,Success,0.0
T003462,2025-11-13,C0290,B005,Card,ATM,1296.21,Success,0.0
T003463,2025-08-14,C0075,B007,IMPS,POS,6394.67,Success,0.0
T003464,2025-07-30,C0129,B006,NEFT,POS,8477.93,Success,0.0
T003465,2025-03-26,C0114,B002,UPI,Mobile,828.88,Success,0.0
T003466,2025-12-04,C0420,B007,Card,Mobile,3848.19,Success,7.7
T003467,2025-01-21,C0450,B008,ATM,Branch,798.4,Failed,0.0
T003468,2025-03-10,C0340,B002,UPI,POS,3488.8,Success,6.98
T003469,2025-09-05,C0446,B004,Branch Transfer,ATM,1622.64,Success,0.0
T003470,2025-12-16,C0241,B008,UPI,ATM,2553.68,Success,0.0
T003471,2025-10-26,C0090,B004,UPI,Branch,1359.87,Success,0.0
T003472,2025-04-03,C0407,B007,UPI,Mobile,1185.28,Success,2.37
T003473,2025-05-19,C0415,B001,UPI,Branch,551.11,Failed,0.0
T003474,2025-09-15,C0318,B005,Card,Branch,2431.12,Success,2.43
T003475,2025-05-31,C0170,B008,UPI,Web,1785.21,Success,0.0
T003476,2025-01-03,C0143,B002,UPI,Branch,3676.27,Success,0.0
T003477,2025-01-02,C0456,B006,NEFT,Mobile,6029.38,Success,0.0
T003478,2025-10-25,C0358,B006,UPI,Web,1117.3,Success,0.0
T003479,2025-05-23,C0431,B006,ATM,Branch,1855.79,Success,0.0
T003480,2025-12-09,C0369,B005,UPI,Web,5991.91,Success,0.0
T003481,2025-05-03,C0360,B006,ATM,POS,1244.51,Success,0.0
T003482,2025-06-11,C0016,B006,Branch Transfer,Web,2817.75,Success,0.0
T003483,2025-04-20,C0028,B008,ATM,Mobile,9797.78,Success,9.8
T003484,2025-07-31,C0275,B004,NEFT,Branch,647.8,Success,0.0
T003485,2025-02-02,C0097,B005,IMPS,Branch,242.5,Success,0.0
T003486,2025-04-06,C0279,B005,Card,Branch,1362.05,Success,1.36
T003487,2025-06-13,C0040,B006,NEFT,Branch,593.18,Success,1.19
T003488,2025-04-29,C0193,B001,Card,Web,247.04,Success,0.0
T003489,2025-10-10,C0322,B008,NEFT,POS,775.95,Success,1.55
T003490,2025-08-10,C0196,B008,Card,ATM,4153.9,Failed,0.0
T003491,2025-10-29,C0200,B005,Branch Transfer,Web,3163.48,Success,6.33
T003492,2025-09-30,C0355,B006,Branch Transfer,Mobile,1351.88,Success,0.0
T003493,2025-04-23,C0343,B002,ATM,Mobile,334.07,Success,0.33
T003494,2025-03-27,C0406,B001,UPI,Branch,10776.15,Success,10.78
T003495,2025-07-19,C0280,B004,UPI,Branch,2658.65,Success,2.66
T003496,2025-05-05,C0015,B004,UPI,ATM,1659.78,Success,0.0
T003497,2025-02-10,C0225,B008,Branch Transfer,ATM,2121.45,Success,0.0
T003498,2025-05-05,C0246,B002,UPI,Branch,1262.93,Success,1.26
T003499,2025-01-19,C0330,B003,UPI,Branch,953.26,Success,1.91
T003500,2025-02-01,C0112,B002,Branch Transfer,Web,2717.34,Success,0.0
T003501,2025-06-26,C0282,B003,ATM,Branch,2342.74,Success,0.0
T003502,2025-11-06,C0267,B003,IMPS,Branch,2303.83,Success,2.3
T003503,2025-01-20,C0333,B004,UPI,ATM,404.18,Success,0.0
T003504,2025-10-26,C0404,B001,Card,Web,2929.83,Success,2.93
T003505,2025-07-20,C0271,B007,ATM,ATM,5275.53,Success,0.0
T003506,2025-12-10,C0264,B004,Branch Transfer,Web,433.47,Success,0.0
T003507,2025-12-31,C0096,B008,UPI,Branch,416.25,Success,0.83
T003508,2025-12-20,C0471,B003,Card,POS,3575.96,Success,0.0
T003509,2025-10-31,C0431,B006,NEFT,Branch,942.87,Success,0.94
T003510,2025-11-22,C0013,B002,Card,Web,1072.04,Success,0.0
T003511,2025-05-06,C0441,B004,Card,Web,3185.66,Success,3.19
T003512,2025-04-25,C0279,B005,UPI,Mobile,1047.43,Success,2.09
T003513,2025-10-04,C0020,B003,NEFT,ATM,4956.83,Success,4.96
T003514,2025-04-12,C0429,B004,UPI,Web,1363.77,Success,1.36
T003515,2025-08-24,C0262,B006,UPI,ATM,895.83,Success,1.79
T003516,2025-12-23,C0237,B004,Branch Transfer,ATM,2227.77,Failed,0.0
T003517,2025-06-25,C0291,B004,NEFT,Web,1042.65,Success,0.0
T003518,2025-11-19,C0353,B005,Card,POS,1986.24,Success,0.0
T003519,2025-05-27,C0187,B007,ATM,ATM,1939.28,Failed,0.0
T003520,2025-12-06,C0068,B004,ATM,Branch,5559.39,Success,0.0
T003521,2025-06-10,C0333,B004,UPI,ATM,684.47,Success,0.68
T003522,2025-06-01,C0364,B002,UPI,Branch,573.18,Success,0.0
T003523,2025-07-17,C0323,B002,IMPS,Web,5013.78,Success,10.03
T003524,2025-01-30,C0154,B001,UPI,Web,5109.73,Success,0.0
T003525,2025-05-26,C0378,B008,ATM,Branch,366.31,Success,0.0
T003526,2025-05-29,C0120,B003,NEFT,Mobile,880.57,Success,1.76
T003527,2025-12-04,C0186,B003,UPI,ATM,1401.41,Success,0.0
T003528,2025-09-02,C0474,B003,NEFT,Web,906.11,Success,0.0
T003529,2025-06-04,C0167,B003,Card,ATM,6840.19,Success,13.68
T003530,2025-02-05,C0243,B008,UPI,Branch,2566.23,Success,0.0
T003531,2025-10-07,C0219,B001,Card,Mobile,728.61,Success,0.0
T003532,2025-01-14,C0078,B002,IMPS,Mobile,8486.53,Success,16.97
T003533,2025-01-21,C0115,B007,UPI,POS,1858.18,Success,3.72
T003534,2025-11-05,C0487,B007,UPI,Branch,1743.74,Success,1.74
T003535,2025-07-04,C0155,B007,UPI,Mobile,318.59,Success,0.64
T003536,2025-03-20,C0263,B007,UPI,Web,724.12,Failed,0.0
T003537,2025-08-15,C0049,B001,Branch Transfer,Branch,662.8,Success,0.66
T003538,2025-06-03,C0028,B008,Branch Transfer,Mobile,4879.42,Success,4.88
T003539,2025-12-02,C0006,B002,UPI,Branch,1786.38,Success,3.57
T003540,2025-01-19,C0149,B005,UPI,ATM,8485.95,Success,0.0
T003541,2025-05-15,C0488,B002,Card,Branch,83.49,Success,0.17
T003542,2025-07-20,C0395,B004,UPI,ATM,4495.25,Success,0.0
T003543,2025-12-01,C0363,B007,Card,Branch,2578.55,Success,0.0
T003544,2025-11-25,C0492,B008,Card,Mobile,2906.12,Success,2.91
T003545,2025-04-07,C0489,B007,IMPS,Branch,1812.78,Success,0.0
T003546,2025-08-25,C0205,B006,UPI,Branch,753.02,Success,1.51
T003547,2025-12-18,C0204,B002,NEFT,Branch,3035.55,Success,0.0
T003548,2025-01-15,C0031,B008,Card,POS,2722.92,Success,0.0
T003549,2025-02-03,C0254,B003,UPI,ATM,388.67,Success,0.0
T003550,2025-01-16,C0111,B001,IMPS,ATM,344.94,Success,0.0
T003551,2025-12-23,C0452,B001,Card,Web,1564.83,Success,0.0
T003552,2025-06-21,C0240,B002,Card,Web,477.58,Success,0.96
T003553,2025-07-11,C0352,B001,Card,Web,1008.5,Success,0.0
T003554,2025-02-28,C0318,B005,ATM,Branch,1540.44,Success,1.54
T003555,2025-10-15,C0278,B001,Branch Transfer,Web,1738.02,Success,3.48
T003556,2025-05-04,C0075,B007,Card,Branch,1128.28,Success,1.13
T003557,2025-05-21,C0461,B007,Card,Web,763.62,Success,0.0
T003558,2025-07-24,C0020,B003,UPI,Branch,1323.86,Success,1.32
T003559,2025-01-20,C0205,B006,UPI,ATM,1045.14,Success,0.0
T003560,2025-02-10,C0130,B006,Card,Branch,794.66,Success,0.0
T003561,2025-02-05,C0457,B002,UPI,Web,1597.04,Success,0.0
T003562,2025-07-12,C0450,B008,UPI,ATM,1531.1,Success,0.0
T003563,2025-06-23,C0175,B001,IMPS,Branch,3472.21,Success,0.0
T003564,2025-05-11,C0260,B005,Branch Transfer,ATM,566.44,Success,0.0
T003565,2025-12-18,C0324,B003,UPI,Web,968.54,Success,0.0
T003566,2025-02-14,C0004,B007,UPI,POS,430.67,Success,0.0
T003567,2025-10-28,C0193,B001,Card,Web,937.22,Success,0.94
T003568,2025-09-29,C0200,B005,UPI,ATM,512.09,Success,1.02
T003569,2025-12-14,C0429,B004,NEFT,Mobile,3531.75,Success,0.0
T003570,2025-02-28,C0279,B005,UPI,Web,904.34,Success,0.0
T003571,2025-09-28,C0141,B004,NEFT,Branch,1687.6,Success,1.69
T003572,2025-01-08,C0018,B008,NEFT,ATM,495.47,Success,0.99
T003573,2025-12-30,C0449,B001,UPI,POS,5514.39,Success,0.0
T003574,2025-07-18,C0384,B002,Card,ATM,1053.85,Success,1.05
T003575,2025-08-11,C0433,B008,UPI,Mobile,862.72,Failed,0.0
T003576,2025-02-04,C0213,B005,NEFT,ATM,1306.22,Success,0.0
T003577,2025-04-05,C0300,B006,UPI,Web,7515.91,Success,15.03
T003578,2025-03-25,C0422,B005,Card,Mobile,6288.36,Success,0.0
T003579,2025-02-16,C0028,B008,Card,ATM,255.32,Success,0.51
T003580,2025-12-02,C0326,B006,UPI,ATM,1241.28,Success,0.0
T003581,2025-10-17,C0448,B004,UPI,Web,427.19,Success,0.0
T003582,2025-06-29,C0161,B008,IMPS,POS,3437.76,Success,0.0
T003583,2025-08-30,C0415,B001,IMPS,Mobile,9003.17,Success,18.01
T003584,2025-04-17,C0338,B001,UPI,Branch,832.79,Failed,0.0
T003585,2025-02-12,C0050,B003,UPI,POS,3601.79,Success,0.0
T003586,2025-08-28,C0444,B005,Branch Transfer,Mobile,2774.47,Success,0.0
T003587,2025-10-23,C0250,B007,UPI,Mobile,836.21,Success,0.0
T003588,2025-09-16,C0299,B002,UPI,ATM,3349.66,Success,0.0
T003589,2025-09-08,C0448,B004,UPI,ATM,8309.14,Success,16.62
T003590,2025-12-30,C0497,B003,UPI,POS,1453.56,Success,0.0
T003591,2025-09-11,C0346,B006,Card,ATM,262.33,Success,0.0
T003592,2025-03-30,C0125,B005,UPI,Web,4544.64,Success,9.09
T003593,2025-03-26,C0387,B003,Card,Branch,1992.22,Success,1.99
T003594,2025-01-10,C0373,B003,UPI,Web,389.37,Success,0.78
T003595,2025-10-20,C0425,B005,NEFT,Web,1147.65,Success,2.3
T003596,2025-02-25,C0500,B003,IMPS,Mobile,5066.24,Success,10.13
T003597,2025-01-24,C0229,B006,ATM,Branch,1343.9,Success,2.69
T003598,2025-12-27,C0471,B003,IMPS,POS,18191.25,Success,36.38
T003599,2025-05-20,C0121,B008,Card,ATM,2420.02,Success,2.42
T003600,2025-08-14,C0277,B003,ATM,ATM,1255.88,Success,0.0
T003601,2025-06-24,C0416,B001,Card,Mobile,1242.97,Success,0.0
T003602,2025-11-03,C0396,B006,Card,Branch,1490.18,Success,1.49
T003603,2025-06-29,C0296,B002,UPI,Web,363.29,Success,0.0
T003604,2025-04-02,C0224,B004,Card,Web,892.4,Success,0.89
T003605,2025-01-06,C0124,B008,NEFT,POS,412.72,Success,0.41
T003606,2025-03-17,C0176,B005,NEFT,Web,771.04,Success,0.0
T003607,2025-12-29,C0176,B005,Card,Mobile,1362.08,Success,0.0
T003608,2025-07-03,C0369,B005,ATM,POS,4379.76,Success,4.38
T003609,2025-04-17,C0477,B003,UPI,Web,1455.97,Failed,0.0
T003610,2025-09-30,C0077,B007,Branch Transfer,POS,2213.49,Failed,0.0
T003611,2025-08-27,C0119,B008,UPI,Web,337.35,Success,0.67
T003612,2025-01-19,C0053,B006,UPI,Mobile,615.02,Success,0.0
T003613,2025-12-21,C0279,B005,Card,Web,682.78,Success,0.0
T003614,2025-08-17,C0381,B002,UPI,POS,752.38,Success,0.0
T003615,2025-09-21,C0455,B002,UPI,Web,792.4,Success,0.0
T003616,2025-11-27,C0185,B005,Card,Branch,4196.5,Success,0.0
T003617,2025-10-31,C0052,B001,Card,Branch,3897.16,Success,0.0
T003618,2025-08-04,C0487,B007,Card,Branch,1212.59,Failed,0.0
T003619,2025-07-09,C0152,B001,ATM,Mobile,1040.22,Success,0.0
T003620,2025-09-08,C0189,B005,NEFT,Branch,1614.67,Success,0.0
T003621,2025-01-16,C0149,B005,UPI,Branch,3971.48,Success,7.94
T003622,2025-09-29,C0268,B006,Card,Web,232.53,Success,0.47
T003623,2025-10-20,C0326,B006,UPI,Web,2340.99,Success,4.68
T003624,2025-04-19,C0347,B008,UPI,ATM,1110.41,Success,2.22
T003625,2025-10-25,C0388,B004,ATM,Mobile,1202.21,Success,0.0
T003626,2025-06-19,C0066,B006,UPI,Branch,605.77,Success,1.21
T003627,2025-12-10,C0327,B002,IMPS,Branch,1090.06,Failed,0.0
T003628,2025-08-30,C0214,B001,UPI,Web,662.99,Success,0.66
T003629,2025-10-14,C0073,B004,Card,POS,2257.77,Success,0.0
T003630,2025-04-05,C0172,B001,UPI,ATM,3976.99,Success,0.0
T003631,2025-07-25,C0290,B005,UPI,Web,2277.18,Success,2.28
T003632,2025-11-06,C0306,B007,UPI,POS,739.71,Success,1.48
T003633,2025-06-14,C0179,B005,IMPS,Web,832.39,Success,0.0
T003634,2025-08-29,C0039,B007,UPI,Mobile,1455.86,Success,0.0
T003635,2025-03-16,C0340,B002,IMPS,ATM,1064.79,Success,0.0
T003636,2025-07-19,C0377,B004,NEFT,Web,1167.31,Success,0.0
T003637,2025-09-16,C0146,B008,Card,Mobile,1948.04,Success,1.95
T003638,2025-02-19,C0409,B007,Card,Branch,1714.41,Success,0.0
T003639,2025-03-20,C0107,B007,Card,POS,374.83,Success,0.75
T003640,2025-12-20,C0322,B008,UPI,Mobile,1362.83,Success,0.0
T003641,2025-08-09,C0248,B006,IMPS,Branch,5339.56,Success,0.0
T003642,2025-08-01,C0050,B003,UPI,ATM,3191.04,Success,0.0
T003643,2025-09-09,C0180,B002,ATM,ATM,2797.64,Failed,0.0
T003644,2025-09-10,C0131,B005,IMPS,Web,1983.63,Success,0.0
T003645,2025-10-21,C0257,B002,UPI,POS,886.76,Success,0.0
T003646,2025-08-15,C0098,B002,Card,POS,1161.62,Success,2.32
T003647,2025-08-16,C0122,B002,UPI,POS,3422.99,Success,3.42
T003648,2025-11-13,C0164,B002,UPI,POS,1036.49,Success,2.07
T003649,2025-12-11,C0425,B005,Card,Web,927.65,Success,0.0
T003650,2025-04-29,C0153,B001,Card,Web,1669.39,Success,0.0
T003651,2025-02-22,C0420,B007,NEFT,Mobile,505.59,Success,0.0
T003652,2025-10-07,C0267,B003,UPI,Branch,970.12,Success,0.97
T003653,2025-06-03,C0001,B005,Card,Branch,348.03,Success,0.0
T003654,2025-10-26,C0221,B006,UPI,Mobile,2325.29,Success,0.0
T003655,2025-06-23,C0416,B001,UPI,ATM,7330.41,Success,7.33
T003656,2025-10-10,C0180,B002,IMPS,Mobile,5153.06,Success,10.31
T003657,2025-06-04,C0022,B007,UPI,POS,1550.88,Success,0.0
T003658,2025-12-05,C0213,B005,Card,Mobile,612.34,Success,0.0
T003659,2025-10-28,C0086,B008,UPI,Mobile,3145.72,Success,0.0
T003660,2025-04-05,C0036,B001,ATM,Mobile,324.36,Success,0.65
T003661,2025-12-01,C0198,B007,ATM,Web,2269.42,Success,0.0
T003662,2025-07-25,C0468,B005,NEFT,Web,1118.21,Success,2.24
T003663,2025-10-23,C0427,B007,Card,Mobile,1195.88,Success,1.2
T003664,2025-01-04,C0248,B006,Card,Web,2766.08,Success,0.0
T003665,2025-10-13,C0385,B008,Branch Transfer,Web,1785.64,Failed,0.0
T003666,2025-03-13,C0107,B007,UPI,Mobile,429.82,Success,0.0
T003667,2025-05-16,C0289,B003,UPI,Branch,1459.33,Success,0.0
T003668,2025-10-04,C0131,B005,UPI,Branch,1230.06,Success,0.0
T003669,2025-03-09,C0404,B001,IMPS,POS,32463.76,Failed,0.0
T003670,2025-07-09,C0426,B002,Branch Transfer,Mobile,1166.88,Success,0.0
T003671,2025-08-09,C0284,B005,UPI,Web,2531.35,Success,0.0
T003672,2025-12-14,C0448,B004,NEFT,ATM,1881.05,Success,0.0
T003673,2025-09-18,C0299,B002,IMPS,Web,7602.6,Success,0.0
T003674,2025-05-26,C0059,B005,ATM,POS,916.52,Success,1.83
T003675,2025-02-23,C0434,B006,ATM,Mobile,2521.4,Success,5.04
T003676,2025-05-28,C0496,B007,Card,Web,1103.01,Success,0.0
T003677,2025-08-05,C0406,B001,UPI,POS,277.36,Success,0.0
T003678,2025-02-08,C0360,B006,NEFT,Web,1479.06,Success,2.96
T003679,2025-08-06,C0140,B002,Card,Mobile,581.44,Success,0.58
T003680,2025-12-15,C0303,B001,ATM,Branch,16393.62,Success,0.0
T003681,2025-03-09,C0424,B007,NEFT,Web,1322.73,Success,2.65
T003682,2025-11-13,C0351,B003,NEFT,ATM,4409.03,Success,4.41
T003683,2025-11-08,C0073,B004,Branch Transfer,Branch,1820.55,Success,1.82
T003684,2025-08-09,C0465,B003,UPI,Branch,9263.79,Success,0.0
T003685,2025-07-19,C0208,B002,NEFT,Branch,830.35,Success,0.0
T003686,2025-09-26,C0072,B008,Branch Transfer,POS,1074.31,Success,1.07
T003687,2025-10-26,C0164,B002,Branch Transfer,Mobile,2137.3,Success,2.14
T003688,2025-07-19,C0062,B002,Card,ATM,4033.98,Success,0.0
T003689,2025-09-25,C0306,B007,UPI,Branch,3570.36,Success,3.57
T003690,2025-01-24,C0334,B005,UPI,ATM,1135.08,Success,1.14
T003691,2025-03-22,C0023,B001,UPI,Web,2289.95,Success,0.0
T003692,2025-03-19,C0175,B001,UPI,POS,17438.99,Success,0.0
T003693,2025-11-14,C0429,B004,UPI,Mobile,1211.46,Success,0.0
T003694,2025-03-18,C0174,B006,UPI,Mobile,603.77,Success,0.0
T003695,2025-03-02,C0097,B005,Card,Web,1016.28,Success,2.03
T003696,2025-12-06,C0148,B004,UPI,POS,165.37,Success,0.0
T003697,2025-03-17,C0044,B002,Branch Transfer,Mobile,7437.78,Success,0.0
T003698,2025-05-22,C0406,B001,Branch Transfer,Branch,1921.63,Success,3.84
T003699,2025-04-24,C0263,B007,UPI,POS,3465.86,Success,3.47
T003700,2025-10-06,C0391,B004,UPI,Branch,1133.81,Success,0.0
T003701,2025-10-17,C0319,B008,ATM,Mobile,6155.66,Success,0.0
T003702,2025-12-15,C0412,B004,Card,ATM,620.41,Failed,0.0
T003703,2025-09-23,C0238,B006,IMPS,ATM,3209.98,Success,0.0
T003704,2025-08-31,C0259,B003,Card,POS,1095.35,Success,0.0
T003705,2025-09-30,C0268,B006,UPI,Web,2844.53,Success,0.0
T003706,2025-06-14,C0328,B007,UPI,ATM,3977.44,Success,0.0
T003707,2025-07-07,C0173,B007,UPI,Web,2436.35,Failed,0.0
T003708,2025-05-15,C0004,B007,Card,POS,1373.09,Success,0.0
T003709,2025-10-04,C0066,B006,Card,Branch,1462.25,Success,2.92
T003710,2025-12-07,C0041,B002,UPI,Branch,2026.87,Success,0.0
T003711,2025-07-04,C0285,B004,NEFT,Branch,2683.12,Success,0.0
T003712,2025-06-01,C0431,B006,IMPS,Web,4093.41,Failed,0.0
T003713,2025-11-22,C0002,B002,ATM,ATM,380.62,Success,0.0
T003714,2025-10-30,C0073,B004,IMPS,ATM,16938.99,Success,16.94
T003715,2025-04-15,C0139,B001,UPI,ATM,2255.44,Success,0.0
T003716,2025-04-27,C0117,B002,ATM,Mobile,1093.78,Success,0.0
T003717,2025-04-16,C0383,B005,IMPS,ATM,915.86,Success,0.92
T003718,2025-12-31,C0379,B003,Card,POS,853.14,Success,0.0
T003719,2025-09-17,C0269,B002,UPI,Mobile,6767.72,Success,0.0
T003720,2025-10-21,C0188,B008,Card,POS,1477.37,Success,0.0
T003721,2025-09-09,C0066,B006,Branch Transfer,Mobile,1719.47,Success,0.0
T003722,2025-03-27,C0083,B007,UPI,Mobile,3781.55,Success,3.78
T003723,2025-08-19,C0149,B005,UPI,POS,570.41,Failed,0.0
T003724,2025-07-22,C0112,B002,Card,Mobile,797.93,Success,0.0
T003725,2025-01-10,C0236,B007,UPI,ATM,363.03,Failed,0.0
T003726,2025-01-07,C0206,B002,UPI,POS,5362.53,Success,0.0
T003727,2025-03-21,C0437,B008,UPI,POS,1968.44,Success,0.0
T003728,2025-10-03,C0213,B005,UPI,ATM,1684.4,Success,1.68
T003729,2025-04-21,C0363,B007,Card,POS,311.31,Success,0.31
T003730,2025-12-06,C0086,B008,IMPS,Mobile,4655.3,Failed,0.0
T003731,2025-05-20,C0455,B002,Card,POS,339.27,Success,0.0
T003732,2025-05-22,C0416,B001,Card,Mobile,1095.35,Success,0.0
T003733,2025-07-19,C0447,B007,IMPS,ATM,1243.32,Success,0.0
T003734,2025-12-30,C0287,B006,IMPS,Mobile,695.81,Success,1.39
T003735,2025-12-19,C0043,B003,Card,ATM,965.67,Success,1.93
T003736,2025-05-13,C0294,B005,UPI,Web,2254.24,Success,0.0
T003737,2025-07-29,C0391,B004,UPI,Branch,2415.2,Success,2.42
T003738,2025-08-07,C0237,B004,Card,Branch,1388.11,Success,2.78
T003739,2025-04-17,C0037,B004,ATM,Mobile,781.93,Failed,0.0
T003740,2025-06-27,C0300,B006,UPI,POS,4972.56,Failed,0.0
T003741,2025-06-02,C0410,B005,UPI,Branch,384.79,Success,0.38
T003742,2025-07-06,C0059,B005,ATM,ATM,871.41,Success,0.0
T003743,2025-04-04,C0145,B003,IMPS,ATM,1211.98,Success,0.0
T003744,2025-11-06,C0300,B006,UPI,Mobile,3759.56,Success,7.52
T003745,2025-11-18,C0160,B008,Branch Transfer,Web,2790.73,Success,2.79
T003746,2025-12-05,C0272,B007,Branch Transfer,Web,874.99,Success,0.87
T003747,2025-08-20,C0199,B005,UPI,Web,3389.22,Success,0.0
T003748,2025-07-06,C0030,B008,Card,ATM,946.95,Failed,0.0
T003749,2025-07-05,C0467,B002,NEFT,ATM,1263.08,Success,0.0
T003750,2025-12-16,C0469,B004,Card,Mobile,155.4,Success,0.0
T003751,2025-12-15,C0060,B003,UPI,Branch,2074.39,Failed,0.0
T003752,2025-11-17,C0106,B007,ATM,Branch,20601.38,Success,41.2
T003753,2025-06-24,C0261,B002,Card,Branch,1792.97,Success,3.59
T003754,2025-02-02,C0387,B003,UPI,ATM,2889.87,Success,0.0
T003755,2025-07-13,C0257,B002,Branch Transfer,ATM,1195.86,Success,2.39
T003756,2025-04-19,C0425,B005,Branch Transfer,Branch,1199.61,Success,0.0
T003757,2025-03-18,C0103,B005,Card,POS,8127.78,Success,0.0
T003758,2025-05-16,C0202,B002,IMPS,ATM,1621.21,Success,3.24
T003759,2025-10-26,C0420,B007,NEFT,ATM,287.0,Success,0.0
T003760,2025-08-15,C0438,B008,Branch Transfer,ATM,8695.91,Success,0.0
T003761,2025-07-06,C0013,B002,UPI,POS,1449.82,Success,0.0
T003762,2025-07-23,C0313,B007,UPI,Web,426.33,Success,0.0
T003763,2025-06-28,C0226,B006,UPI,Web,8019.07,Success,16.04
T003764,2025-10-01,C0102,B005,Card,Web,1205.63,Success,0.0
T003765,2025-11-04,C0209,B005,Card,Mobile,8256.07,Success,0.0
T003766,2025-04-24,C0244,B007,Card,Web,815.77,Success,0.82
T003767,2025-12-28,C0091,B001,UPI,POS,1066.54,Success,1.07
T003768,2025-04-16,C0222,B006,UPI,ATM,819.57,Success,0.82
T003769,2025-07-21,C0355,B006,ATM,Branch,2591.37,Success,0.0
T003770,2025-10-20,C0101,B001,NEFT,POS,805.72,Success,0.0
T003771,2025-02-05,C0146,B008,UPI,Branch,626.85,Success,0.0
T003772,2025-10-01,C0412,B004,UPI,ATM,3843.93,Success,7.69
T003773,2025-08-25,C0304,B005,Card,Mobile,1973.99,Success,0.0
T003774,2025-02-14,C0219,B001,UPI,ATM,720.09,Success,0.0
T003775,2025-08-31,C0362,B004,Card,ATM,696.16,Failed,0.0
T003776,2025-11-25,C0343,B002,NEFT,POS,1224.35,Success,1.22
T003777,2025-06-21,C0241,B008,Card,Mobile,1342.56,Success,2.69
T003778,2025-03-23,C0483,B003,Card,POS,301.5,Success,0.0
T003779,2025-03-07,C0057,B004,UPI,ATM,1335.1,Success,2.67
T003780,2025-12-11,C0492,B008,UPI,Branch,2468.88,Success,2.47
T003781,2025-09-14,C0479,B005,Card,Branch,586.23,Success,0.0
T003782,2025-02-03,C0297,B001,IMPS,Mobile,3611.28,Success,0.0
T003783,2025-01-16,C0454,B001,ATM,POS,670.55,Failed,0.0
T003784,2025-10-03,C0105,B001,NEFT,Mobile,715.99,Success,0.0
T003785,2025-05-11,C0117,B002,Card,ATM,3490.26,Success,0.0
T003786,2025-12-14,C0354,B002,UPI,POS,910.58,Success,0.0
T003787,2025-11-11,C0030,B008,UPI,Web,447.57,Success,0.9
T003788,2025-12-06,C0406,B001,IMPS,Branch,2981.94,Success,0.0
T003789,2025-09-23,C0253,B007,UPI,ATM,5131.08,Failed,0.0
T003790,2025-01-22,C0456,B006,Card,POS,23273.1,Failed,0.0
T003791,2025-01-13,C0111,B001,UPI,Branch,351.44,Success,0.0
T003792,2025-06-25,C0003,B004,UPI,Web,3773.11,Success,0.0
T003793,2025-11-29,C0106,B007,UPI,POS,2332.18,Success,0.0
T003794,2025-03-26,C0422,B005,Branch Transfer,Mobile,2230.66,Success,0.0
T003795,2025-04-03,C0412,B004,NEFT,ATM,814.23,Success,1.63
T003796,2025-02-17,C0111,B001,Card,Web,947.8,Success,1.9
T003797,2025-01-20,C0359,B008,IMPS,ATM,2534.04,Success,0.0
T003798,2025-03-05,C0271,B007,IMPS,POS,844.91,Success,0.0
T003799,2025-08-16,C0184,B004,IMPS,Web,1414.8,Success,2.83
T003800,2025-06-18,C0139,B001,NEFT,POS,792.37,Success,0.0
T003801,2025-09-06,C0081,B005,UPI,ATM,5438.64,Success,5.44
T003802,2025-03-09,C0437,B008,Card,Branch,184.73,Success,0.18
T003803,2025-09-28,C0397,B004,IMPS,Mobile,1999.58,Success,4.0
T003804,2025-01-28,C0125,B005,Branch Transfer,ATM,483.69,Success,0.97
T003805,2025-06-05,C0433,B008,UPI,Mobile,1487.82,Success,0.0
T003806,2025-12-29,C0423,B005,IMPS,Mobile,1525.16,Success,0.0
T003807,2025-10-20,C0262,B006,UPI,ATM,729.13,Success,0.0
T003808,2025-08-16,C0014,B004,Branch Transfer,POS,173.92,Success,0.0
T003809,2025-04-18,C0358,B006,Card,Web,823.14,Success,1.65
T003810,2025-03-20,C0340,B002,Card,Branch,2911.27,Success,2.91
T003811,2025-09-10,C0479,B005,UPI,Web,1729.67,Success,0.0
T003812,2025-09-21,C0112,B002,Card,Branch,14618.18,Success,0.0
T003813,2025-08-29,C0306,B007,NEFT,POS,853.02,Success,0.0
T003814,2025-06-08,C0427,B007,Card,Branch,3153.23,Success,0.0
T003815,2025-03-09,C0219,B001,UPI,Mobile,2477.99,Success,2.48
T003816,2025-06-18,C0079,B007,Card,Branch,1260.3,Success,0.0
T003817,2025-03-05,C0155,B007,IMPS,Mobile,1409.3,Success,0.0
T003818,2025-05-25,C0483,B003,ATM,Mobile,837.02,Success,0.0
T003819,2025-05-25,C0174,B006,Branch Transfer,POS,1022.87,Success,0.0
T003820,2025-06-22,C0494,B002,ATM,Branch,978.02,Success,0.0
T003821,2025-12-06,C0286,B007,UPI,Branch,3647.25,Success,3.65
T003822,2025-01-28,C0261,B002,Card,Mobile,3140.7,Success,6.28
T003823,2025-09-15,C0016,B006,Card,ATM,2510.86,Success,0.0
T003824,2025-06-18,C0467,B002,NEFT,Branch,2283.83,Success,4.57
T003825,2025-04-29,C0299,B002,UPI,Web,3467.71,Success,6.94
T003826,2025-02-05,C0446,B004,NEFT,POS,1110.78,Failed,0.0
T003827,2025-10-07,C0260,B005,Card,POS,413.97,Success,0.0
T003828,2025-02-17,C0041,B002,UPI,Mobile,3004.92,Success,0.0
T003829,2025-11-09,C0017,B006,IMPS,Branch,4902.28,Success,9.8
T003830,2025-09-13,C0125,B005,Card,POS,2164.26,Success,2.16
T003831,2025-12-02,C0087,B006,Branch Transfer,ATM,297.76,Success,0.0
T003832,2025-08-19,C0488,B002,Card,Web,3094.9,Success,3.09
T003833,2025-05-20,C0383,B005,ATM,POS,10958.04,Success,0.0
T003834,2025-02-17,C0359,B008,UPI,ATM,148.6,Success,0.15
T003835,2025-07-31,C0077,B007,UPI,Web,3310.13,Success,0.0
T003836,2025-09-11,C0390,B008,Card,POS,1275.77,Success,0.0
T003837,2025-12-16,C0048,B005,NEFT,POS,1151.78,Success,2.3
T003838,2025-06-09,C0087,B006,Card,Branch,1336.93,Success,0.0
T003839,2025-11-09,C0418,B003,UPI,ATM,5496.17,Success,0.0
T003840,2025-08-12,C0170,B008,Card,Branch,2054.37,Success,0.0
T003841,2025-10-26,C0406,B001,IMPS,Branch,3027.66,Failed,0.0
T003842,2025-08-03,C0200,B005,NEFT,POS,11077.22,Success,0.0
T003843,2025-03-16,C0401,B008,UPI,ATM,5229.93,Success,0.0
T003844,2025-10-14,C0197,B002,Card,Mobile,1377.5,Success,0.0
T003845,2025-12-12,C0199,B005,IMPS,ATM,622.17,Success,1.24
T003846,2025-09-14,C0254,B003,UPI,Branch,915.78,Success,0.0
T003847,2025-07-24,C0340,B002,NEFT,POS,5779.04,Success,5.78
T003848,2025-10-15,C0198,B007,NEFT,Branch,454.19,Success,0.0
T003849,2025-09-03,C0327,B002,NEFT,Branch,853.75,Success,0.0
T003850,2025-04-25,C0469,B004,UPI,ATM,383.59,Success,0.38
T003851,2025-05-09,C0099,B003,IMPS,ATM,1527.09,Success,0.0
T003852,2025-01-26,C0071,B004,UPI,ATM,275.41,Success,0.55
T003853,2025-12-03,C0344,B008,UPI,ATM,955.65,Success,0.0
T003854,2025-10-08,C0451,B002,UPI,Web,1806.47,Failed,0.0
T003855,2025-04-06,C0427,B007,IMPS,Web,1505.75,Success,1.51
T003856,2025-09-08,C0096,B008,NEFT,Web,2091.34,Success,0.0
T003857,2025-02-19,C0281,B007,UPI,Mobile,5657.05,Success,5.66
T003858,2025-07-06,C0020,B003,UPI,POS,2154.82,Success,0.0
T003859,2025-07-28,C0426,B002,Card,Web,1908.13,Success,0.0
T003860,2025-11-12,C0180,B002,NEFT,Web,873.69,Failed,0.0
T003861,2025-06-09,C0023,B001,Branch Transfer,Mobile,6904.16,Success,0.0
T003862,2025-02-09,C0220,B002,UPI,Branch,1731.69,Success,0.0
T003863,2025-05-25,C0057,B004,Branch Transfer,ATM,524.32,Success,0.52
T003864,2025-02-14,C0128,B004,UPI,Web,1213.9,Success,0.0
T003865,2025-07-25,C0104,B007,UPI,Web,1176.74,Success,1.18
T003866,2025-08-21,C0129,B006,UPI,Mobile,917.01,Failed,0.0
T003867,2025-05-04,C0346,B006,Card,ATM,161.88,Success,0.0
T003868,2025-12-17,C0463,B003,Branch Transfer,Branch,1618.5,Success,0.0
T003869,2025-02-08,C0490,B008,IMPS,Web,1913.83,Success,3.83
T003870,2025-04-03,C0415,B001,Branch Transfer,Web,476.26,Success,0.0
T003871,2025-11-19,C0009,B006,ATM,Mobile,859.94,Success,0.0
T003872,2025-08-03,C0446,B004,UPI,Web,1759.25,Success,3.52
T003873,2025-03-17,C0017,B006,UPI,ATM,1161.08,Success,0.0
T003874,2025-02-26,C0379,B003,Card,Mobile,4140.59,Success,8.28
T003875,2025-06-11,C0399,B004,UPI,Web,1856.19,Success,0.0
T003876,2025-08-02,C0115,B007,UPI,ATM,767.74,Success,0.0
T003877,2025-08-27,C0100,B008,IMPS,Mobile,240.84,Success,0.0
T003878,2025-05-15,C0208,B002,UPI,Branch,1955.64,Success,0.0
T003879,2025-02-26,C0032,B007,ATM,Web,596.22,Success,1.19
T003880,2025-04-19,C0442,B008,Branch Transfer,POS,2449.47,Success,2.45
T003881,2025-07-14,C0192,B003,Card,POS,1212.22,Success,0.0
T003882,2025-09-10,C0049,B001,Branch Transfer,Mobile,345.82,Success,0.0
T003883,2025-12-18,C0030,B008,UPI,POS,385.85,Success,0.39
T003884,2025-10-08,C0394,B005,UPI,ATM,2214.41,Success,2.21
T003885,2025-09-13,C0330,B003,UPI,Branch,3849.51,Success,0.0
T003886,2025-12-27,C0180,B002,IMPS,ATM,32479.98,Success,0.0
T003887,2025-04-14,C0293,B001,Branch Transfer,ATM,1175.74,Success,1.18
T003888,2025-10-23,C0004,B007,UPI,Branch,1781.38,Success,0.0
T003889,2025-10-25,C0057,B004,NEFT,Mobile,2134.24,Success,0.0
T003890,2025-08-12,C0288,B006,Card,Mobile,3891.39,Success,7.78
T003891,2025-05-23,C0302,B008,ATM,Branch,1953.18,Success,0.0
T003892,2025-07-27,C0354,B002,NEFT,Branch,1590.31,Success,3.18
T003893,2025-09-09,C0239,B002,ATM,Web,2524.83,Success,2.52
T003894,2025-07-17,C0358,B006,Card,Branch,1788.36,Success,3.58
T003895,2025-08-11,C0157,B003,UPI,ATM,1451.48,Success,2.9
T003896,2025-12-23,C0200,B005,IMPS,Web,2807.75,Success,0.0
T003897,2025-07-25,C0189,B005,UPI,Web,9816.75,Success,19.63
T003898,2025-01-23,C0181,B006,UPI,Branch,966.39,Success,1.93
T003899,2025-08-31,C0328,B007,UPI,Branch,1733.59,Success,1.73
T003900,2025-09-18,C0135,B001,Card,POS,7671.95,Success,0.0
T003901,2025-11-15,C0476,B003,NEFT,POS,723.74,Success,1.45
T003902,2025-08-29,C0303,B001,IMPS,POS,775.19,Success,0.0
T003903,2025-02-01,C0103,B005,NEFT,Branch,4775.81,Success,0.0
T003904,2025-09-09,C0415,B001,UPI,Web,438.78,Success,0.0
T003905,2025-05-03,C0190,B001,NEFT,POS,868.5,Success,0.87
T003906,2025-01-21,C0111,B001,UPI,ATM,1198.71,Success,1.2
T003907,2025-05-01,C0119,B008,UPI,POS,896.51,Success,0.0
T003908,2025-05-22,C0346,B006,IMPS,Web,4222.93,Success,0.0
T003909,2025-03-22,C0286,B007,Card,Mobile,6506.2,Success,0.0
T003910,2025-04-29,C0232,B006,Card,Branch,766.39,Success,0.0
T003911,2025-08-24,C0331,B003,Card,ATM,4738.5,Success,4.74
T003912,2025-11-26,C0429,B004,NEFT,Mobile,2848.74,Success,5.7
T003913,2025-06-03,C0235,B006,UPI,POS,373.62,Success,0.0
T003914,2025-12-23,C0474,B003,UPI,Web,2821.89,Success,5.64
T003915,2025-08-24,C0461,B007,UPI,Branch,2255.36,Success,0.0
T003916,2025-12-26,C0303,B001,ATM,ATM,1299.11,Success,2.6
T003917,2025-04-13,C0101,B001,Card,Mobile,1145.39,Success,1.15
T003918,2025-09-24,C0413,B004,Card,POS,896.47,Success,0.0
T003919,2025-05-20,C0330,B003,UPI,Branch,512.95,Success,1.03
T003920,2025-11-15,C0134,B003,UPI,Mobile,592.88,Success,0.0
T003921,2025-09-26,C0436,B004,IMPS,POS,1585.93,Success,3.17
T003922,2025-02-28,C0329,B002,UPI,Web,1978.76,Success,0.0
T003923,2025-06-07,C0271,B007,IMPS,ATM,1314.14,Success,1.31
T003924,2025-12-18,C0431,B006,UPI,Mobile,972.59,Success,0.0
T003925,2025-04-02,C0467,B002,Branch Transfer,POS,3502.86,Success,3.5
T003926,2025-12-23,C0364,B002,UPI,Branch,2841.71,Success,0.0
T003927,2025-12-08,C0127,B008,UPI,ATM,794.49,Success,1.59
T003928,2025-05-13,C0427,B007,Card,POS,737.06,Success,1.47
T003929,2025-02-09,C0437,B008,UPI,ATM,2676.37,Success,0.0
T003930,2025-02-08,C0069,B003,UPI,Web,2422.28,Success,0.0
T003931,2025-11-21,C0150,B005,UPI,ATM,1098.74,Success,2.2
T003932,2025-05-10,C0224,B004,NEFT,Branch,3854.66,Success,0.0
T003933,2025-07-04,C0201,B004,IMPS,POS,4341.61,Success,0.0
T003934,2025-08-13,C0060,B003,NEFT,POS,493.83,Success,0.0
T003935,2025-12-27,C0031,B008,UPI,POS,2659.7,Success,0.0
T003936,2025-03-01,C0442,B008,NEFT,ATM,571.97,Success,1.14
T003937,2025-02-27,C0258,B008,UPI,ATM,334.63,Success,0.67
T003938,2025-12-27,C0356,B001,Card,Branch,1743.26,Success,0.0
T003939,2025-03-20,C0165,B003,UPI,Branch,680.79,Success,0.0
T003940,2025-01-22,C0155,B007,UPI,Branch,2240.16,Success,0.0
T003941,2025-09-15,C0317,B003,Card,Mobile,1570.48,Success,3.14
T003942,2025-10-05,C0354,B002,UPI,POS,220.16,Success,0.0
T003943,2025-02-22,C0488,B002,Branch Transfer,ATM,950.23,Success,0.0
T003944,2025-03-18,C0098,B002,IMPS,Mobile,1644.47,Success,0.0
T003945,2025-06-11,C0265,B001,ATM,Web,695.19,Success,1.39
T003946,2025-05-01,C0455,B002,UPI,Web,4550.12,Failed,0.0
T003947,2025-05-09,C0076,B003,Card,Web,6316.74,Success,0.0
T003948,2025-03-13,C0006,B002,UPI,Mobile,3220.93,Success,3.22
T003949,2025-08-18,C0417,B006,Card,POS,3170.1,Success,6.34
T003950,2025-11-24,C0253,B007,IMPS,Branch,4056.73,Failed,0.0
T003951,2025-03-10,C0250,B007,UPI,Mobile,1296.42,Success,0.0
T003952,2025-04-22,C0124,B008,NEFT,Branch,4196.9,Success,8.39
T003953,2025-03-16,C0495,B004,UPI,Branch,113.02,Success,0.0
T003954,2025-05-29,C0178,B008,ATM,POS,835.05,Failed,0.0
T003955,2025-04-17,C0344,B008,Card,POS,1260.67,Success,0.0
T003956,2025-06-13,C0283,B002,NEFT,POS,363.18,Success,0.0
T003957,2025-04-08,C0296,B002,Branch Transfer,POS,3920.19,Success,3.92
T003958,2025-09-02,C0011,B005,ATM,Mobile,77.51,Success,0.0
T003959,2025-11-11,C0267,B003,NEFT,POS,1712.15,Success,1.71
T003960,2025-04-06,C0304,B005,NEFT,Mobile,2164.07,Success,2.16
T003961,2025-01-04,C0178,B008,ATM,Web,2066.04,Success,2.07
T003962,2025-06-27,C0401,B008,Card,Web,1520.07,Success,0.0
T003963,2025-01-06,C0280,B004,ATM,POS,4453.72,Success,0.0
T003964,2025-07-03,C0144,B002,UPI,Mobile,1833.3,Success,0.0
T003965,2025-06-17,C0381,B002,NEFT,Mobile,1115.65,Success,0.0
T003966,2025-12-27,C0472,B005,Branch Transfer,Mobile,269.51,Success,0.0
T003967,2025-04-28,C0345,B007,Branch Transfer,POS,3719.1,Success,0.0
T003968,2025-06-21,C0006,B002,IMPS,Web,641.05,Success,0.0
T003969,2025-05-14,C0122,B002,UPI,Mobile,5035.14,Success,5.04
T003970,2025-04-12,C0364,B002,ATM,Mobile,2910.15,Success,5.82
T003971,2025-09-22,C0072,B008,UPI,ATM,1668.23,Success,0.0
T003972,2025-06-07,C0484,B008,NEFT,Web,1034.48,Success,0.0
T003973,2025-06-12,C0226,B006,Branch Transfer,Mobile,859.41,Success,0.0
T003974,2025-06-06,C0045,B003,NEFT,Mobile,4116.92,Failed,0.0
T003975,2025-09-15,C0274,B005,Card,ATM,897.44,Success,1.79
T003976,2025-01-14,C0345,B007,UPI,Web,4686.81,Success,0.0
T003977,2025-08-02,C0361,B001,UPI,Mobile,413.64,Success,0.0
T003978,2025-02-14,C0279,B005,Card,POS,633.41,Success,0.63
T003979,2025-09-30,C0241,B008,Card,POS,2753.91,Success,0.0
T003980,2025-10-21,C0311,B008,Card,Web,512.69,Success,0.0
T003981,2025-04-15,C0371,B008,UPI,Branch,234.5,Success,0.0
T003982,2025-02-03,C0001,B005,UPI,ATM,948.61,Success,0.0
T003983,2025-08-22,C0492,B008,Card,Web,155.45,Success,0.0
T003984,2025-04-29,C0348,B007,Card,Branch,545.11,Failed,0.0
T003985,2025-12-03,C0067,B001,UPI,POS,567.98,Success,1.14
T003986,2025-10-26,C0482,B008,Card,ATM,4400.36,Success,4.4
T003987,2025-02-02,C0443,B001,UPI,POS,1342.23,Success,0.0
T003988,2025-02-13,C0275,B004,Card,Mobile,2055.83,Success,0.0
T003989,2025-09-17,C0143,B002,Card,ATM,428.99,Success,0.0
T003990,2025-09-14,C0379,B003,Card,Web,1633.36,Success,1.63
T003991,2025-02-28,C0144,B002,Card,Mobile,1161.64,Success,0.0
T003992,2025-09-06,C0179,B005,ATM,POS,1548.62,Success,0.0
T003993,2025-06-16,C0327,B002,UPI,ATM,1191.67,Success,0.0
T003994,2025-04-08,C0308,B007,IMPS,ATM,1919.12,Success,0.0
T003995,2025-07-30,C0016,B006,UPI,Mobile,853.58,Success,0.0
T003996,2025-08-28,C0379,B003,Branch Transfer,Web,477.53,Success,0.0
T003997,2025-12-18,C0029,B001,ATM,ATM,743.44,Success,0.0
T003998,2025-05-25,C0137,B008,Branch Transfer,POS,4403.86,Success,8.81
T003999,2025-07-31,C0347,B008,Card,Web,2938.9,Success,5.88
T004000,2025-03-11,C0330,B003,Branch Transfer,Branch,12813.15,Success,0.0
T004001,2025-03-13,C0400,B008,NEFT,Mobile,4963.8,Success,0.0
T004002,2025-03-30,C0401,B008,UPI,Mobile,438.84,Success,0.88
T004003,2025-05-24,C0457,B002,UPI,Web,1248.51,Success,0.0
T004004,2025-08-10,C0492,B008,UPI,Mobile,196.19,Failed,0.0
T004005,2025-05-13,C0357,B008,Card,POS,1261.5,Success,0.0
T004006,2025-08-27,C0238,B006,IMPS,ATM,856.13,Success,0.0
T004007,2025-05-31,C0338,B001,UPI,Branch,3342.97,Success,3.34
T004008,2025-09-29,C0396,B006,Card,Mobile,2157.59,Success,4.32
T004009,2025-04-20,C0387,B003,NEFT,POS,3757.28,Success,7.51
T004010,2025-03-15,C0294,B005,UPI,POS,2975.32,Success,0.0
T004011,2025-02-23,C0063,B006,Branch Transfer,Web,2055.72,Success,0.0
T004012,2025-05-07,C0070,B003,UPI,Mobile,789.07,Success,0.0
T004013,2025-03-05,C0262,B006,UPI,Mobile,1155.39,Success,0.0
T004014,2025-05-19,C0126,B007,UPI,ATM,2722.13,Success,0.0
T004015,2025-07-15,C0455,B002,ATM,Web,1401.45,Success,0.0
T004016,2025-03-12,C0195,B006,UPI,ATM,10526.52,Success,0.0
T004017,2025-02-25,C0133,B005,NEFT,Branch,10008.82,Success,0.0
T004018,2025-05-07,C0053,B006,IMPS,Web,2043.48,Success,0.0
T004019,2025-02-08,C0091,B001,Branch Transfer,Web,1000.92,Success,1.0
T004020,2025-07-07,C0384,B002,ATM,Mobile,2027.37,Success,2.03
T004021,2025-07-29,C0064,B008,UPI,ATM,3859.63,Success,7.72
T004022,2025-03-14,C0139,B001,Card,ATM,3111.06,Success,0.0
T004023,2025-08-13,C0108,B007,IMPS,ATM,5713.91,Success,11.43
T004024,2025-10-01,C0031,B008,UPI,Mobile,6232.95,Success,0.0
T004025,2025-04-09,C0094,B007,UPI,POS,976.53,Success,0.0
T004026,2025-12-22,C0029,B001,UPI,ATM,661.56,Success,0.0
T004027,2025-09-11,C0015,B004,UPI,Web,1533.23,Success,1.53
T004028,2025-05-13,C0185,B005,IMPS,Branch,1055.46,Success,1.06
T004029,2025-05-10,C0248,B006,UPI,Web,7463.45,Success,14.93
T004030,2025-06-06,C0018,B008,Card,ATM,977.2,Success,0.98
T004031,2025-07-06,C0413,B004,ATM,ATM,1460.67,Success,2.92
T004032,2025-11-30,C0463,B003,ATM,Mobile,2261.67,Success,0.0
T004033,2025-05-11,C0012,B006,UPI,Web,590.13,Success,0.0
T004034,2025-08-11,C0309,B006,UPI,Web,2360.95,Success,4.72
T004035,2025-11-20,C0073,B004,IMPS,ATM,1345.01,Success,0.0
T004036,2025-02-23,C0343,B002,IMPS,Web,993.86,Success,0.0
T004037,2025-07-10,C0068,B004,UPI,POS,13732.15,Failed,0.0
T004038,2025-05-07,C0153,B001,NEFT,Web,18963.33,Success,0.0
T004039,2025-10-13,C0236,B007,Card,POS,826.22,Success,0.0
T004040,2025-05-15,C0213,B005,UPI,POS,5401.88,Success,0.0
T004041,2025-08-22,C0182,B003,IMPS,Branch,3229.04,Success,0.0
T004042,2025-05-28,C0364,B002,NEFT,ATM,1317.83,Success,0.0
T004043,2025-01-13,C0462,B002,UPI,Branch,1837.47,Success,0.0
T004044,2025-02-22,C0199,B005,Card,Mobile,3957.8,Success,0.0
T004045,2025-07-19,C0143,B002,UPI,POS,1154.02,Success,0.0
T004046,2025-03-04,C0041,B002,Branch Transfer,Web,9145.07,Success,18.29
T004047,2025-09-02,C0020,B003,IMPS,POS,554.64,Success,0.0
T004048,2025-03-11,C0368,B008,Card,Web,5300.52,Success,0.0
T004049,2025-11-16,C0106,B007,UPI,Web,2290.4,Success,2.29
T004050,2025-03-10,C0375,B004,IMPS,Web,1546.62,Success,3.09
T004051,2025-06-26,C0041,B002,UPI,Mobile,384.1,Success,0.0
T004052,2025-04-10,C0132,B003,ATM,ATM,2564.7,Success,2.56
T004053,2025-09-12,C0111,B001,UPI,ATM,5536.41,Success,0.0
T004054,2025-01-03,C0093,B003,Card,POS,1650.95,Success,0.0
T004055,2025-01-27,C0186,B003,Card,Mobile,773.17,Success,0.0
T004056,2025-11-10,C0067,B001,Card,Web,1527.07,Failed,0.0
T004057,2025-12-20,C0351,B003,Card,POS,4576.59,Success,0.0
T004058,2025-07-30,C0077,B007,Card,Mobile,1396.99,Success,1.4
T004059,2025-03-22,C0447,B007,Branch Transfer,ATM,310.05,Success,0.0
T004060,2025-05-06,C0093,B003,Card,Web,2128.15,Success,0.0
T004061,2025-04-18,C0121,B008,UPI,POS,679.55,Success,1.36
T004062,2025-08-26,C0370,B005,Branch Transfer,Web,526.74,Success,0.0
T004063,2025-04-11,C0086,B008,UPI,Mobile,7165.65,Success,7.17
T004064,2025-11-06,C0454,B001,UPI,Mobile,483.48,Success,0.0
T004065,2025-04-24,C0485,B006,Branch Transfer,ATM,299.99,Success,0.3
T004066,2025-12-25,C0265,B001,IMPS,POS,573.15,Success,0.0
T004067,2025-10-22,C0174,B006,IMPS,Web,1041.07,Success,1.04
T004068,2025-05-08,C0462,B002,Card,POS,2831.07,Success,0.0
T004069,2025-06-23,C0220,B002,UPI,ATM,3987.76,Success,0.0
T004070,2025-04-26,C0407,B007,NEFT,Branch,461.35,Success,0.0
T004071,2025-02-24,C0075,B007,Card,Web,829.68,Success,1.66
T004072,2025-10-21,C0440,B002,Branch Transfer,Branch,4935.08,Failed,0.0
T004073,2025-12-14,C0285,B004,Card,POS,4510.23,Success,0.0
T004074,2025-08-17,C0162,B003,UPI,ATM,5903.23,Success,5.9
T004075,2025-02-16,C0487,B007,Card,ATM,2744.29,Success,5.49
T004076,2025-08-21,C0111,B001,Card,ATM,4279.49,Success,0.0
T004077,2025-12-10,C0347,B008,Card,Mobile,854.33,Success,1.71
T004078,2025-08-14,C0139,B001,UPI,ATM,676.65,Success,0.68
T004079,2025-10-24,C0202,B002,UPI,Web,1007.58,Success,0.0
T004080,2025-03-23,C0343,B002,Card,ATM,691.78,Success,0.0
T004081,2025-09-05,C0200,B005,Branch Transfer,ATM,3595.13,Success,7.19
T004082,2025-10-28,C0404,B001,UPI,Branch,314.35,Success,0.31
T004083,2025-01-04,C0011,B005,Card,Web,3891.79,Success,7.78
T004084,2025-12-01,C0209,B005,NEFT,Mobile,2268.98,Success,0.0
T004085,2025-05-06,C0421,B007,ATM,ATM,926.99,Success,1.85
T004086,2025-10-02,C0223,B007,UPI,Mobile,7953.93,Success,7.95
T004087,2025-09-13,C0378,B008,ATM,Mobile,1300.03,Success,1.3
T004088,2025-05-23,C0426,B002,IMPS,ATM,678.16,Failed,0.0
T004089,2025-10-30,C0376,B005,UPI,Web,5076.93,Success,0.0
T004090,2025-10-14,C0199,B005,Card,Web,3157.42,Success,3.16
T004091,2025-12-26,C0258,B008,Card,Mobile,927.61,Success,0.0
T004092,2025-06-16,C0379,B003,UPI,Web,961.57,Success,1.92
T004093,2025-10-04,C0149,B005,IMPS,Web,939.49,Success,0.0
T004094,2025-02-02,C0322,B008,UPI,Branch,3940.5,Success,0.0
T004095,2025-12-29,C0107,B007,UPI,Web,1693.39,Success,0.0
T004096,2025-10-27,C0296,B002,ATM,ATM,1920.36,Success,0.0
T004097,2025-01-13,C0289,B003,UPI,Mobile,2183.32,Success,0.0
T004098,2025-05-20,C0149,B005,Branch Transfer,Mobile,224.19,Success,0.22
T004099,2025-12-08,C0187,B007,UPI,Mobile,3134.26,Success,3.13
T004100,2025-06-11,C0152,B001,Card,Branch,1805.65,Success,0.0
T004101,2025-06-08,C0352,B001,Card,Branch,2479.76,Success,2.48
T004102,2025-07-10,C0478,B008,ATM,Branch,2730.86,Success,2.73
T004103,2025-10-15,C0024,B002,Card,Web,494.93,Success,0.0
T004104,2025-09-09,C0037,B004,Card,Web,562.61,Success,1.13
T004105,2025-10-13,C0304,B005,Card,Mobile,919.67,Success,0.92
T004106,2025-12-25,C0352,B001,Card,POS,2599.91,Success,5.2
T004107,2025-12-14,C0240,B002,UPI,Branch,1824.51,Success,0.0
T004108,2025-09-03,C0410,B005,UPI,POS,951.92,Success,0.0
T004109,2025-05-03,C0421,B007,UPI,POS,1545.37,Success,0.0
T004110,2025-06-15,C0273,B002,UPI,Web,1472.85,Success,0.0
T004111,2025-07-21,C0292,B008,UPI,ATM,599.63,Success,0.0
T004112,2025-12-29,C0233,B004,Branch Transfer,POS,867.38,Success,1.73
T004113,2025-11-29,C0103,B005,Card,Branch,2209.2,Success,0.0
T004114,2025-08-06,C0490,B008,Branch Transfer,POS,574.63,Success,0.0
T004115,2025-10-22,C0365,B003,Card,Branch,6173.16,Success,0.0
T004116,2025-10-01,C0335,B003,Branch Transfer,POS,581.32,Success,0.0
T004117,2025-10-26,C0315,B006,Branch Transfer,ATM,1263.88,Success,2.53
T004118,2025-08-29,C0325,B003,Card,ATM,9773.38,Success,19.55
T004119,2025-08-09,C0071,B004,Card,Branch,1131.95,Failed,0.0
T004120,2025-08-11,C0098,B002,Card,Mobile,3977.46,Failed,0.0
T004121,2025-01-03,C0417,B006,UPI,ATM,1465.12,Success,2.93
T004122,2025-12-13,C0439,B008,ATM,Branch,3014.56,Failed,0.0
T004123,2025-02-21,C0082,B005,Branch Transfer,ATM,1153.06,Success,0.0
T004124,2025-07-15,C0375,B004,UPI,Branch,418.4,Success,0.0
T004125,2025-08-06,C0173,B007,Card,Mobile,1991.64,Success,0.0
T004126,2025-03-21,C0268,B006,UPI,Mobile,2820.75,Success,5.64
T004127,2025-05-22,C0489,B007,UPI,POS,325.44,Success,0.65
T004128,2025-05-26,C0430,B004,UPI,POS,932.57,Success,0.0
T004129,2025-04-08,C0153,B001,IMPS,Web,885.28,Success,1.77
T004130,2025-05-07,C0378,B008,Branch Transfer,POS,1778.0,Success,3.56
T004131,2025-08-27,C0406,B001,UPI,Mobile,3714.79,Success,7.43
T004132,2025-09-05,C0240,B002,UPI,Web,1683.3,Success,0.0
T004133,2025-09-08,C0388,B004,Card,Branch,2394.19,Success,0.0
T004134,2025-02-03,C0204,B002,Card,ATM,1231.66,Success,0.0
T004135,2025-02-24,C0286,B007,UPI,POS,1063.16,Success,0.0
T004136,2025-10-23,C0112,B002,IMPS,Web,619.66,Success,0.0
T004137,2025-02-05,C0493,B008,UPI,Branch,785.1,Success,0.0
T004138,2025-10-04,C0317,B003,Branch Transfer,Branch,2141.17,Success,0.0
T004139,2025-04-07,C0243,B008,UPI,POS,6744.81,Success,13.49
T004140,2025-01-23,C0443,B001,UPI,ATM,1045.98,Success,0.0
T004141,2025-12-08,C0237,B004,Branch Transfer,Mobile,979.78,Failed,0.0
T004142,2025-12-28,C0427,B007,Card,Mobile,3310.81,Success,0.0
T004143,2025-05-22,C0368,B008,ATM,ATM,726.95,Success,0.0
T004144,2025-04-18,C0129,B006,ATM,Mobile,3934.21,Success,7.87
T004145,2025-03-17,C0130,B006,UPI,Branch,1930.62,Success,1.93
T004146,2025-09-14,C0368,B008,UPI,Branch,447.31,Success,0.89
T004147,2025-10-07,C0472,B005,UPI,POS,1433.69,Success,0.0
T004148,2025-07-10,C0385,B008,UPI,ATM,11493.93,Success,0.0
T004149,2025-08-06,C0264,B004,NEFT,ATM,1373.62,Success,1.37
T004150,2025-07-31,C0283,B002,UPI,Mobile,276.65,Failed,0.0
T004151,2025-05-29,C0124,B008,UPI,Branch,1245.57,Success,0.0
T004152,2025-11-29,C0182,B003,IMPS,Mobile,3171.93,Success,0.0
T004153,2025-06-01,C0172,B001,IMPS,Web,2707.92,Success,2.71
T004154,2025-02-04,C0161,B008,ATM,Branch,1522.68,Success,1.52
T004155,2025-12-12,C0292,B008,Card,ATM,3312.74,Success,3.31
T004156,2025-07-30,C0405,B006,UPI,Web,5786.73,Success,0.0
T004157,2025-06-11,C0230,B001,UPI,Web,1802.18,Success,0.0
T004158,2025-01-05,C0046,B001,Card,POS,485.49,Success,0.49
T004159,2025-07-08,C0325,B003,ATM,Branch,349.31,Success,0.35
T004160,2025-05-20,C0024,B002,UPI,POS,507.24,Success,0.0
T004161,2025-08-30,C0434,B006,UPI,POS,349.44,Success,0.0
T004162,2025-04-13,C0399,B004,Card,Web,2809.58,Failed,0.0
T004163,2025-03-20,C0311,B008,UPI,POS,1890.77,Success,0.0
T004164,2025-03-10,C0202,B002,Card,POS,3688.14,Success,0.0
T004165,2025-10-07,C0028,B008,Card,Mobile,4354.34,Success,8.71
T004166,2025-08-13,C0026,B005,Card,Branch,862.17,Failed,0.0
T004167,2025-06-08,C0312,B007,NEFT,Web,8211.74,Success,0.0
T004168,2025-07-29,C0266,B003,Card,Web,731.05,Success,0.73
T004169,2025-09-02,C0293,B001,IMPS,Web,910.78,Success,0.0
T004170,2025-08-18,C0168,B007,IMPS,Branch,681.82,Failed,0.0
T004171,2025-10-04,C0472,B005,ATM,ATM,1839.8,Failed,0.0
T004172,2025-04-01,C0240,B002,UPI,Branch,2183.5,Success,2.18
T004173,2025-02-23,C0204,B002,UPI,Branch,2880.81,Success,0.0
T004174,2025-09-20,C0446,B004,Card,POS,1492.47,Success,2.98
T004175,2025-08-30,C0490,B008,Branch Transfer,POS,1881.35,Failed,0.0
T004176,2025-05-11,C0458,B007,ATM,ATM,5779.06,Success,11.56
T004177,2025-09-24,C0043,B003,Branch Transfer,ATM,2015.36,Success,0.0
T004178,2025-01-25,C0140,B002,ATM,Mobile,11353.35,Success,22.71
T004179,2025-07-22,C0063,B006,Card,Web,544.9,Success,0.0
T004180,2025-09-10,C0253,B007,NEFT,Mobile,5583.24,Success,0.0
T004181,2025-12-11,C0398,B006,ATM,Web,587.0,Success,0.0
T004182,2025-01-04,C0016,B006,NEFT,Web,902.9,Success,0.0
T004183,2025-07-22,C0125,B005,NEFT,POS,3992.91,Success,0.0
T004184,2025-04-01,C0284,B005,UPI,Branch,1434.47,Success,2.87
T004185,2025-04-06,C0248,B006,UPI,Mobile,254.4,Success,0.0
T004186,2025-08-22,C0340,B002,Card,Branch,4460.67,Success,0.0
T004187,2025-06-25,C0193,B001,ATM,ATM,670.63,Success,0.0
T004188,2025-09-19,C0112,B002,Branch Transfer,Branch,1405.19,Success,0.0
T004189,2025-08-11,C0156,B006,NEFT,Web,1621.26,Success,3.24
T004190,2025-01-17,C0464,B001,ATM,Web,4050.33,Success,8.1
T004191,2025-11-18,C0145,B003,IMPS,Branch,1989.42,Success,0.0
T004192,2025-12-15,C0342,B006,UPI,ATM,864.39,Success,0.0
T004193,2025-02-08,C0358,B006,Card,Web,607.99,Success,0.0
T004194,2025-01-22,C0336,B006,ATM,POS,1153.72,Success,0.0
T004195,2025-04-21,C0489,B007,UPI,Branch,805.16,Success,0.0
T004196,2025-09-16,C0229,B006,UPI,POS,1076.17,Success,0.0
T004197,2025-04-02,C0004,B007,UPI,Branch,827.96,Success,0.0
T004198,2025-04-30,C0227,B002,IMPS,Web,1698.27,Success,0.0
T004199,2025-01-12,C0329,B002,UPI,POS,2359.88,Success,4.72
T004200,2025-02-08,C0144,B002,UPI,POS,908.47,Success,0.0
T004201,2025-09-14,C0133,B005,UPI,Web,1701.92,Success,0.0
T004202,2025-09-12,C0401,B008,Card,POS,1117.91,Success,0.0
T004203,2025-04-27,C0336,B006,Branch Transfer,ATM,2264.01,Success,0.0
T004204,2025-09-19,C0479,B005,UPI,Branch,86.74,Success,0.0
T004205,2025-08-21,C0086,B008,NEFT,POS,3481.54,Success,0.0
T004206,2025-05-01,C0465,B003,UPI,ATM,1139.08,Success,0.0
T004207,2025-08-07,C0015,B004,ATM,POS,5368.58,Success,10.74
T004208,2025-07-06,C0021,B003,UPI,ATM,841.47,Success,0.84
T004209,2025-09-01,C0439,B008,ATM,POS,2971.84,Success,0.0
T004210,2025-08-14,C0181,B006,Card,Mobile,7286.76,Failed,0.0
T004211,2025-05-11,C0084,B001,ATM,POS,1137.49,Success,0.0
T004212,2025-02-11,C0351,B003,Branch Transfer,Mobile,1830.8,Success,0.0
T004213,2025-05-21,C0052,B001,ATM,Branch,919.23,Success,0.92
T004214,2025-08-02,C0225,B008,Branch Transfer,Mobile,1842.74,Success,1.84
T004215,2025-09-05,C0050,B003,UPI,Branch,1212.42,Success,1.21
T004216,2025-01-21,C0389,B006,UPI,Web,699.02,Success,0.0
T004217,2025-08-20,C0157,B003,Card,Web,505.64,Success,0.0
T004218,2025-11-13,C0031,B008,Branch Transfer,POS,2854.12,Success,0.0
T004219,2025-10-12,C0289,B003,Card,Web,312.1,Success,0.31
T004220,2025-11-08,C0318,B005,ATM,Mobile,353.83,Success,0.35
T004221,2025-12-25,C0084,B001,Branch Transfer,POS,608.95,Success,0.0
T004222,2025-09-28,C0410,B005,UPI,Web,966.5,Success,0.97
T004223,2025-10-13,C0300,B006,UPI,Web,2778.55,Success,0.0
T004224,2025-02-09,C0309,B006,Card,Branch,1935.06,Success,0.0
T004225,2025-06-20,C0128,B004,Branch Transfer,ATM,1245.64,Success,0.0
T004226,2025-03-10,C0354,B002,UPI,Web,1191.6,Success,0.0
T004227,2025-08-01,C0498,B004,UPI,Branch,1666.87,Success,0.0
T004228,2025-05-26,C0017,B006,UPI,Web,462.37,Success,0.0
T004229,2025-05-29,C0139,B001,Branch Transfer,ATM,122.83,Success,0.25
T004230,2025-11-25,C0245,B004,UPI,Web,2429.13,Success,0.0
T004231,2025-11-17,C0439,B008,IMPS,Web,971.24,Success,0.0
T004232,2025-02-26,C0320,B008,UPI,Web,3894.36,Success,7.79
T004233,2025-05-09,C0462,B002,NEFT,Web,614.8,Success,0.61
T004234,2025-08-14,C0130,B006,IMPS,Branch,619.52,Success,1.24
T004235,2025-11-27,C0192,B003,Card,ATM,625.44,Success,0.63
T004236,2025-03-03,C0415,B001,UPI,Web,2844.9,Success,5.69
T004237,2025-12-18,C0470,B003,ATM,Mobile,4979.72,Success,0.0
T004238,2025-09-15,C0014,B004,UPI,Web,3679.3,Success,3.68
T004239,2025-04-16,C0158,B007,IMPS,POS,10527.02,Success,10.53
T004240,2025-02-28,C0200,B005,IMPS,Branch,312.87,Success,0.0
T004241,2025-06-08,C0468,B005,NEFT,POS,3184.95,Success,0.0
T004242,2025-09-09,C0468,B005,Card,Mobile,2114.08,Success,2.11
T004243,2025-05-17,C0435,B003,Card,Mobile,661.07,Success,0.0
T004244,2025-01-23,C0213,B005,UPI,Web,948.69,Success,0.95
T004245,2025-11-14,C0286,B007,Card,Mobile,1518.35,Success,0.0
T004246,2025-07-20,C0284,B005,ATM,ATM,381.04,Success,0.0
T004247,2025-08-25,C0019,B005,NEFT,POS,4818.07,Success,4.82
T004248,2025-05-14,C0449,B001,UPI,Branch,889.92,Success,0.0
T004249,2025-11-25,C0008,B007,Card,Branch,3001.63,Success,6.0
T004250,2025-07-01,C0035,B004,Card,POS,217.31,Success,0.43
T004251,2025-08-22,C0140,B002,Branch Transfer,POS,3661.99,Success,3.66
T004252,2025-03-29,C0258,B008,Card,POS,455.21,Success,0.46
T004253,2025-10-01,C0329,B002,ATM,Mobile,603.49,Success,0.0
T004254,2025-07-08,C0021,B003,Card,Mobile,2887.41,Success,0.0
T004255,2025-05-24,C0396,B006,ATM,POS,1317.13,Success,0.0
T004256,2025-07-29,C0324,B003,NEFT,Branch,5914.36,Success,11.83
T004257,2025-07-02,C0109,B008,UPI,ATM,762.54,Success,0.76
T004258,2025-02-11,C0433,B008,IMPS,ATM,822.77,Success,0.82
T004259,2025-12-02,C0430,B004,UPI,Web,1016.63,Success,2.03
T004260,2025-07-27,C0165,B003,Card,Branch,360.91,Success,0.36
T004261,2025-10-30,C0392,B001,UPI,ATM,10918.83,Success,0.0
T004262,2025-04-25,C0235,B006,Card,Web,6020.44,Success,0.0
T004263,2025-02-08,C0170,B008,UPI,Mobile,17310.59,Success,34.62
T004264,2025-12-04,C0043,B003,Card,POS,1030.25,Success,1.03
T004265,2025-11-21,C0385,B008,Branch Transfer,ATM,2380.9,Success,2.38
T004266,2025-03-24,C0450,B008,UPI,POS,2259.63,Success,4.52
T004267,2025-01-28,C0316,B008,UPI,Branch,7610.32,Success,0.0
T004268,2025-01-31,C0001,B005,Card,ATM,2914.2,Success,0.0
T004269,2025-08-01,C0074,B005,Card,ATM,91.62,Success,0.18
T004270,2025-12-29,C0036,B001,Branch Transfer,ATM,3195.58,Success,0.0
T004271,2025-11-11,C0083,B007,UPI,ATM,1293.07,Success,2.59
T004272,2025-01-12,C0073,B004,Card,POS,819.38,Success,0.0
T004273,2025-09-13,C0307,B008,Card,ATM,793.52,Success,0.79
T004274,2025-04-07,C0309,B006,NEFT,Mobile,2085.31,Success,4.17
T004275,2025-02-13,C0247,B007,ATM,ATM,5247.27,Success,0.0
T004276,2025-02-14,C0145,B003,Card,Mobile,822.9,Success,0.82
T004277,2025-04-03,C0341,B008,NEFT,POS,22706.29,Success,22.71
T004278,2025-01-25,C0277,B003,IMPS,Branch,2076.71,Success,2.08
T004279,2025-07-31,C0372,B005,Card,ATM,1292.87,Success,1.29
T004280,2025-08-22,C0392,B001,Card,Web,1043.51,Success,0.0
T004281,2025-09-16,C0129,B006,UPI,Mobile,183.83,Success,0.0
T004282,2025-01-26,C0056,B004,UPI,Mobile,2442.17,Success,0.0
T004283,2025-11-13,C0276,B001,IMPS,Web,195.24,Success,0.0
T004284,2025-12-14,C0187,B007,IMPS,Mobile,1558.93,Success,1.56
T004285,2025-07-12,C0074,B005,UPI,Branch,826.6,Success,0.83
T004286,2025-02-24,C0145,B003,UPI,Mobile,225.31,Success,0.0
T004287,2025-08-04,C0478,B008,Branch Transfer,Web,1706.03,Failed,0.0
T004288,2025-12-23,C0233,B004,ATM,ATM,5060.12,Success,10.12
T004289,2025-08-12,C0028,B008,Card,POS,666.19,Success,0.0
T004290,2025-04-16,C0318,B005,Card,ATM,2562.4,Success,5.12
T004291,2025-10-14,C0272,B007,NEFT,POS,5811.0,Failed,0.0
T004292,2025-02-12,C0184,B004,Card,ATM,4147.24,Success,8.29
T004293,2025-07-21,C0161,B008,NEFT,Web,892.71,Success,0.0
T004294,2025-10-27,C0122,B002,UPI,ATM,2842.32,Success,0.0
T004295,2025-01-05,C0253,B007,IMPS,Mobile,1490.43,Success,0.0
T004296,2025-12-17,C0064,B008,UPI,Branch,1356.8,Success,0.0
T004297,2025-03-15,C0251,B003,IMPS,Branch,2121.19,Success,0.0
T004298,2025-12-31,C0248,B006,UPI,Mobile,2009.85,Success,2.01
T004299,2025-05-08,C0345,B007,UPI,POS,190.28,Success,0.19
T004300,2025-03-07,C0317,B003,ATM,ATM,2939.25,Success,2.94
T004301,2025-04-01,C0432,B006,Card,Web,951.59,Success,0.0
T004302,2025-10-15,C0390,B008,IMPS,ATM,1246.4,Success,0.0
T004303,2025-01-27,C0349,B006,Card,ATM,5868.29,Success,0.0
T004304,2025-08-28,C0381,B002,UPI,Branch,237.97,Success,0.0
T004305,2025-10-14,C0213,B005,Branch Transfer,ATM,1798.02,Success,1.8
T004306,2025-11-24,C0209,B005,UPI,Mobile,1784.96,Success,1.78
T004307,2025-02-06,C0443,B001,UPI,ATM,1910.86,Success,0.0
T004308,2025-07-10,C0465,B003,Branch Transfer,POS,1524.54,Success,0.0
T004309,2025-02-11,C0066,B006,Branch Transfer,POS,2263.87,Success,0.0
T004310,2025-12-25,C0430,B004,ATM,POS,2010.85,Success,4.02
T004311,2025-11-07,C0322,B008,Branch Transfer,Mobile,2319.76,Success,0.0
T004312,2025-03-24,C0178,B008,Card,Web,321.05,Failed,0.0
T004313,2025-06-27,C0391,B004,ATM,Mobile,2945.0,Success,0.0
T004314,2025-09-05,C0069,B003,UPI,Branch,2506.35,Success,2.51
T004315,2025-02-25,C0105,B001,IMPS,Mobile,3366.86,Failed,0.0
T004316,2025-09-26,C0429,B004,Card,Web,361.96,Success,0.0
T004317,2025-01-07,C0099,B003,Card,Branch,905.55,Success,0.0
T004318,2025-07-11,C0233,B004,Card,Mobile,2383.02,Success,0.0
T004319,2025-06-02,C0001,B005,ATM,Branch,10933.63,Success,0.0
T004320,2025-01-10,C0105,B001,UPI,Web,541.1,Success,0.54
T004321,2025-06-16,C0384,B002,UPI,Mobile,9041.43,Success,0.0
T004322,2025-09-21,C0286,B007,NEFT,POS,5160.24,Success,5.16
T004323,2025-09-16,C0169,B005,NEFT,Web,1244.97,Success,0.0
T004324,2025-11-29,C0471,B003,Branch Transfer,POS,13594.51,Success,0.0
T004325,2025-02-10,C0391,B004,Card,ATM,1193.72,Success,2.39
T004326,2025-03-31,C0246,B002,Card,ATM,2009.9,Failed,0.0
T004327,2025-09-21,C0298,B006,UPI,ATM,3331.27,Success,6.66
T004328,2025-04-26,C0016,B006,Card,Web,397.55,Success,0.0
T004329,2025-12-30,C0080,B002,UPI,Branch,259.05,Success,0.0
T004330,2025-02-20,C0232,B006,Card,Mobile,347.6,Success,0.0
T004331,2025-07-26,C0190,B001,Card,ATM,1763.2,Success,1.76
T004332,2025-05-26,C0078,B002,ATM,ATM,4139.25,Success,8.28
T004333,2025-11-03,C0082,B005,Branch Transfer,Mobile,599.37,Success,0.0
T004334,2025-03-03,C0168,B007,UPI,Web,1321.95,Success,0.0
T004335,2025-02-13,C0205,B006,Card,Web,959.99,Success,1.92
T004336,2025-03-10,C0491,B003,IMPS,ATM,3474.02,Success,0.0
T004337,2025-10-16,C0363,B007,NEFT,ATM,595.48,Success,1.19
T004338,2025-12-10,C0098,B002,ATM,Branch,11816.85,Success,11.82
T004339,2025-07-22,C0443,B001,UPI,Mobile,1652.18,Success,0.0
T004340,2025-10-26,C0363,B007,ATM,POS,3411.69,Success,3.41
T004341,2025-03-14,C0097,B005,Branch Transfer,POS,2031.09,Success,0.0
T004342,2025-04-07,C0388,B004,Card,Branch,2506.06,Success,0.0
T004343,2025-02-24,C0197,B002,Card,Branch,1007.36,Success,2.01
T004344,2025-01-22,C0274,B005,Branch Transfer,Web,3324.52,Success,0.0
T004345,2025-10-23,C0006,B002,NEFT,Branch,1052.68,Failed,0.0
T004346,2025-01-09,C0084,B001,UPI,Branch,1291.03,Success,0.0
T004347,2025-08-04,C0186,B003,Card,ATM,1371.56,Success,0.0
T004348,2025-12-04,C0208,B002,ATM,POS,1446.44,Success,0.0
T004349,2025-09-08,C0209,B005,Card,Web,885.58,Success,1.77
T004350,2025-07-20,C0039,B007,UPI,ATM,2222.03,Success,0.0
T004351,2025-10-09,C0218,B004,NEFT,ATM,1151.35,Success,0.0
T004352,2025-09-15,C0265,B001,Card,Web,323.82,Success,0.32
T004353,2025-05-20,C0162,B003,Branch Transfer,Mobile,3080.21,Success,0.0
T004354,2025-02-16,C0435,B003,IMPS,Mobile,462.7,Success,0.46
T004355,2025-01-14,C0021,B003,UPI,Branch,1711.55,Success,0.0
T004356,2025-09-23,C0108,B007,Card,ATM,891.0,Success,0.0
T004357,2025-09-12,C0373,B003,UPI,POS,503.37,Failed,0.0
T004358,2025-05-22,C0310,B005,UPI,Branch,351.85,Failed,0.0
T004359,2025-02-04,C0255,B004,Card,Web,688.38,Success,0.0
T004360,2025-12-05,C0478,B008,Card,Mobile,191.42,Success,0.0
T004361,2025-10-26,C0045,B003,NEFT,POS,661.38,Success,0.0
T004362,2025-03-27,C0151,B007,NEFT,POS,174.38,Success,0.17
T004363,2025-10-29,C0320,B008,UPI,POS,5495.22,Success,10.99
T004364,2025-08-18,C0364,B002,NEFT,Web,5816.84,Success,5.82
T004365,2025-09-26,C0431,B006,Card,ATM,588.63,Failed,0.0
T004366,2025-11-28,C0009,B006,UPI,Mobile,1780.04,Success,0.0
T004367,2025-02-21,C0271,B007,Card,POS,1225.1,Success,0.0
T004368,2025-12-17,C0447,B007,ATM,POS,2276.55,Success,0.0
T004369,2025-01-03,C0086,B008,Card,Mobile,1015.67,Success,0.0
T004370,2025-04-25,C0114,B002,ATM,Branch,1505.69,Success,1.51
T004371,2025-08-20,C0432,B006,Card,Web,19660.51,Success,39.32
T004372,2025-01-18,C0391,B004,ATM,POS,853.58,Success,1.71
T004373,2025-04-06,C0386,B002,UPI,Branch,3068.16,Success,3.07
T004374,2025-09-04,C0272,B007,UPI,Web,3192.23,Success,3.19
T004375,2025-06-15,C0194,B006,UPI,ATM,4070.12,Success,4.07
T004376,2025-07-06,C0358,B006,UPI,ATM,2738.19,Success,0.0
T004377,2025-06-03,C0228,B006,Branch Transfer,Web,235.14,Success,0.47
T004378,2025-06-15,C0439,B008,UPI,Mobile,610.45,Success,0.0
T004379,2025-09-24,C0418,B003,Card,Web,3289.09,Success,0.0
T004380,2025-06-26,C0279,B005,UPI,ATM,1344.33,Success,0.0
T004381,2025-12-05,C0031,B008,Card,POS,215.06,Failed,0.0
T004382,2025-05-13,C0115,B007,Card,Branch,2258.49,Success,4.52
T004383,2025-05-08,C0027,B003,Branch Transfer,Web,382.29,Success,0.0
T004384,2025-04-16,C0438,B008,IMPS,Web,1767.35,Success,0.0
T004385,2025-06-14,C0143,B002,Card,Branch,988.05,Success,0.0
T004386,2025-09-29,C0437,B008,Branch Transfer,Web,2199.71,Success,0.0
T004387,2025-03-27,C0412,B004,Branch Transfer,Branch,5463.3,Success,10.93
T004388,2025-03-24,C0396,B006,IMPS,ATM,57.37,Failed,0.0
T004389,2025-08-02,C0247,B007,IMPS,ATM,590.22,Success,1.18
T004390,2025-05-23,C0334,B005,Card,POS,8790.56,Success,8.79
T004391,2025-10-20,C0050,B003,Branch Transfer,POS,806.06,Success,0.0
T004392,2025-05-24,C0488,B002,UPI,ATM,6045.11,Success,12.09
T004393,2025-02-18,C0445,B007,Branch Transfer,POS,1029.19,Success,2.06
T004394,2025-06-12,C0085,B006,Card,Mobile,2864.36,Success,0.0
T004395,2025-04-29,C0027,B003,UPI,Web,818.37,Success,1.64
T004396,2025-09-01,C0221,B006,UPI,POS,13794.83,Success,13.79
T004397,2025-10-07,C0417,B006,Branch Transfer,POS,1134.12,Success,2.27
T004398,2025-08-12,C0366,B008,NEFT,POS,2829.34,Success,0.0
T004399,2025-10-02,C0209,B005,UPI,Mobile,571.9,Success,0.57
T004400,2025-12-15,C0351,B003,Card,Web,5923.52,Success,11.85
T004401,2025-07-05,C0436,B004,Card,Branch,373.18,Success,0.0
T004402,2025-12-07,C0240,B002,UPI,ATM,647.8,Success,1.3
T004403,2025-01-22,C0199,B005,UPI,Mobile,561.59,Success,1.12
T004404,2025-04-17,C0121,B008,IMPS,Branch,977.04,Success,0.0
T004405,2025-10-20,C0145,B003,UPI,Mobile,18272.08,Success,0.0
T004406,2025-12-20,C0032,B007,UPI,POS,771.2,Success,0.0
T004407,2025-07-05,C0141,B004,ATM,Branch,926.34,Success,0.0
T004408,2025-07-13,C0316,B008,UPI,Mobile,4212.85,Success,0.0
T004409,2025-06-09,C0262,B006,Card,Branch,460.5,Failed,0.0
T004410,2025-01-23,C0383,B005,IMPS,ATM,2722.98,Success,0.0
T004411,2025-10-30,C0215,B006,UPI,POS,589.6,Success,0.0
T004412,2025-11-21,C0425,B005,NEFT,Branch,1045.99,Success,1.05
T004413,2025-10-06,C0280,B004,UPI,ATM,5078.35,Success,0.0
T004414,2025-04-19,C0079,B007,IMPS,Branch,1789.41,Success,0.0
T004415,2025-02-04,C0040,B006,NEFT,ATM,313.73,Success,0.63
T004416,2025-03-28,C0013,B002,UPI,Branch,3820.18,Success,3.82
T004417,2025-05-10,C0049,B001,Card,Branch,823.15,Success,0.0
T004418,2025-02-11,C0392,B001,UPI,Web,1786.65,Success,0.0
T004419,2025-10-10,C0289,B003,NEFT,Web,339.63,Success,0.0
T004420,2025-12-10,C0260,B005,Branch Transfer,Web,485.61,Success,0.0
T004421,2025-08-14,C0057,B004,ATM,POS,1624.09,Success,1.62
T004422,2025-03-27,C0221,B006,UPI,Web,464.22,Success,0.0
T004423,2025-11-04,C0143,B002,UPI,ATM,3801.51,Success,0.0
T004424,2025-03-28,C0024,B002,Card,POS,3736.89,Success,0.0
T004425,2025-09-16,C0118,B007,Branch Transfer,Branch,346.38,Success,0.0
T004426,2025-07-21,C0329,B002,Card,ATM,448.54,Success,0.9
T004427,2025-09-26,C0378,B008,UPI,Branch,1205.79,Success,2.41
T004428,2025-05-06,C0336,B006,ATM,ATM,1743.04,Success,0.0
T004429,2025-01-30,C0499,B004,IMPS,ATM,451.63,Success,0.0
T004430,2025-01-15,C0300,B006,ATM,Mobile,562.61,Success,1.13
T004431,2025-05-10,C0248,B006,UPI,Branch,1256.9,Success,0.0
T004432,2025-09-06,C0064,B008,Branch Transfer,ATM,741.75,Success,1.48
T004433,2025-09-29,C0469,B004,Card,ATM,2649.97,Success,0.0
T004434,2025-07-13,C0307,B008,Card,Mobile,5832.72,Success,5.83
T004435,2025-05-30,C0393,B001,ATM,Mobile,2941.88,Success,5.88
T004436,2025-01-01,C0279,B005,UPI,Web,1535.21,Success,0.0
T004437,2025-10-01,C0405,B006,NEFT,Web,1816.39,Success,3.63
T004438,2025-07-06,C0397,B004,UPI,Branch,376.82,Success,0.0
T004439,2025-08-14,C0499,B004,Card,Mobile,2623.4,Success,5.25
T004440,2025-12-08,C0112,B002,IMPS,ATM,1202.5,Success,1.2
T004441,2025-05-14,C0077,B007,ATM,ATM,1672.5,Success,1.67
T004442,2025-11-09,C0081,B005,ATM,Web,4005.91,Success,0.0
T004443,2025-11-16,C0490,B008,IMPS,Mobile,805.47,Success,0.81
T004444,2025-12-01,C0268,B006,Card,Web,1071.6,Success,1.07
T004445,2025-12-27,C0149,B005,ATM,ATM,580.61,Success,0.58
T004446,2025-06-18,C0234,B005,UPI,Mobile,1400.8,Success,1.4
T004447,2025-10-29,C0142,B007,Branch Transfer,ATM,1372.26,Success,1.37
T004448,2025-09-03,C0295,B007,Branch Transfer,Web,702.97,Success,0.0
T004449,2025-12-18,C0396,B006,UPI,POS,1054.92,Success,2.11
T004450,2025-01-27,C0050,B003,Card,ATM,2688.56,Success,2.69
T004451,2025-11-16,C0220,B002,NEFT,Mobile,1515.8,Success,1.52
T004452,2025-08-06,C0347,B008,Branch Transfer,Web,1711.86,Success,1.71
T004453,2025-07-30,C0119,B008,UPI,Branch,2470.92,Success,0.0
T004454,2025-08-03,C0285,B004,Card,Mobile,526.49,Success,1.05
T004455,2025-03-15,C0284,B005,ATM,POS,1752.6,Success,3.51
T004456,2025-10-01,C0329,B002,Card,Mobile,3448.33,Success,6.9
T004457,2025-07-27,C0320,B008,UPI,ATM,1566.9,Success,3.13
T004458,2025-07-08,C0449,B001,UPI,Branch,2186.2,Success,0.0
T004459,2025-08-02,C0461,B007,UPI,Mobile,1604.28,Success,1.6
T004460,2025-03-05,C0253,B007,Card,ATM,1961.94,Success,0.0
T004461,2025-06-06,C0384,B002,UPI,Web,353.38,Success,0.0
T004462,2025-03-04,C0397,B004,UPI,Web,1842.33,Success,0.0
T004463,2025-10-15,C0376,B005,Card,ATM,803.93,Success,0.0
T004464,2025-12-31,C0302,B008,Card,Mobile,5894.87,Success,0.0
T004465,2025-11-25,C0409,B007,Branch Transfer,ATM,1419.87,Success,0.0
T004466,2025-07-07,C0229,B006,Card,Mobile,2416.5,Success,4.83
T004467,2025-08-09,C0408,B002,NEFT,Mobile,1467.55,Success,1.47
T004468,2025-11-22,C0394,B005,UPI,Web,929.22,Success,0.0
T004469,2025-07-13,C0180,B002,Branch Transfer,Branch,507.16,Success,0.0
T004470,2025-07-23,C0350,B008,ATM,Branch,1379.19,Success,0.0
T004471,2025-03-21,C0057,B004,ATM,Branch,2303.96,Success,0.0
T004472,2025-04-20,C0221,B006,IMPS,Web,891.67,Success,0.0
T004473,2025-08-23,C0357,B008,UPI,Branch,2225.25,Success,0.0
T004474,2025-07-28,C0466,B007,Card,ATM,4288.17,Success,0.0
T004475,2025-02-06,C0127,B008,Card,ATM,324.5,Failed,0.0
T004476,2025-09-05,C0454,B001,UPI,POS,662.57,Success,0.66
T004477,2025-12-01,C0081,B005,UPI,ATM,388.85,Success,0.0
T004478,2025-12-26,C0364,B002,Card,ATM,2086.56,Success,0.0
T004479,2025-12-26,C0016,B006,NEFT,Branch,3105.93,Success,0.0
T004480,2025-08-13,C0197,B002,Card,Web,4584.24,Success,0.0
T004481,2025-03-22,C0143,B002,NEFT,ATM,3446.62,Success,6.89
T004482,2025-06-21,C0114,B002,UPI,Web,1245.72,Success,0.0
T004483,2025-09-23,C0500,B003,UPI,Branch,1022.99,Success,1.02
T004484,2025-10-13,C0439,B008,IMPS,ATM,7399.02,Success,0.0
T004485,2025-07-29,C0069,B003,UPI,ATM,460.49,Failed,0.0
T004486,2025-07-07,C0341,B008,Branch Transfer,ATM,394.26,Success,0.0
T004487,2025-03-06,C0048,B005,IMPS,POS,650.85,Success,1.3
T004488,2025-12-02,C0223,B007,UPI,Web,8070.01,Success,8.07
T004489,2025-08-09,C0161,B008,UPI,ATM,1156.12,Success,0.0
T004490,2025-09-05,C0045,B003,ATM,Web,219.53,Success,0.44
T004491,2025-09-24,C0244,B007,UPI,Branch,1092.1,Failed,0.0
T004492,2025-04-12,C0411,B004,UPI,Branch,662.37,Success,1.32
T004493,2025-12-19,C0217,B006,UPI,ATM,727.71,Success,0.73
T004494,2025-07-12,C0350,B008,UPI,Web,198.68,Success,0.0
T004495,2025-03-14,C0078,B002,UPI,Mobile,2223.82,Success,2.22
T004496,2025-12-13,C0380,B004,Card,Mobile,412.34,Success,0.41
T004497,2025-10-13,C0316,B008,Card,POS,683.45,Success,0.0
T004498,2025-11-28,C0342,B006,IMPS,POS,2331.9,Success,2.33
T004499,2025-09-07,C0057,B004,IMPS,ATM,1764.35,Success,0.0
T004500,2025-10-05,C0264,B004,ATM,Mobile,1785.68,Success,3.57
T004501,2025-03-03,C0280,B004,UPI,Mobile,709.72,Success,0.0
T004502,2025-02-27,C0284,B005,NEFT,Web,4107.67,Failed,0.0
T004503,2025-11-25,C0175,B001,Card,Mobile,3934.64,Success,7.87
T004504,2025-04-05,C0325,B003,Branch Transfer,Web,1810.96,Success,0.0
T004505,2025-05-29,C0468,B005,Branch Transfer,POS,2572.97,Success,0.0
T004506,2025-04-08,C0269,B002,Card,POS,503.52,Success,1.01
T004507,2025-10-14,C0422,B005,IMPS,Mobile,3864.13,Success,3.86
T004508,2025-10-24,C0442,B008,UPI,ATM,920.05,Success,0.92
T004509,2025-12-18,C0214,B001,Card,Mobile,3069.65,Success,6.14
T004510,2025-01-12,C0109,B008,UPI,POS,1800.39,Success,0.0
T004511,2025-12-12,C0292,B008,IMPS,POS,993.13,Success,0.0
T004512,2025-03-15,C0198,B007,ATM,Web,3332.34,Success,0.0
T004513,2025-04-26,C0434,B006,UPI,Branch,1766.23,Success,0.0
T004514,2025-04-22,C0051,B002,NEFT,Branch,2791.75,Success,0.0
T004515,2025-06-14,C0129,B006,Card,ATM,13710.86,Success,0.0
T004516,2025-01-19,C0453,B002,Card,Branch,801.75,Success,0.0
T004517,2025-09-29,C0264,B004,Card,Branch,1737.27,Success,0.0
T004518,2025-07-16,C0314,B008,Card,Branch,1874.77,Success,3.75
T004519,2025-03-14,C0415,B001,Branch Transfer,Web,1297.18,Success,2.59
T004520,2025-03-31,C0043,B003,Card,POS,796.67,Success,1.59
T004521,2025-06-26,C0361,B001,Branch Transfer,Web,2290.47,Success,0.0
T004522,2025-03-10,C0464,B001,ATM,POS,1457.87,Success,0.0
T004523,2025-07-05,C0152,B001,ATM,ATM,2814.59,Success,0.0
T004524,2025-04-20,C0342,B006,UPI,Web,900.77,Success,0.0
T004525,2025-05-03,C0487,B007,IMPS,Branch,376.37,Success,0.38
T004526,2025-10-21,C0439,B008,NEFT,Branch,4688.89,Success,0.0
T004527,2025-11-27,C0247,B007,NEFT,ATM,6622.96,Success,0.0
T004528,2025-10-10,C0001,B005,UPI,Branch,281.99,Success,0.0
T004529,2025-02-13,C0010,B004,NEFT,Web,1079.83,Success,0.0
T004530,2025-05-25,C0097,B005,UPI,Web,708.42,Failed,0.0
T004531,2025-05-16,C0069,B003,UPI,Branch,5441.34,Success,0.0
T004532,2025-05-10,C0234,B005,Card,POS,2027.05,Failed,0.0
T004533,2025-06-26,C0270,B003,UPI,Web,1602.83,Success,1.6
T004534,2025-04-28,C0272,B007,Card,ATM,692.09,Success,1.38
T004535,2025-01-09,C0091,B001,IMPS,POS,3011.33,Success,6.02
T004536,2025-07-08,C0127,B008,NEFT,Branch,3059.83,Success,0.0
T004537,2025-12-26,C0296,B002,Branch Transfer,Web,8774.56,Success,0.0
T004538,2025-11-27,C0067,B001,NEFT,POS,872.18,Success,0.87
T004539,2025-05-29,C0487,B007,Card,POS,1826.41,Success,3.65
T004540,2025-08-11,C0404,B001,UPI,ATM,238.11,Success,0.48
T004541,2025-05-29,C0317,B003,IMPS,Mobile,374.89,Success,0.0
T004542,2025-10-14,C0365,B003,UPI,Mobile,1290.05,Success,0.0
T004543,2025-05-24,C0317,B003,Card,POS,1447.11,Success,0.0
T004544,2025-10-26,C0469,B004,Card,POS,3298.45,Failed,0.0
T004545,2025-09-10,C0450,B008,NEFT,Web,2235.87,Success,0.0
T004546,2025-01-23,C0011,B005,Card,Web,1908.98,Success,0.0
T004547,2025-07-28,C0259,B003,NEFT,Branch,1944.37,Success,0.0
T004548,2025-10-28,C0166,B005,UPI,POS,537.04,Success,0.0
T004549,2025-07-23,C0359,B008,Card,Mobile,4249.41,Failed,0.0
T004550,2025-09-19,C0340,B002,UPI,Web,3989.83,Success,3.99
T004551,2025-03-22,C0140,B002,NEFT,Branch,1359.34,Success,2.72
T004552,2025-06-28,C0217,B006,IMPS,ATM,597.6,Success,0.0
T004553,2025-08-22,C0059,B005,UPI,ATM,1169.98,Success,0.0
T004554,2025-05-01,C0106,B007,UPI,Branch,6130.03,Success,6.13
T004555,2025-04-19,C0228,B006,UPI,POS,12416.76,Success,0.0
T004556,2025-09-04,C0438,B008,UPI,ATM,558.76,Success,0.0
T004557,2025-08-29,C0001,B005,Branch Transfer,Mobile,7734.46,Success,7.73
T004558,2025-12-05,C0482,B008,Branch Transfer,Branch,2035.79,Success,2.04
T004559,2025-12-29,C0455,B002,Branch Transfer,Web,2113.13,Success,2.11
T004560,2025-02-16,C0407,B007,Card,Branch,2485.78,Success,0.0
T004561,2025-09-14,C0217,B006,NEFT,POS,3039.77,Failed,0.0
T004562,2025-03-15,C0191,B006,ATM,Branch,863.9,Success,0.86
T004563,2025-06-13,C0106,B007,IMPS,Branch,1340.39,Success,0.0
T004564,2025-09-25,C0091,B001,NEFT,ATM,2148.07,Success,2.15
T004565,2025-08-01,C0486,B006,IMPS,Web,2076.42,Success,4.15
T004566,2025-07-27,C0337,B005,NEFT,ATM,205.79,Success,0.21
T004567,2025-12-24,C0202,B002,UPI,Branch,463.07,Success,0.0
T004568,2025-07-25,C0456,B006,UPI,ATM,812.17,Success,0.0
T004569,2025-02-09,C0348,B007,Card,ATM,312.91,Success,0.0
T004570,2025-09-14,C0430,B004,UPI,Branch,341.93,Success,0.0
T004571,2025-11-20,C0384,B002,Branch Transfer,Branch,2612.36,Success,0.0
T004572,2025-11-18,C0473,B004,ATM,Branch,4565.26,Success,9.13
T004573,2025-08-24,C0226,B006,Card,Mobile,456.12,Success,0.91
T004574,2025-02-15,C0243,B008,Branch Transfer,ATM,634.23,Success,0.0
T004575,2025-10-09,C0361,B001,UPI,POS,4268.7,Success,0.0
T004576,2025-04-22,C0127,B008,IMPS,POS,3006.38,Success,6.01
T004577,2025-08-30,C0100,B008,ATM,POS,1259.77,Success,2.52
T004578,2025-02-08,C0148,B004,Card,POS,1338.79,Success,0.0
T004579,2025-03-30,C0137,B008,IMPS,Mobile,1934.52,Success,1.93
T004580,2025-08-12,C0243,B008,NEFT,Web,4238.77,Success,0.0
T004581,2025-07-08,C0355,B006,Card,Branch,364.34,Success,0.0
T004582,2025-01-03,C0100,B008,IMPS,POS,733.73,Success,0.0
T004583,2025-04-25,C0476,B003,IMPS,POS,1111.13,Success,2.22
T004584,2025-02-23,C0255,B004,Card,ATM,4190.08,Success,4.19
T004585,2025-03-22,C0249,B008,Card,ATM,9739.93,Success,9.74
T004586,2025-07-04,C0347,B008,UPI,Mobile,1351.25,Success,0.0
T004587,2025-03-04,C0473,B004,Branch Transfer,ATM,269.25,Success,0.27
T004588,2025-06-08,C0207,B006,ATM,ATM,2810.0,Success,0.0
T004589,2025-01-06,C0272,B007,UPI,Branch,1992.12,Success,1.99
T004590,2025-09-09,C0305,B001,ATM,Branch,650.19,Success,0.0
T004591,2025-10-08,C0273,B002,Branch Transfer,Branch,427.3,Success,0.0
T004592,2025-06-19,C0391,B004,UPI,POS,743.69,Success,0.0
T004593,2025-04-28,C0210,B004,UPI,Web,1061.99,Success,1.06
T004594,2025-02-28,C0258,B008,NEFT,Web,749.83,Success,0.75
T004595,2025-06-10,C0148,B004,UPI,Branch,871.38,Success,0.0
T004596,2025-08-02,C0067,B001,UPI,POS,980.84,Success,0.0
T004597,2025-05-19,C0039,B007,Card,Branch,1945.68,Failed,0.0
T004598,2025-01-09,C0194,B006,Card,Branch,2103.56,Success,0.0
T004599,2025-04-29,C0369,B005,Card,ATM,811.83,Success,1.62
T004600,2025-08-19,C0269,B002,ATM,Branch,1518.24,Success,0.0
T004601,2025-05-06,C0060,B003,UPI,ATM,2407.37,Failed,0.0
T004602,2025-11-04,C0491,B003,Branch Transfer,Web,394.42,Success,0.0
T004603,2025-09-03,C0174,B006,UPI,Mobile,1400.71,Success,0.0
T004604,2025-04-24,C0073,B004,Card,POS,1551.49,Success,0.0
T004605,2025-10-08,C0042,B004,IMPS,POS,4336.05,Success,8.67
T004606,2025-04-24,C0435,B003,UPI,Mobile,394.26,Success,0.0
T004607,2025-10-29,C0166,B005,UPI,ATM,363.34,Success,0.36
T004608,2025-07-06,C0282,B003,UPI,ATM,732.44,Success,0.0
T004609,2025-04-05,C0474,B003,UPI,Web,226.78,Success,0.0
T004610,2025-11-09,C0097,B005,UPI,ATM,10818.31,Success,0.0
T004611,2025-04-10,C0450,B008,ATM,POS,2037.28,Success,0.0
T004612,2025-12-27,C0096,B008,UPI,POS,1431.86,Success,1.43
T004613,2025-10-10,C0334,B005,UPI,Web,2864.09,Success,2.86
T004614,2025-10-29,C0025,B005,Branch Transfer,Branch,1234.5,Success,0.0
T004615,2025-07-17,C0433,B008,Card,POS,2093.41,Failed,0.0
T004616,2025-06-16,C0415,B001,Branch Transfer,Mobile,5935.35,Success,0.0
T004617,2025-12-27,C0228,B006,UPI,Mobile,64.3,Success,0.0
T004618,2025-08-15,C0009,B006,NEFT,Web,4745.01,Success,0.0
T004619,2025-09-22,C0230,B001,UPI,Mobile,922.12,Success,0.0
T004620,2025-06-29,C0378,B008,Card,POS,445.33,Success,0.89
T004621,2025-08-15,C0431,B006,UPI,POS,3152.68,Success,6.31
T004622,2025-12-10,C0236,B007,UPI,ATM,1511.25,Success,0.0
T004623,2025-04-13,C0392,B001,NEFT,POS,3385.47,Success,0.0
T004624,2025-09-02,C0321,B004,UPI,Mobile,1969.7,Failed,0.0
T004625,2025-08-21,C0394,B005,IMPS,Branch,5160.6,Success,0.0
T004626,2025-08-01,C0311,B008,Card,Mobile,491.5,Success,0.49
T004627,2025-04-04,C0424,B007,Card,Mobile,494.02,Success,0.0
T004628,2025-10-21,C0148,B004,UPI,Branch,382.6,Success,0.0
T004629,2025-04-09,C0353,B005,Card,Branch,4906.59,Success,0.0
T004630,2025-05-14,C0287,B006,NEFT,Mobile,1708.85,Success,3.42
T004631,2025-08-15,C0217,B006,UPI,Branch,1646.99,Success,0.0
T004632,2025-09-04,C0244,B007,Card,ATM,8170.38,Success,0.0
T004633,2025-02-21,C0149,B005,ATM,Branch,436.32,Success,0.44
T004634,2025-12-04,C0461,B007,UPI,POS,4717.62,Success,9.44
T004635,2025-09-15,C0378,B008,Card,ATM,937.01,Success,0.0
T004636,2025-09-15,C0249,B008,UPI,Mobile,938.14,Success,1.88
T004637,2025-05-28,C0079,B007,Branch Transfer,POS,513.25,Success,0.0
T004638,2025-03-01,C0126,B007,Card,ATM,1006.28,Success,0.0
T004639,2025-07-15,C0323,B002,Branch Transfer,Branch,200.16,Success,0.0
T004640,2025-12-02,C0340,B002,Card,POS,720.3,Success,1.44
T004641,2025-03-08,C0071,B004,NEFT,ATM,2166.83,Success,2.17
T004642,2025-06-07,C0311,B008,NEFT,Mobile,651.17,Success,1.3
T004643,2025-12-14,C0472,B005,UPI,Branch,2075.57,Success,0.0
T004644,2025-03-26,C0072,B008,UPI,Mobile,802.76,Success,0.8
T004645,2025-04-24,C0269,B002,UPI,POS,557.78,Success,0.0
T004646,2025-12-30,C0323,B002,Card,Mobile,4254.53,Success,0.0
T004647,2025-07-02,C0134,B003,UPI,Web,5900.68,Success,5.9
T004648,2025-06-11,C0432,B006,UPI,Branch,449.86,Success,0.9
T004649,2025-02-07,C0108,B007,Card,Branch,3554.94,Success,0.0
T004650,2025-02-25,C0309,B006,NEFT,ATM,1692.12,Success,0.0
T004651,2025-07-29,C0134,B003,Card,Web,512.83,Success,0.0
T004652,2025-02-25,C0216,B007,UPI,POS,1058.77,Success,0.0
T004653,2025-09-13,C0182,B003,IMPS,POS,1434.25,Success,2.87
T004654,2025-08-20,C0316,B008,UPI,Branch,10834.48,Success,0.0
T004655,2025-08-06,C0049,B001,UPI,Mobile,798.22,Failed,0.0
T004656,2025-05-10,C0136,B002,Card,Mobile,4105.77,Success,0.0
T004657,2025-04-05,C0190,B001,Card,POS,840.57,Success,0.0
T004658,2025-08-01,C0463,B003,IMPS,Web,434.49,Success,0.0
T004659,2025-08-26,C0478,B008,Card,Mobile,630.65,Success,0.0
T004660,2025-04-07,C0309,B006,ATM,Web,3830.18,Success,0.0
T004661,2025-03-30,C0160,B008,ATM,Branch,3041.32,Success,0.0
T004662,2025-05-19,C0134,B003,UPI,ATM,233.5,Success,0.0
T004663,2025-06-16,C0080,B002,Card,Web,949.73,Success,0.95
T004664,2025-02-15,C0426,B002,UPI,Mobile,918.22,Success,0.0
T004665,2025-01-05,C0432,B006,Card,ATM,8198.13,Success,8.2
T004666,2025-07-08,C0004,B007,Card,POS,1799.79,Success,0.0
T004667,2025-03-30,C0473,B004,NEFT,Web,1213.13,Success,0.0
T004668,2025-01-17,C0158,B007,NEFT,Web,358.25,Success,0.0
T004669,2025-07-28,C0078,B002,Card,Branch,1325.46,Success,0.0
T004670,2025-08-08,C0229,B006,Card,Mobile,1105.68,Success,2.21
T004671,2025-11-21,C0298,B006,ATM,ATM,3916.08,Success,3.92
T004672,2025-12-18,C0299,B002,UPI,Web,1765.7,Success,0.0
T004673,2025-09-08,C0214,B001,UPI,Branch,3239.31,Success,3.24
T004674,2025-05-14,C0259,B003,IMPS,Web,6248.11,Success,0.0
T004675,2025-11-29,C0208,B002,Card,Web,1200.63,Success,0.0
T004676,2025-07-23,C0039,B007,UPI,Branch,7632.22,Success,7.63
T004677,2025-01-08,C0306,B007,UPI,ATM,1809.72,Success,0.0
T004678,2025-12-07,C0408,B002,Branch Transfer,ATM,3300.98,Success,3.3
T004679,2025-01-06,C0277,B003,UPI,Web,1113.9,Success,2.23
T004680,2025-09-28,C0257,B002,ATM,Mobile,4262.64,Success,0.0
T004681,2025-07-01,C0057,B004,UPI,Web,1878.99,Success,1.88
T004682,2025-02-14,C0134,B003,ATM,Mobile,1719.06,Success,1.72
T004683,2025-08-04,C0257,B002,ATM,Mobile,712.35,Success,0.71
T004684,2025-03-14,C0487,B007,Card,Mobile,1441.8,Success,0.0
T004685,2025-10-09,C0327,B002,Branch Transfer,Web,1040.45,Failed,0.0
T004686,2025-01-23,C0173,B007,Branch Transfer,POS,1000.08,Success,2.0
T004687,2025-11-30,C0255,B004,UPI,POS,292.15,Success,0.0
T004688,2025-09-02,C0314,B008,NEFT,Web,1621.92,Success,3.24
T004689,2025-10-10,C0215,B006,UPI,Mobile,103.26,Success,0.0
T004690,2025-01-22,C0149,B005,Card,Mobile,520.12,Success,1.04
T004691,2025-11-13,C0100,B008,UPI,Branch,3292.05,Success,0.0
T004692,2025-07-23,C0091,B001,IMPS,ATM,1363.39,Failed,0.0
T004693,2025-05-27,C0253,B007,Card,POS,626.96,Success,1.25
T004694,2025-03-29,C0316,B008,UPI,Web,707.95,Success,0.0
T004695,2025-11-02,C0079,B007,IMPS,ATM,828.16,Success,0.0
T004696,2025-01-20,C0132,B003,UPI,Branch,4380.76,Success,0.0
T004697,2025-07-08,C0395,B004,UPI,ATM,2414.17,Success,0.0
T004698,2025-05-18,C0308,B007,Card,Web,342.03,Success,0.68
T004699,2025-05-19,C0378,B008,IMPS,Web,648.52,Success,1.3
T004700,2025-06-29,C0245,B004,Card,POS,2152.83,Success,0.0
T004701,2025-10-04,C0125,B005,Card,Mobile,1479.36,Success,2.96
T004702,2025-04-07,C0375,B004,UPI,ATM,2562.8,Success,0.0
T004703,2025-12-28,C0301,B008,Card,Branch,923.85,Success,0.0
T004704,2025-08-04,C0298,B006,UPI,Web,1239.06,Success,0.0
T004705,2025-04-06,C0168,B007,UPI,ATM,253.4,Success,0.25
T004706,2025-07-17,C0067,B001,Card,Mobile,3923.51,Success,0.0
T004707,2025-10-09,C0463,B003,Branch Transfer,ATM,1290.97,Success,2.58
T004708,2025-08-27,C0163,B004,Branch Transfer,ATM,777.22,Success,1.55
T004709,2025-10-11,C0015,B004,UPI,ATM,421.94,Success,0.0
T004710,2025-08-02,C0081,B005,Branch Transfer,Web,1024.93,Success,1.02
T004711,2025-04-04,C0186,B003,UPI,Branch,708.23,Success,1.42
T004712,2025-02-20,C0246,B002,UPI,POS,835.88,Success,0.0
T004713,2025-04-09,C0086,B008,Card,POS,1252.23,Success,0.0
T004714,2025-07-08,C0023,B001,Card,POS,1475.21,Success,1.48
T004715,2025-11-13,C0477,B003,ATM,Branch,1399.44,Success,0.0
T004716,2025-06-11,C0063,B006,Card,POS,7296.85,Success,14.59
T004717,2025-03-01,C0414,B008,Card,Web,578.45,Success,0.0
T004718,2025-12-26,C0150,B005,ATM,Branch,890.71,Success,0.89
T004719,2025-02-08,C0112,B002,Branch Transfer,ATM,5665.24,Success,5.67
T004720,2025-10-21,C0048,B005,ATM,ATM,346.57,Success,0.0
T004721,2025-01-28,C0336,B006,Card,Mobile,1181.27,Success,0.0
T004722,2025-02-16,C0333,B004,Branch Transfer,Mobile,251.84,Success,0.25
T004723,2025-11-29,C0106,B007,ATM,Web,195.8,Success,0.39
T004724,2025-02-16,C0439,B008,NEFT,Mobile,1850.51,Success,0.0
T004725,2025-05-06,C0481,B008,Branch Transfer,Branch,1362.74,Failed,0.0
T004726,2025-01-07,C0133,B005,UPI,ATM,2117.24,Success,0.0
T004727,2025-03-08,C0439,B008,IMPS,Web,5520.41,Success,11.04
T004728,2025-05-29,C0437,B008,UPI,ATM,1226.69,Success,0.0
T004729,2025-12-05,C0492,B008,IMPS,Web,950.56,Success,0.95
T004730,2025-09-28,C0141,B004,UPI,Mobile,15466.07,Success,0.0
T004731,2025-02-10,C0408,B002,Card,ATM,1528.56,Success,3.06
T004732,2025-11-18,C0051,B002,IMPS,Branch,1910.81,Success,1.91
T004733,2025-03-17,C0164,B002,UPI,Web,2723.77,Success,0.0
T004734,2025-08-10,C0051,B002,IMPS,ATM,221.66,Success,0.0
T004735,2025-05-28,C0331,B003,UPI,Mobile,2245.13,Failed,0.0
T004736,2025-04-25,C0477,B003,NEFT,Mobile,792.3,Success,0.0
T004737,2025-12-17,C0388,B004,UPI,POS,1457.49,Success,1.46
T004738,2025-10-23,C0220,B002,ATM,POS,3235.78,Success,0.0
T004739,2025-09-27,C0410,B005,UPI,ATM,3341.16,Failed,0.0
T004740,2025-06-06,C0251,B003,ATM,Branch,806.05,Success,1.61
T004741,2025-08-10,C0128,B004,IMPS,Web,1419.42,Success,0.0
T004742,2025-07-05,C0429,B004,ATM,Mobile,8188.67,Success,0.0
T004743,2025-10-16,C0408,B002,UPI,Branch,555.23,Success,1.11
T004744,2025-11-26,C0138,B002,UPI,Mobile,1897.12,Success,0.0
T004745,2025-06-29,C0307,B008,Card,Web,1887.51,Success,1.89
T004746,2025-07-23,C0200,B005,Card,Web,1184.43,Success,2.37
T004747,2025-02-09,C0148,B004,Card,Mobile,1911.14,Success,0.0
T004748,2025-12-20,C0416,B001,IMPS,Web,10845.13,Success,10.85
T004749,2025-09-07,C0379,B003,Card,Mobile,8352.65,Success,16.71
T004750,2025-09-15,C0202,B002,IMPS,Web,1257.71,Success,2.52
T004751,2025-03-24,C0399,B004,UPI,POS,1016.79,Success,0.0
T004752,2025-06-26,C0436,B004,Branch Transfer,Mobile,526.43,Success,0.0
T004753,2025-05-23,C0098,B002,IMPS,ATM,1452.74,Success,0.0
T004754,2025-09-09,C0334,B005,UPI,ATM,1446.88,Success,0.0
T004755,2025-03-19,C0370,B005,UPI,POS,7009.05,Success,0.0
T004756,2025-02-03,C0234,B005,NEFT,POS,1869.12,Success,0.0
T004757,2025-12-06,C0070,B003,Branch Transfer,POS,2838.16,Success,0.0
T004758,2025-07-03,C0187,B007,NEFT,Web,3665.14,Success,7.33
T004759,2025-06-01,C0203,B002,NEFT,Web,741.73,Success,0.74
T004760,2025-09-24,C0114,B002,IMPS,Web,2505.67,Success,0.0
T004761,2025-02-23,C0165,B003,UPI,Web,1960.99,Success,0.0
T004762,2025-12-13,C0191,B006,UPI,ATM,4282.78,Success,8.57
T004763,2025-02-23,C0365,B003,UPI,Mobile,150.67,Success,0.0
T004764,2025-09-05,C0286,B007,IMPS,Mobile,1571.84,Success,1.57
T004765,2025-10-22,C0482,B008,UPI,POS,3550.27,Success,0.0
T004766,2025-06-30,C0500,B003,Card,Mobile,1193.35,Success,0.0
T004767,2025-02-27,C0116,B004,Card,POS,8236.79,Success,0.0
T004768,2025-11-13,C0004,B007,Branch Transfer,Web,1993.51,Success,3.99
T004769,2025-08-18,C0039,B007,ATM,POS,449.6,Success,0.0
T004770,2025-04-12,C0002,B002,Card,POS,499.34,Success,0.0
T004771,2025-02-19,C0064,B008,UPI,ATM,825.27,Success,0.0
T004772,2025-01-16,C0158,B007,Card,ATM,431.11,Success,0.0
T004773,2025-11-29,C0165,B003,Branch Transfer,Mobile,1846.05,Success,3.69
T004774,2025-03-05,C0342,B006,IMPS,Mobile,304.59,Success,0.0
T004775,2025-03-11,C0413,B004,IMPS,Web,1665.76,Success,3.33
T004776,2025-06-24,C0493,B008,Card,Branch,2487.96,Success,0.0
T004777,2025-05-31,C0395,B004,UPI,Branch,251.3,Success,0.0
T004778,2025-08-02,C0211,B003,NEFT,Web,1434.0,Success,1.43
T004779,2025-04-30,C0392,B001,UPI,POS,5103.62,Failed,0.0
T004780,2025-06-22,C0171,B004,IMPS,Web,837.01,Success,0.0
T004781,2025-09-10,C0250,B007,NEFT,Mobile,6594.11,Success,0.0
T004782,2025-02-19,C0213,B005,ATM,ATM,4653.73,Success,0.0
T004783,2025-03-08,C0265,B001,UPI,ATM,701.75,Failed,0.0
T004784,2025-06-02,C0066,B006,Card,Mobile,695.0,Success,0.0
T004785,2025-08-06,C0394,B005,Branch Transfer,Web,5720.6,Success,0.0
T004786,2025-08-14,C0197,B002,NEFT,POS,1337.59,Success,0.0
T004787,2025-09-02,C0177,B006,Card,ATM,2986.1,Success,0.0
T004788,2025-10-03,C0006,B002,UPI,Branch,3664.24,Failed,0.0
T004789,2025-05-15,C0277,B003,UPI,Mobile,151.11,Success,0.3
T004790,2025-08-17,C0423,B005,UPI,ATM,1057.04,Failed,0.0
T004791,2025-02-13,C0463,B003,Branch Transfer,Mobile,2418.24,Success,0.0
T004792,2025-03-31,C0289,B003,UPI,POS,4498.05,Success,9.0
T004793,2025-05-05,C0348,B007,UPI,Mobile,736.58,Success,0.74
T004794,2025-02-06,C0293,B001,ATM,POS,2886.17,Success,0.0
T004795,2025-01-03,C0132,B003,Branch Transfer,ATM,481.89,Success,0.0
T004796,2025-08-25,C0320,B008,Card,Branch,3014.18,Failed,0.0
T004797,2025-03-29,C0180,B002,Card,Branch,1852.14,Success,1.85
T004798,2025-06-11,C0069,B003,Card,Mobile,1757.46,Success,0.0
T004799,2025-02-27,C0260,B005,UPI,POS,1162.53,Success,0.0
T004800,2025-03-02,C0346,B006,Card,Mobile,1098.25,Success,0.0
T004801,2025-02-06,C0225,B008,IMPS,Branch,476.3,Success,0.48
T004802,2025-12-05,C0439,B008,Card,Web,144.71,Success,0.0
T004803,2025-03-22,C0398,B006,IMPS,ATM,446.38,Success,0.0
T004804,2025-07-12,C0158,B007,UPI,Branch,1833.33,Success,3.67
T004805,2025-07-07,C0145,B003,IMPS,ATM,2770.79,Success,0.0
T004806,2025-12-07,C0044,B002,Card,ATM,2912.73,Success,0.0
T004807,2025-12-16,C0483,B003,NEFT,ATM,2608.62,Success,2.61
T004808,2025-02-17,C0295,B007,IMPS,POS,131.26,Failed,0.0
T004809,2025-01-11,C0157,B003,ATM,ATM,1781.01,Success,3.56
T004810,2025-07-27,C0460,B004,UPI,Branch,2097.32,Success,4.19
T004811,2025-01-10,C0287,B006,NEFT,Branch,1403.73,Success,1.4
T004812,2025-05-11,C0412,B004,ATM,Web,1387.48,Success,0.0
T004813,2025-03-17,C0141,B004,Card,Web,3115.77,Success,3.12
T004814,2025-10-03,C0434,B006,Card,Branch,822.69,Success,0.82
T004815,2025-01-30,C0386,B002,NEFT,Web,640.37,Success,0.0
T004816,2025-10-23,C0176,B005,NEFT,Branch,1835.64,Success,3.67
T004817,2025-01-08,C0433,B008,Card,Mobile,543.01,Success,1.09
T004818,2025-11-18,C0014,B004,Card,Branch,3955.74,Success,7.91
T004819,2025-01-24,C0249,B008,NEFT,ATM,1373.99,Success,0.0
T004820,2025-07-01,C0018,B008,ATM,ATM,4516.39,Success,0.0
T004821,2025-01-10,C0488,B002,NEFT,POS,826.32,Success,1.65
T004822,2025-10-03,C0450,B008,UPI,Branch,2744.22,Success,0.0
T004823,2025-05-17,C0133,B005,Branch Transfer,Branch,1689.61,Success,1.69
T004824,2025-12-11,C0483,B003,Card,Mobile,758.4,Success,0.0
T004825,2025-06-20,C0363,B007,UPI,Branch,1754.77,Success,0.0
T004826,2025-08-29,C0083,B007,Branch Transfer,Branch,1328.11,Success,0.0
T004827,2025-10-20,C0200,B005,UPI,POS,1523.91,Success,3.05
T004828,2025-03-22,C0140,B002,IMPS,Branch,2284.71,Success,0.0
T004829,2025-08-05,C0474,B003,ATM,Branch,2051.03,Success,2.05
T004830,2025-06-06,C0349,B006,UPI,Web,3922.02,Failed,0.0
T004831,2025-07-04,C0355,B006,UPI,Branch,1218.29,Success,1.22
T004832,2025-08-28,C0446,B004,NEFT,POS,828.98,Success,0.0
T004833,2025-10-28,C0034,B004,UPI,Branch,285.03,Success,0.0
T004834,2025-03-30,C0412,B004,UPI,POS,1203.37,Success,1.2
T004835,2025-09-03,C0032,B007,NEFT,POS,569.49,Success,0.0
T004836,2025-03-14,C0010,B004,UPI,POS,2873.55,Success,2.87
T004837,2025-03-31,C0441,B004,IMPS,Branch,872.8,Success,0.0
T004838,2025-10-23,C0345,B007,NEFT,POS,9025.14,Success,0.0
T004839,2025-06-03,C0434,B006,Card,POS,862.21,Failed,0.0
T004840,2025-10-11,C0080,B002,Card,POS,1787.54,Success,0.0
T004841,2025-02-19,C0179,B005,Branch Transfer,POS,1940.73,Success,0.0
T004842,2025-01-31,C0417,B006,Branch Transfer,POS,1971.36,Success,1.97
T004843,2025-03-20,C0130,B006,UPI,Branch,4364.5,Success,0.0
T004844,2025-12-13,C0183,B003,IMPS,Web,1592.84,Success,1.59
T004845,2025-11-18,C0157,B003,Card,Branch,135.1,Success,0.14
T004846,2025-03-11,C0405,B006,NEFT,Branch,394.79,Success,0.0
T004847,2025-07-03,C0082,B005,UPI,POS,3657.81,Success,3.66
T004848,2025-03-16,C0311,B008,UPI,Web,7340.8,Success,14.68
T004849,2025-08-27,C0354,B002,UPI,POS,3561.22,Success,7.12
T004850,2025-05-18,C0292,B008,ATM,Branch,1604.94,Success,1.6
T004851,2025-09-12,C0132,B003,IMPS,Branch,879.17,Success,0.0
T004852,2025-12-27,C0195,B006,ATM,ATM,4962.9,Success,4.96
T004853,2025-05-25,C0094,B007,UPI,Web,989.04,Success,0.0
T004854,2025-05-27,C0010,B004,UPI,ATM,1371.87,Success,2.74
T004855,2025-12-19,C0128,B004,UPI,POS,1167.95,Success,0.0
T004856,2025-04-24,C0203,B002,ATM,Mobile,1054.41,Success,0.0
T004857,2025-02-10,C0339,B008,UPI,Branch,556.09,Success,0.56
T004858,2025-04-26,C0432,B006,Branch Transfer,Mobile,603.71,Success,0.0
T004859,2025-12-21,C0341,B008,Card,ATM,1680.85,Failed,0.0
T004860,2025-01-15,C0213,B005,ATM,Mobile,1354.76,Success,0.0
T004861,2025-05-29,C0339,B008,Card,POS,1261.05,Success,2.52
T004862,2025-03-22,C0437,B008,Branch Transfer,Mobile,175.39,Success,0.0
T004863,2025-02-09,C0213,B005,UPI,Branch,1119.91,Success,1.12
T004864,2025-03-29,C0028,B008,Branch Transfer,Web,1042.7,Failed,0.0
T004865,2025-10-05,C0175,B001,IMPS,Mobile,1095.27,Success,0.0
T004866,2025-02-27,C0363,B007,Card,Branch,1866.03,Failed,0.0
T004867,2025-11-04,C0208,B002,IMPS,Branch,8307.22,Success,8.31
T004868,2025-08-12,C0311,B008,Card,Branch,3299.87,Success,0.0
T004869,2025-06-12,C0077,B007,Card,Branch,591.36,Success,0.0
T004870,2025-05-15,C0303,B001,NEFT,ATM,2601.4,Success,2.6
T004871,2025-05-13,C0437,B008,ATM,Mobile,2409.53,Success,0.0
T004872,2025-10-15,C0154,B001,Card,Mobile,3302.38,Success,6.6
T004873,2025-02-08,C0485,B006,Card,Mobile,12586.2,Success,12.59
T004874,2025-03-29,C0286,B007,Card,Mobile,2864.35,Failed,0.0
T004875,2025-05-19,C0135,B001,IMPS,Web,544.61,Failed,0.0
T004876,2025-05-14,C0320,B008,IMPS,POS,3438.29,Success,6.88
T004877,2025-12-25,C0032,B007,UPI,POS,461.39,Success,0.46
T004878,2025-08-01,C0337,B005,Branch Transfer,Branch,4500.86,Success,9.0
T004879,2025-05-31,C0023,B001,UPI,Branch,2040.4,Success,0.0
T004880,2025-07-15,C0500,B003,NEFT,Branch,275.47,Success,0.0
T004881,2025-10-23,C0185,B005,Card,Branch,2165.42,Success,2.17
T004882,2025-02-23,C0211,B003,NEFT,ATM,1027.22,Success,0.0
T004883,2025-01-15,C0020,B003,IMPS,ATM,1304.97,Success,1.3
T004884,2025-02-26,C0388,B004,IMPS,POS,1577.59,Success,1.58
T004885,2025-04-02,C0129,B006,Card,Branch,5300.23,Success,10.6
T004886,2025-09-05,C0472,B005,Card,POS,379.14,Success,0.0
T004887,2025-03-23,C0372,B005,IMPS,ATM,147.37,Success,0.0
T004888,2025-01-06,C0106,B007,Branch Transfer,Web,1782.28,Success,1.78
T004889,2025-07-06,C0382,B003,NEFT,Branch,1594.23,Failed,0.0
T004890,2025-05-24,C0467,B002,IMPS,Mobile,297.2,Success,0.0
T004891,2025-10-31,C0177,B006,Card,POS,846.55,Success,0.85
T004892,2025-10-01,C0377,B004,Branch Transfer,ATM,1594.82,Success,0.0
T004893,2025-07-27,C0387,B003,IMPS,POS,566.11,Success,0.0
T004894,2025-01-20,C0277,B003,UPI,Web,1414.14,Success,1.41
T004895,2025-01-25,C0368,B008,IMPS,ATM,1176.1,Success,0.0
T004896,2025-06-30,C0317,B003,ATM,Mobile,2015.82,Success,2.02
T004897,2025-12-28,C0224,B004,Card,POS,5963.32,Success,0.0
T004898,2025-07-23,C0441,B004,Branch Transfer,Web,2944.36,Failed,0.0
T004899,2025-07-04,C0400,B008,UPI,Mobile,5299.47,Success,0.0
T004900,2025-03-17,C0317,B003,UPI,Branch,4021.59,Success,0.0
T004901,2025-05-18,C0315,B006,UPI,POS,876.94,Success,0.0
T004902,2025-02-19,C0255,B004,ATM,Mobile,1598.49,Success,0.0
T004903,2025-11-24,C0027,B003,UPI,POS,980.45,Success,0.0
T004904,2025-01-14,C0119,B008,IMPS,Branch,983.9,Success,0.0
T004905,2025-12-29,C0001,B005,Card,Branch,1471.09,Success,0.0
T004906,2025-11-16,C0191,B006,IMPS,ATM,739.65,Success,0.0
T004907,2025-10-11,C0383,B005,ATM,POS,353.75,Success,0.71
T004908,2025-03-23,C0013,B002,ATM,Mobile,1208.99,Failed,0.0
T004909,2025-01-25,C0352,B001,UPI,POS,1873.91,Success,3.75
T004910,2025-06-17,C0475,B007,Branch Transfer,Mobile,838.39,Success,1.68
T004911,2025-05-25,C0278,B001,UPI,ATM,866.8,Success,1.73
T004912,2025-01-02,C0402,B003,Card,POS,1049.75,Success,0.0
T004913,2025-02-07,C0185,B005,UPI,ATM,1168.36,Success,0.0
T004914,2025-02-11,C0240,B002,UPI,Mobile,1190.19,Success,0.0
T004915,2025-07-05,C0369,B005,UPI,POS,21545.84,Success,0.0
T004916,2025-07-03,C0013,B002,IMPS,Branch,2736.65,Success,0.0
T004917,2025-11-20,C0133,B005,Branch Transfer,Web,1070.6,Success,0.0
T004918,2025-03-20,C0411,B004,Card,POS,2212.32,Success,4.42
T004919,2025-10-26,C0458,B007,UPI,POS,614.64,Success,0.0
T004920,2025-03-19,C0480,B003,NEFT,ATM,740.03,Success,0.0
T004921,2025-04-12,C0212,B004,Card,Web,239.93,Success,0.24
T004922,2025-06-02,C0313,B007,NEFT,Mobile,597.88,Failed,0.0
T004923,2025-04-24,C0291,B004,ATM,Web,1134.29,Success,0.0
T004924,2025-08-07,C0496,B007,UPI,POS,2126.25,Success,0.0
T004925,2025-05-24,C0500,B003,Card,POS,838.62,Success,1.68
T004926,2025-02-25,C0164,B002,Branch Transfer,POS,1135.69,Success,0.0
T004927,2025-11-13,C0230,B001,Card,Web,1392.18,Success,0.0
T004928,2025-01-05,C0102,B005,UPI,POS,2905.39,Success,5.81
T004929,2025-05-03,C0324,B003,UPI,POS,1669.99,Success,0.0
T004930,2025-12-04,C0372,B005,UPI,Branch,2785.81,Success,2.79
T004931,2025-09-21,C0220,B002,UPI,Web,305.88,Success,0.0
T004932,2025-06-11,C0238,B006,Card,POS,1507.8,Success,1.51
T004933,2025-07-02,C0015,B004,UPI,Web,269.49,Success,0.0
T004934,2025-01-23,C0098,B002,Card,ATM,731.65,Success,0.73
T004935,2025-09-26,C0051,B002,NEFT,Web,1213.35,Success,1.21
T004936,2025-08-24,C0207,B006,Card,Branch,1947.14,Success,3.89
T004937,2025-01-08,C0006,B002,Card,Mobile,4432.1,Success,8.86
T004938,2025-03-23,C0449,B001,Card,ATM,737.14,Success,0.74
T004939,2025-01-12,C0258,B008,Card,ATM,6438.09,Success,0.0
T004940,2025-12-07,C0052,B001,NEFT,POS,1306.14,Success,0.0
T004941,2025-05-16,C0109,B008,Card,POS,1591.11,Success,0.0
T004942,2025-12-21,C0194,B006,Card,Web,2365.57,Success,0.0
T004943,2025-12-10,C0036,B001,Branch Transfer,ATM,2585.24,Success,2.59
T004944,2025-06-13,C0029,B001,Branch Transfer,Web,2276.12,Success,0.0
T004945,2025-01-13,C0328,B007,Card,Web,2770.35,Success,0.0
T004946,2025-02-24,C0225,B008,UPI,Mobile,1553.55,Failed,0.0
T004947,2025-06-13,C0171,B004,Card,Web,2215.64,Success,0.0
T004948,2025-03-03,C0499,B004,ATM,POS,2374.48,Success,2.37
T004949,2025-05-22,C0309,B006,Branch Transfer,Web,871.87,Success,1.74
T004950,2025-04-26,C0231,B004,IMPS,ATM,2076.32,Success,4.15
T004951,2025-01-08,C0423,B005,Branch Transfer,Mobile,1286.18,Success,0.0
T004952,2025-02-28,C0392,B001,UPI,POS,1277.55,Success,0.0
T004953,2025-12-24,C0315,B006,Card,ATM,8662.49,Success,0.0
T004954,2025-06-25,C0463,B003,NEFT,Branch,930.8,Success,0.93
T004955,2025-03-31,C0233,B004,NEFT,Branch,1688.66,Success,0.0
T004956,2025-11-12,C0242,B006,UPI,Mobile,1316.98,Success,0.0
T004957,2025-09-22,C0117,B002,UPI,POS,1993.52,Success,0.0
T004958,2025-04-14,C0070,B003,ATM,ATM,3054.1,Success,0.0
T004959,2025-05-10,C0332,B004,Card,Mobile,1484.66,Success,1.48
T004960,2025-04-27,C0031,B008,Card,ATM,1098.73,Success,2.2
T004961,2025-09-09,C0103,B005,NEFT,Branch,523.59,Success,0.0
T004962,2025-09-04,C0075,B007,UPI,Web,769.71,Success,0.0
T004963,2025-08-08,C0421,B007,Card,Branch,809.18,Success,1.62
T004964,2025-05-26,C0039,B007,NEFT,ATM,487.33,Success,0.97
T004965,2025-06-23,C0159,B005,Branch Transfer,POS,4001.0,Success,4.0
T004966,2025-05-18,C0446,B004,ATM,Mobile,1447.79,Success,0.0
T004967,2025-11-28,C0467,B002,UPI,POS,2790.67,Success,5.58
T004968,2025-08-23,C0260,B005,NEFT,ATM,2659.09,Success,2.66
T004969,2025-07-24,C0421,B007,Card,Mobile,293.87,Success,0.0
T004970,2025-09-11,C0417,B006,UPI,Mobile,2181.8,Success,0.0
T004971,2025-01-12,C0487,B007,Card,Branch,809.42,Success,0.0
T004972,2025-03-13,C0174,B006,Branch Transfer,Branch,488.99,Success,0.49
T004973,2025-05-15,C0345,B007,UPI,POS,1552.94,Success,0.0
T004974,2025-09-13,C0276,B001,UPI,POS,8197.03,Success,0.0
T004975,2025-04-06,C0478,B008,UPI,POS,4786.92,Success,0.0
T004976,2025-03-26,C0378,B008,IMPS,Web,77.69,Success,0.0
T004977,2025-03-10,C0322,B008,NEFT,Web,1437.95,Success,0.0
T004978,2025-03-16,C0117,B002,Card,ATM,533.44,Success,0.53
T004979,2025-12-29,C0450,B008,UPI,Branch,3995.4,Success,7.99
T004980,2025-09-19,C0077,B007,UPI,Branch,2497.5,Success,2.5
T004981,2025-12-04,C0322,B008,ATM,POS,1287.24,Failed,0.0
T004982,2025-03-26,C0261,B002,Card,Web,736.95,Success,0.0
T004983,2025-03-06,C0258,B008,Card,Web,1913.19,Success,0.0
T004984,2025-09-22,C0146,B008,Card,ATM,1309.97,Success,2.62
T004985,2025-05-16,C0118,B007,NEFT,Web,980.18,Failed,0.0
T004986,2025-04-25,C0395,B004,UPI,Mobile,3992.09,Success,3.99
T004987,2025-01-11,C0264,B004,Card,ATM,1961.18,Success,3.92
T004988,2025-11-29,C0313,B007,UPI,ATM,851.59,Success,0.0
T004989,2025-01-11,C0318,B005,IMPS,POS,294.73,Success,0.0
T004990,2025-02-07,C0084,B001,NEFT,Mobile,2744.25,Success,0.0
T004991,2025-12-04,C0498,B004,Card,POS,972.34,Success,1.94
T004992,2025-04-22,C0299,B002,IMPS,Mobile,2270.05,Success,0.0
T004993,2025-01-13,C0228,B006,NEFT,ATM,1150.06,Success,0.0
T004994,2025-12-03,C0366,B008,ATM,Web,3332.6,Success,3.33
T004995,2025-09-11,C0002,B002,NEFT,Web,292.51,Failed,0.0
T004996,2025-11-06,C0226,B006,Branch Transfer,POS,1470.95,Success,0.0
T004997,2025-11-15,C0302,B008,Card,ATM,3783.55,Success,7.57
T004998,2025-05-22,C0186,B003,UPI,Branch,1636.51,Success,0.0
T004999,2025-10-19,C0499,B004,UPI,POS,274.57,Success,0.55
T005000,2025-03-26,C0161,B008,Card,Mobile,120.6,Success,0.12
